period_month,org_code,region,org_name,att_type1,att_all,over4hr_type1,over4hr_all,waited_4_12hr_dta,waited_12hr_dta,perf_all,perf_type1
2024-04-01,8J094,NHS ENGLAND MIDLANDS,BADGER LTD,0,0,0,0,0,0,,
2024-04-01,AAH,NHS ENGLAND SOUTH WEST,TETBURY HOSPITAL TRUST LTD,0,546,0,0,0,0,1.0,
2024-04-01,ACH01,NHS ENGLAND SOUTH EAST,WHITSTABLE MEDICAL PRACTICE,0,4419,0,0,0,0,1.0,
2024-04-01,AD913,NHS ENGLAND LONDON,BECKENHAM BEACON UCC,0,3694,0,17,0,0,0.9953979426096372,
2024-04-01,AJN,NHS ENGLAND NORTH EAST AND YORKSHIRE,WORKINGTON HEALTH LIMITED,0,344,0,0,0,0,1.0,
2024-04-01,AQN04,NHS ENGLAND SOUTH EAST,PHL LYMINGTON UTC,0,2897,0,8,0,0,0.9972385226095961,
2024-04-01,ARN03,NHS ENGLAND NORTH EAST AND YORKSHIRE,LOCAL CARE DIRECT,0,2189,0,0,0,0,1.0,
2024-04-01,AXG,NHS ENGLAND SOUTH WEST,WILTSHIRE HEALTH & CARE,0,2355,0,24,0,0,0.9898089171974522,
2024-04-01,C82009,NHS ENGLAND MIDLANDS,MARKET HARBOROUGH MED.CTR,0,296,0,0,0,0,1.0,
2024-04-01,C82038,NHS ENGLAND MIDLANDS,LATHAM HOUSE MEDICAL PRACTICE,0,274,0,0,0,0,1.0,
2024-04-01,C83023,NHS ENGLAND MIDLANDS,SLEAFORD MEDICAL GROUP,0,773,0,0,0,0,1.0,
2024-04-01,DT301,NHS ENGLAND EAST OF ENGLAND,HERTS URGENT CARE (ASCOTS LANE),0,2273,0,17,0,0,0.9925208974923009,
2024-04-01,G0Q0L,NHS ENGLAND LONDON,BARKING HOSPITAL UTC,0,2758,0,34,0,0,0.9876722262509064,
2024-04-01,K6K0R,NHS ENGLAND LONDON,HAROLD WOOD POLYCLINIC UTC,0,2858,0,37,0,0,0.9870538838348496,
2024-04-01,L83087,NHS ENGLAND SOUTH WEST,OKEHAMPTON MEDICAL CENTRE,0,65,0,0,0,0,1.0,
2024-04-01,NDJ,NHS ENGLAND SOUTH EAST,FIRST COMMUNITY HEALTH AND CARE CIC,0,2183,0,0,0,0,1.0,
2024-04-01,NL7,NHS ENGLAND MIDLANDS,ASSURA VERTIS URGENT CARE CENTRES (BIRMINGHAM),0,4045,0,0,0,0,1.0,
2024-04-01,NLX,NHS ENGLAND SOUTH WEST,SIRONA CARE & HEALTH,0,8116,0,498,0,0,0.9386397240019714,
2024-04-01,NNF09,NHS ENGLAND NORTH EAST AND YORKSHIRE,BRANSHOLME HEALTH CENTRE,0,3849,0,908,0,0,0.7640945700181865,
2024-04-01,NNF94,NHS ENGLAND NORTH EAST AND YORKSHIRE,EAST RIDING COMMUNITY HOSPITAL,0,2787,0,315,0,0,0.8869752421959096,
2024-04-01,NNFA7,NHS ENGLAND NORTH EAST AND YORKSHIRE,GOOLE & DISTRICT HOSPITAL,0,1577,0,13,0,0,0.9917564996829423,
2024-04-01,NNJ,NHS ENGLAND MIDLANDS,DHU HEALTH CARE C.I.C,0,2054,0,2,0,0,0.9990262901655307,
2024-04-01,NNJ07,NHS ENGLAND MIDLANDS,LOUGHBOROUGH URGENT CARE CENTRE,0,6079,0,19,0,0,0.9968744859351867,
2024-04-01,NNJ0H,NHS ENGLAND MIDLANDS,LLR EA - THE MERLYN VAZ HEALTH & SOCIAL CARE CENTRE,0,208,0,0,0,0,1.0,
2024-04-01,NNJ12,NHS ENGLAND MIDLANDS,MARKET HARBOROUGH,0,101,0,0,0,0,1.0,
2024-04-01,NNJ13,NHS ENGLAND MIDLANDS,MELTON MOWBRAY,0,71,0,1,0,0,0.9859154929577465,
2024-04-01,NNJ14,NHS ENGLAND MIDLANDS,OADBY,0,353,0,0,0,0,1.0,
2024-04-01,NNJ15,NHS ENGLAND MIDLANDS,OAKHAM,0,75,0,0,0,0,1.0,
2024-04-01,NQT51,NHS ENGLAND SOUTH EAST,STATION PLAZA HEALTH CENTRE,0,1625,0,0,0,0,1.0,
2024-04-01,NQT5F,NHS ENGLAND NORTH WEST,SKELMERSDALE WALK IN CENTRE,0,1871,0,5,0,0,0.997327632282202,
2024-04-01,NQT5H,NHS ENGLAND SOUTH WEST,PAULTON MEMORIAL HOSPITAL,0,925,0,8,0,0,0.9913513513513513,
2024-04-01,NQTE4,NHS ENGLAND MIDLANDS,SUMMERFIELD URGENT CARE CENTRE,0,3251,0,0,0,0,1.0,
2024-04-01,NR3,NHS ENGLAND MIDLANDS,NOTTINGHAM CITYCARE PARTNERSHIP,0,5160,0,124,0,0,0.975968992248062,
2024-04-01,NTP11,NHS ENGLAND SOUTH EAST,PRACTICE PLUS GROUP HOSPITAL - SOUTHAMPTON,0,5442,0,353,0,0,0.9351341418596104,
2024-04-01,NTPAD,NHS ENGLAND SOUTH EAST,PRACTICE PLUS GROUP SURGICAL CENTRE - ST MARYS PORTSMOUTH,0,5566,0,238,0,0,0.9572403880704276,
2024-04-01,NTV0B,NHS ENGLAND SOUTH EAST,ASHFORD WALK-IN-CENTRE,0,2476,0,51,0,0,0.9794022617124394,
2024-04-01,NTV0W,NHS ENGLAND SOUTH EAST,WOKING WALK IN CENTRE,0,2482,0,89,0,0,0.9641418211120064,
2024-04-01,NV693,NHS ENGLAND NORTH WEST,ROSSENDALE MIU & OOH,0,1019,0,1,0,0,0.9990186457311089,
2024-04-01,R0A,NHS ENGLAND NORTH WEST,MANCHESTER UNIVERSITY NHS FOUNDATION TRUST,23565,38288,11068,11898,3573,623,0.6892498955286251,0.5303203904095056
2024-04-01,R0B,NHS ENGLAND NORTH EAST AND YORKSHIRE,SOUTH TYNESIDE AND SUNDERLAND NHS FOUNDATION TRUST,11076,18299,5043,5189,695,3,0.716432591944915,0.544691224268689
2024-04-01,R0D,NHS ENGLAND SOUTH WEST,UNIVERSITY HOSPITALS DORSET NHS FOUNDATION TRUST,12739,17557,5255,5255,863,131,0.7006891838013328,0.5874872438966952
2024-04-01,R1D,NHS ENGLAND MIDLANDS,SHROPSHIRE COMMUNITY HEALTH NHS TRUST,0,3359,0,4,0,0,0.9988091693956535,
2024-04-01,R1F,NHS ENGLAND SOUTH EAST,ISLE OF WIGHT NHS TRUST,4088,6094,1779,1780,185,50,0.7079094191007549,0.5648238747553815
2024-04-01,R1H,NHS ENGLAND LONDON,BARTS HEALTH NHS TRUST,23379,41185,11368,14233,880,1225,0.6544130144470074,0.5137516574703793
2024-04-01,R1K,NHS ENGLAND LONDON,LONDON NORTH WEST UNIVERSITY HEALTHCARE NHS TRUST,12755,27452,6154,6335,673,686,0.7692335713244937,0.5175225401803214
2024-04-01,RA2,NHS ENGLAND SOUTH EAST,ROYAL SURREY COUNTY HOSPITAL NHS FOUNDATION TRUST,6572,7899,2006,2006,333,1,0.7460438030130396,0.694765672550213
2024-04-01,RA7,NHS ENGLAND SOUTH WEST,UNIVERSITY HOSPITALS BRISTOL AND WESTON NHS FOUNDATION TRUST,15115,17422,5366,5481,1201,350,0.6853977729307772,0.6449884220972544
2024-04-01,RA9,NHS ENGLAND SOUTH WEST,TORBAY AND SOUTH DEVON NHS FOUNDATION TRUST,6247,9480,3037,3049,315,86,0.6783755274261604,0.5138466463902673
2024-04-01,RAE,NHS ENGLAND NORTH EAST AND YORKSHIRE,BRADFORD TEACHING HOSPITALS NHS FOUNDATION TRUST,9299,13058,2164,2164,623,94,0.8342778373410936,0.7672868050327992
2024-04-01,RAJ,NHS ENGLAND EAST OF ENGLAND,MID AND SOUTH ESSEX NHS FOUNDATION TRUST,28759,34741,7935,8092,2656,5,0.7670763651017529,0.7240863729615077
2024-04-01,RAL,NHS ENGLAND LONDON,ROYAL FREE LONDON NHS FOUNDATION TRUST,18315,26380,7442,7592,986,905,0.7122062168309325,0.5936663936663937
2024-04-01,RAN,NHS ENGLAND LONDON,ROYAL NATIONAL ORTHOPAEDIC HOSPITAL NHS TRUST,0,0,0,0,0,0,,
2024-04-01,RAP,NHS ENGLAND LONDON,NORTH MIDDLESEX UNIVERSITY HOSPITAL NHS TRUST,7727,15744,4606,5518,199,834,0.6495172764227642,0.4039083732367025
2024-04-01,RAS,NHS ENGLAND LONDON,THE HILLINGDON HOSPITALS NHS FOUNDATION TRUST,5629,12370,2550,2591,302,16,0.7905416329830235,0.5469888079587848
2024-04-01,RAX,NHS ENGLAND LONDON,KINGSTON HOSPITAL NHS FOUNDATION TRUST,6887,14944,3304,3521,202,462,0.7643870449678801,0.52025555394221
2024-04-01,RBD,NHS ENGLAND SOUTH WEST,DORSET COUNTY HOSPITAL NHS FOUNDATION TRUST,4182,4182,1461,1461,170,24,0.6506456241032998,0.6506456241032998
2024-04-01,RBK,NHS ENGLAND MIDLANDS,WALSALL HEALTHCARE NHS TRUST,8277,12142,2857,2993,852,79,0.7535002470762642,0.6548266280053159
2024-04-01,RBL,NHS ENGLAND NORTH WEST,WIRRAL UNIVERSITY TEACHING HOSPITAL NHS FOUNDATION TRUST,7595,10234,3922,3969,723,362,0.6121751025991793,0.4836076366030283
2024-04-01,RBN,NHS ENGLAND NORTH WEST,MERSEY AND WEST LANCASHIRE TEACHING HOSPITALS NHS TRUST,16959,24474,7393,7562,563,302,0.6910190406145297,0.5640662774927767
2024-04-01,RBQ,NHS ENGLAND NORTH WEST,LIVERPOOL HEART AND CHEST HOSPITAL NHS FOUNDATION TRUST,0,0,0,0,0,0,,
2024-04-01,RBS,NHS ENGLAND NORTH WEST,ALDER HEY CHILDREN'S NHS FOUNDATION TRUST,5628,5628,712,712,0,0,0.8734896943852168,0.8734896943852168
2024-04-01,RBT,NHS ENGLAND NORTH WEST,MID CHESHIRE HOSPITALS NHS FOUNDATION TRUST,6991,9487,3897,3928,764,398,0.585959734373353,0.4425690173079674
2024-04-01,RBV,NHS ENGLAND NORTH WEST,THE CHRISTIE NHS FOUNDATION TRUST,0,0,0,0,0,0,,
2024-04-01,RC9,NHS ENGLAND EAST OF ENGLAND,BEDFORDSHIRE HOSPITALS NHS FOUNDATION TRUST,15343,23238,6075,6075,80,22,0.738574748257165,0.6040539659779705
2024-04-01,RCB,NHS ENGLAND NORTH EAST AND YORKSHIRE,YORK AND SCARBOROUGH TEACHING HOSPITALS NHS FOUNDATION TRUST,11129,19957,6306,6628,903,859,0.6678859548028261,0.43337227064426276
2024-04-01,RCD,NHS ENGLAND NORTH EAST AND YORKSHIRE,HARROGATE AND DISTRICT NHS FOUNDATION TRUST,4751,5586,1543,1544,320,66,0.7235947010383101,0.6752262681540728
2024-04-01,RCF,NHS ENGLAND NORTH EAST AND YORKSHIRE,AIREDALE NHS FOUNDATION TRUST,5567,5844,1916,1916,363,119,0.6721423682409309,0.6558289922759116
2024-04-01,RCU,NHS ENGLAND NORTH EAST AND YORKSHIRE,SHEFFIELD CHILDREN'S NHS FOUNDATION TRUST,4319,4533,516,516,9,0,0.886168100595632,0.8805278999768464
2024-04-01,RCX,NHS ENGLAND EAST OF ENGLAND,"THE QUEEN ELIZABETH HOSPITAL, KING'S LYNN, NHS FOUNDATION TRUST",6228,7410,2119,2119,352,142,0.7140350877192982,0.659762363519589
2024-04-01,RD1,NHS ENGLAND SOUTH WEST,ROYAL UNITED HOSPITALS BATH NHS FOUNDATION TRUST,8258,8258,3304,3304,772,39,0.5999031242431582,0.5999031242431582
2024-04-01,RD8,NHS ENGLAND EAST OF ENGLAND,MILTON KEYNES UNIVERSITY HOSPITAL NHS FOUNDATION TRUST,7780,13381,3264,3423,737,0,0.7441895224572155,0.5804627249357326
2024-04-01,RDE,NHS ENGLAND EAST OF ENGLAND,EAST SUFFOLK AND NORTH ESSEX NHS FOUNDATION TRUST,14264,26713,5880,6052,1051,353,0.7734436416725938,0.5877734155916994
2024-04-01,RDR,NHS ENGLAND SOUTH EAST,SUSSEX COMMUNITY NHS FOUNDATION TRUST,0,12252,0,394,0,0,0.9678419849820438,
2024-04-01,RDU,NHS ENGLAND SOUTH EAST,FRIMLEY HEALTH NHS FOUNDATION TRUST,21666,34702,8793,8873,2206,181,0.7443086853783644,0.5941567432844088
2024-04-01,RDY,NHS ENGLAND SOUTH WEST,DORSET HEALTHCARE UNIVERSITY NHS FOUNDATION TRUST,0,0,0,0,0,0,,
2024-04-01,REF,NHS ENGLAND SOUTH WEST,ROYAL CORNWALL HOSPITALS NHS TRUST,6105,17472,3146,3662,546,371,0.7904075091575091,0.48468468468468473
2024-04-01,REM,NHS ENGLAND NORTH WEST,LIVERPOOL UNIVERSITY HOSPITALS NHS FOUNDATION TRUST,14949,23988,6916,7578,2040,1268,0.6840920460230115,0.5373603585524116
2024-04-01,REP,NHS ENGLAND NORTH WEST,LIVERPOOL WOMEN'S NHS FOUNDATION TRUST,0,1265,0,125,0,0,0.9011857707509882,
2024-04-01,RET,NHS ENGLAND NORTH WEST,THE WALTON CENTRE NHS FOUNDATION TRUST,0,0,0,0,0,0,,
2024-04-01,RF4,NHS ENGLAND LONDON,"BARKING, HAVERING AND REDBRIDGE UNIVERSITY HOSPITALS NHS TRUST",12585,28426,5543,6213,721,657,0.7814324913811299,0.5595550258243942
2024-04-01,RFF,NHS ENGLAND NORTH EAST AND YORKSHIRE,BARNSLEY HOSPITAL NHS FOUNDATION TRUST,8335,8335,2671,2671,456,0,0.6795440911817636,0.6795440911817636
2024-04-01,RFR,NHS ENGLAND NORTH EAST AND YORKSHIRE,THE ROTHERHAM NHS FOUNDATION TRUST,8172,8172,2707,2707,593,2,0.6687469407733725,0.6687469407733725
2024-04-01,RFS,NHS ENGLAND MIDLANDS,CHESTERFIELD ROYAL HOSPITAL NHS FOUNDATION TRUST,6813,8282,2969,3171,894,142,0.6171214682443854,0.5642154704241891
2024-04-01,RGN,NHS ENGLAND EAST OF ENGLAND,NORTH WEST ANGLIA NHS FOUNDATION TRUST,12628,17197,5703,6282,449,803,0.634703727394313,0.5483845422869813
2024-04-01,RGP,NHS ENGLAND EAST OF ENGLAND,JAMES PAGET UNIVERSITY HOSPITALS NHS FOUNDATION TRUST,6950,8342,2636,2636,642,357,0.6840086310237353,0.6207194244604317
2024-04-01,RGR,NHS ENGLAND EAST OF ENGLAND,WEST SUFFOLK NHS FOUNDATION TRUST,7275,7977,2688,2688,567,531,0.6630312147423844,0.6305154639175258
2024-04-01,RGT,NHS ENGLAND EAST OF ENGLAND,CAMBRIDGE UNIVERSITY HOSPITALS NHS FOUNDATION TRUST,9929,15529,5184,5258,547,663,0.6614076888402344,0.47789304058817605
2024-04-01,RH5,NHS ENGLAND SOUTH WEST,SOMERSET NHS FOUNDATION TRUST,12901,22696,4809,4920,433,20,0.7832217130771942,0.6272381985892567
2024-04-01,RH8,NHS ENGLAND SOUTH WEST,ROYAL DEVON UNIVERSITY HEALTHCARE NHS FOUNDATION TRUST,11828,16236,3836,3926,840,20,0.7581916728258191,0.6756848156915793
2024-04-01,RHM,NHS ENGLAND SOUTH EAST,UNIVERSITY HOSPITAL SOUTHAMPTON NHS FOUNDATION TRUST,11282,12629,3842,3912,387,13,0.6902367566711537,0.6594575429888317
2024-04-01,RHQ,NHS ENGLAND NORTH EAST AND YORKSHIRE,SHEFFIELD TEACHING HOSPITALS NHS FOUNDATION TRUST,8906,17500,4356,4528,1236,5,0.7412571428571428,0.5108915337974399
2024-04-01,RHU,NHS ENGLAND SOUTH EAST,PORTSMOUTH HOSPITALS UNIVERSITY NATIONAL HEALTH SERVICE TRUST,9965,13873,4851,4925,1470,14,0.6449938729907014,0.5131961866532865
2024-04-01,RHW,NHS ENGLAND SOUTH EAST,ROYAL BERKSHIRE NHS FOUNDATION TRUST,11556,13873,4261,4278,722,0,0.6916312261226844,0.6312737971616476
2024-04-01,RJ1,NHS ENGLAND LONDON,GUY'S AND ST THOMAS' NHS FOUNDATION TRUST,10365,17452,4172,4420,153,34,0.7467338986935594,0.5974915581283164
2024-04-01,RJ2,NHS ENGLAND LONDON,LEWISHAM AND GREENWICH NHS TRUST,13071,24462,7203,8649,1091,733,0.6464311994113319,0.4489327518935047
2024-04-01,RJ6,NHS ENGLAND LONDON,CROYDON HEALTH SERVICES NHS TRUST,12926,17922,4171,4171,432,558,0.767269277982368,0.6773170354324617
2024-04-01,RJ7,NHS ENGLAND LONDON,ST GEORGE'S UNIVERSITY HOSPITALS NHS FOUNDATION TRUST,8344,11537,2429,2429,492,774,0.7894599982664471,0.7088926174496644
2024-04-01,RJ8,NHS ENGLAND SOUTH WEST,CORNWALL PARTNERSHIP NHS FOUNDATION TRUST,0,0,0,0,0,0,,
2024-04-01,RJC,NHS ENGLAND MIDLANDS,SOUTH WARWICKSHIRE UNIVERSITY NHS FOUNDATION TRUST,8132,8541,2155,2155,290,17,0.7476876243999532,0.734997540580423
2024-04-01,RJE,NHS ENGLAND MIDLANDS,UNIVERSITY HOSPITALS OF NORTH MIDLANDS NHS TRUST,13330,22362,6574,6647,1060,927,0.7027546731061622,0.5068267066766692
2024-04-01,RJL,NHS ENGLAND NORTH EAST AND YORKSHIRE,NORTHERN LINCOLNSHIRE AND GOOLE NHS FOUNDATION TRUST,15035,15524,3943,3945,594,723,0.7458773511981448,0.7377452610575324
2024-04-01,RJN,NHS ENGLAND NORTH WEST,EAST CHESHIRE NHS TRUST,4227,4227,2040,2040,265,144,0.517388218594748,0.517388218594748
2024-04-01,RJR,NHS ENGLAND NORTH WEST,COUNTESS OF CHESTER HOSPITAL NHS FOUNDATION TRUST,5133,6884,2621,2768,344,654,0.5979081929110982,0.48938242743035265
2024-04-01,RJZ,NHS ENGLAND LONDON,KING'S COLLEGE HOSPITAL NHS FOUNDATION TRUST,15174,23834,6963,7737,1435,943,0.675379709658471,0.5411229735073151
2024-04-01,RK5,NHS ENGLAND MIDLANDS,SHERWOOD FOREST HOSPITALS NHS FOUNDATION TRUST,10776,16187,3917,4215,575,140,0.7396058565515538,0.6365070527097253
2024-04-01,RK9,NHS ENGLAND SOUTH WEST,UNIVERSITY HOSPITALS PLYMOUTH NHS TRUST,8342,13160,5042,5280,548,675,0.5987841945288754,0.3955885878686166
2024-04-01,RKB,NHS ENGLAND MIDLANDS,UNIVERSITY HOSPITALS COVENTRY AND WARWICKSHIRE NHS TRUST,11311,20876,5329,5638,267,90,0.7299291051925656,0.5288657059499602
2024-04-01,RKE,NHS ENGLAND LONDON,WHITTINGTON HEALTH NHS TRUST,8958,8958,2515,2515,196,428,0.7192453672694799,0.7192453672694799
2024-04-01,RL1,NHS ENGLAND MIDLANDS,THE ROBERT JONES AND AGNES HUNT ORTHOPAEDIC HOSPITAL NHS FOUNDATION TRUST,0,0,0,0,0,0,,
2024-04-01,RL4,NHS ENGLAND MIDLANDS,THE ROYAL WOLVERHAMPTON NHS TRUST,13101,21188,3736,3986,1074,156,0.8118746460260524,0.7148309289367224
2024-04-01,RLQ,NHS ENGLAND MIDLANDS,WYE VALLEY NHS TRUST,6127,7456,2349,2349,383,293,0.6849517167381974,0.6166149828627387
2024-04-01,RLT,NHS ENGLAND MIDLANDS,GEORGE ELIOT HOSPITAL NHS TRUST,6653,8488,2101,2144,505,254,0.7474081055607917,0.6842026153614911
2024-04-01,RM1,NHS ENGLAND EAST OF ENGLAND,NORFOLK AND NORWICH UNIVERSITY HOSPITALS NHS FOUNDATION TRUST,11148,19965,3421,3423,626,114,0.8285499624342599,0.6931288123430212
2024-04-01,RM3,NHS ENGLAND NORTH WEST,NORTHERN CARE ALLIANCE NHS FOUNDATION TRUST,24552,33444,10220,10453,1230,782,0.6874476737232389,0.583740632127729
2024-04-01,RMC,NHS ENGLAND NORTH WEST,BOLTON NHS FOUNDATION TRUST,7570,10887,4055,4367,484,656,0.5988793974464959,0.46433289299867897
2024-04-01,RMP,NHS ENGLAND NORTH WEST,TAMESIDE AND GLOSSOP INTEGRATED CARE NHS FOUNDATION TRUST,7768,10413,3746,3746,576,98,0.6402573705944492,0.5177651905252317
2024-04-01,RN3,NHS ENGLAND SOUTH WEST,GREAT WESTERN HOSPITALS NHS FOUNDATION TRUST,5212,10714,2283,2622,431,118,0.7552734739593056,0.5619723714504988
2024-04-01,RN5,NHS ENGLAND SOUTH EAST,HAMPSHIRE HOSPITALS NHS FOUNDATION TRUST,12107,12734,4679,4679,636,37,0.632558504790325,0.6135293631783265
2024-04-01,RN7,NHS ENGLAND SOUTH EAST,DARTFORD AND GRAVESHAM NHS TRUST,10890,14364,3338,3399,909,120,0.7633667502088555,0.6934802571166208
2024-04-01,RNA,NHS ENGLAND MIDLANDS,THE DUDLEY GROUP NHS FOUNDATION TRUST,9265,14193,2751,2943,2125,135,0.7926442612555485,0.7030760928224501
2024-04-01,RNN,NHS ENGLAND NORTH EAST AND YORKSHIRE,NORTH CUMBRIA INTEGRATED CARE NHS FOUNDATION TRUST,8482,10313,3656,3684,592,574,0.642780956074857,0.5689695826456025
2024-04-01,RNQ,NHS ENGLAND MIDLANDS,KETTERING GENERAL HOSPITAL NHS FOUNDATION TRUST,9087,17891,3344,3456,1372,0,0.8068302498462914,0.6320017607571256
2024-04-01,RNS,NHS ENGLAND MIDLANDS,NORTHAMPTON GENERAL HOSPITAL NHS TRUST,11308,14322,3500,3572,337,907,0.7505934925289763,0.6904846126636011
2024-04-01,RNU,NHS ENGLAND SOUTH EAST,OXFORD HEALTH NHS FOUNDATION TRUST,0,3874,0,403,0,0,0.8959731543624161,
2024-04-01,RNZ,NHS ENGLAND SOUTH WEST,SALISBURY NHS FOUNDATION TRUST,4179,6409,1707,1707,469,6,0.733655796536121,0.5915290739411343
2024-04-01,RP5,NHS ENGLAND NORTH EAST AND YORKSHIRE,DONCASTER AND BASSETLAW TEACHING HOSPITALS NHS FOUNDATION TRUST,12754,16082,4103,4103,783,168,0.7448700410396717,0.67829700486122
2024-04-01,RP6,NHS ENGLAND LONDON,MOORFIELDS EYE HOSPITAL NHS FOUNDATION TRUST,0,6050,0,110,0,0,0.9818181818181818,
2024-04-01,RPA,NHS ENGLAND SOUTH EAST,MEDWAY NHS FOUNDATION TRUST,8540,15357,2638,3118,414,521,0.7969655531679365,0.6911007025761124
2024-04-01,RPC,NHS ENGLAND SOUTH EAST,QUEEN VICTORIA HOSPITAL NHS FOUNDATION TRUST,0,1400,0,6,0,0,0.9957142857142857,
2024-04-01,RQ3,NHS ENGLAND MIDLANDS,BIRMINGHAM WOMEN'S AND CHILDREN'S NHS FOUNDATION TRUST,5028,5028,859,859,0,6,0.8291567223548131,0.8291567223548131
2024-04-01,RQM,NHS ENGLAND LONDON,CHELSEA AND WESTMINSTER HOSPITAL NHS FOUNDATION TRUST,18886,24717,4549,4677,905,26,0.8107780070396893,0.7591337498676268
2024-04-01,RQW,NHS ENGLAND EAST OF ENGLAND,THE PRINCESS ALEXANDRA HOSPITAL NHS TRUST,7323,9285,3558,3558,583,202,0.6168012924071082,0.5141335518230233
2024-04-01,RQX,NHS ENGLAND LONDON,HOMERTON HEALTHCARE NHS FOUNDATION TRUST,10569,10569,1770,1770,158,17,0.8325290945217144,0.8325290945217144
2024-04-01,RR7,NHS ENGLAND NORTH EAST AND YORKSHIRE,GATESHEAD HEALTH NHS FOUNDATION TRUST,5637,9353,2581,2636,989,1,0.7181652945578958,0.5421323398971084
2024-04-01,RR8,NHS ENGLAND NORTH EAST AND YORKSHIRE,LEEDS TEACHING HOSPITALS NHS TRUST,16864,29474,6569,6657,1838,203,0.7741399199294293,0.6104720113851992
2024-04-01,RRF,NHS ENGLAND NORTH WEST,"WRIGHTINGTON, WIGAN AND LEIGH NHS FOUNDATION TRUST",7150,12533,3557,3587,1069,516,0.713795579669672,0.5025174825174825
2024-04-01,RRK,NHS ENGLAND MIDLANDS,UNIVERSITY HOSPITALS BIRMINGHAM NHS FOUNDATION TRUST,32656,34521,13825,13841,2112,2228,0.5990556472871585,0.5766474767270946
2024-04-01,RRV,NHS ENGLAND LONDON,UNIVERSITY COLLEGE LONDON HOSPITALS NHS FOUNDATION TRUST,12195,12195,4209,4209,419,144,0.6548585485854859,0.6548585485854859
2024-04-01,RTD,NHS ENGLAND NORTH EAST AND YORKSHIRE,THE NEWCASTLE UPON TYNE HOSPITALS NHS FOUNDATION TRUST,11690,18549,5019,5180,683,122,0.7207396625154995,0.5706586826347305
2024-04-01,RTE,NHS ENGLAND SOUTH WEST,GLOUCESTERSHIRE HOSPITALS NHS FOUNDATION TRUST,12328,12328,5098,5098,308,859,0.586469824789098,0.586469824789098
2024-04-01,RTF,NHS ENGLAND NORTH EAST AND YORKSHIRE,NORTHUMBRIA HEALTHCARE NHS FOUNDATION TRUST,9458,21501,3071,3071,79,3,0.8571694339798149,0.6753013322055403
2024-04-01,RTG,NHS ENGLAND MIDLANDS,UNIVERSITY HOSPITALS OF DERBY AND BURTON NHS FOUNDATION TRUST,20711,30582,8262,8292,838,754,0.7288601137924269,0.6010815508666891
2024-04-01,RTH,NHS ENGLAND SOUTH EAST,OXFORD UNIVERSITY HOSPITALS NHS FOUNDATION TRUST,11325,15516,3965,3973,687,0,0.7439417375612272,0.6498896247240618
2024-04-01,RTK,NHS ENGLAND SOUTH EAST,ASHFORD AND ST PETER'S HOSPITALS NHS FOUNDATION TRUST,9838,9838,3220,3220,630,172,0.6726977027851189,0.6726977027851189
2024-04-01,RTP,NHS ENGLAND SOUTH EAST,SURREY AND SUSSEX HEALTHCARE NHS TRUST,10191,10191,3246,3246,643,479,0.6814836620547542,0.6814836620547542
2024-04-01,RTQ,NHS ENGLAND SOUTH WEST,GLOUCESTERSHIRE HEALTH AND CARE NHS FOUNDATION TRUST,0,6718,0,32,0,0,0.9952366775826139,
2024-04-01,RTR,NHS ENGLAND NORTH EAST AND YORKSHIRE,SOUTH TEES HOSPITALS NHS FOUNDATION TRUST,7825,16889,3915,4395,418,28,0.7397714488720468,0.49968051118210866
2024-04-01,RTX,NHS ENGLAND NORTH WEST,UNIVERSITY HOSPITALS OF MORECAMBE BAY NHS FOUNDATION TRUST,8617,11357,2626,2730,511,354,0.7596196178568284,0.6952535685273298
2024-04-01,RV9,NHS ENGLAND NORTH EAST AND YORKSHIRE,HUMBER TEACHING NHS FOUNDATION TRUST,0,1182,0,1,0,0,0.9991539763113367,
2024-04-01,RVJ,NHS ENGLAND SOUTH WEST,NORTH BRISTOL NHS TRUST,8952,8952,3265,3265,661,324,0.6352770330652369,0.6352770330652369
2024-04-01,RVR,NHS ENGLAND LONDON,EPSOM AND ST HELIER UNIVERSITY HOSPITALS NHS TRUST,10936,12736,2995,3065,263,651,0.7593435929648241,0.7261338697878565
2024-04-01,RVV,NHS ENGLAND SOUTH EAST,EAST KENT HOSPITALS UNIVERSITY NHS FOUNDATION TRUST,12256,23977,6442,6752,482,1207,0.7183967969303916,0.47437989556135773
2024-04-01,RVW,NHS ENGLAND NORTH EAST AND YORKSHIRE,NORTH TEES AND HARTLEPOOL NHS FOUNDATION TRUST,4459,15697,1734,1774,80,0,0.8869847741606677,0.6111235703072437
2024-04-01,RW1,NHS ENGLAND SOUTH EAST,SOUTHERN HEALTH NHS FOUNDATION TRUST,0,3132,0,74,0,0,0.9763729246487867,
2024-04-01,RW4,NHS ENGLAND NORTH WEST,MERSEY CARE NHS FOUNDATION TRUST,0,10698,0,587,0,0,0.9451299308281922,
2024-04-01,RWA,NHS ENGLAND NORTH EAST AND YORKSHIRE,HULL UNIVERSITY TEACHING HOSPITALS NHS TRUST,8942,13574,5108,5490,1032,413,0.5955503167820835,0.4287631402370834
2024-04-01,RWD,NHS ENGLAND MIDLANDS,UNITED LINCOLNSHIRE HOSPITALS NHS TRUST,9608,19716,6171,7252,1090,693,0.6321769121525664,0.3577227310574521
2024-04-01,RWE,NHS ENGLAND MIDLANDS,UNIVERSITY HOSPITALS OF LEICESTER NHS TRUST,21378,23190,8850,8928,1558,839,0.615006468305304,0.5860230143137806
2024-04-01,RWF,NHS ENGLAND SOUTH EAST,MAIDSTONE AND TUNBRIDGE WELLS NHS TRUST,17938,20074,3182,3207,941,9,0.8402411079007672,0.822611216412086
2024-04-01,RWG,NHS ENGLAND EAST OF ENGLAND,WEST HERTFORDSHIRE TEACHING HOSPITALS NHS TRUST,8081,15547,3123,3452,841,1,0.7779635942625587,0.6135379284741987
2024-04-01,RWH,NHS ENGLAND EAST OF ENGLAND,EAST AND NORTH HERTFORDSHIRE NHS TRUST,8880,15439,4928,4982,175,22,0.6773107066519852,0.44504504504504505
2024-04-01,RWJ,NHS ENGLAND NORTH WEST,STOCKPORT NHS FOUNDATION TRUST,7129,8133,3027,3043,756,308,0.625845321529571,0.5753962687613972
2024-04-01,RWP,NHS ENGLAND MIDLANDS,WORCESTERSHIRE ACUTE HOSPITALS NHS TRUST,12732,18472,6543,6585,824,248,0.6435145084452144,0.4860980207351555
2024-04-01,RWW,NHS ENGLAND NORTH WEST,WARRINGTON AND HALTON TEACHING HOSPITALS NHS FOUNDATION TRUST,6727,9909,3288,3340,664,651,0.6629326874558482,0.5112234279768099
2024-04-01,RWX,NHS ENGLAND SOUTH EAST,BERKSHIRE HEALTHCARE NHS FOUNDATION TRUST,0,1440,0,21,0,0,0.9854166666666667,
2024-04-01,RWY,NHS ENGLAND NORTH EAST AND YORKSHIRE,CALDERDALE AND HUDDERSFIELD NHS FOUNDATION TRUST,15028,15028,4313,4313,1354,2,0.7130023955283471,0.7130023955283471
2024-04-01,RX1,NHS ENGLAND MIDLANDS,NOTTINGHAM UNIVERSITY HOSPITALS NHS TRUST,14649,16987,7071,7195,695,519,0.5764408076764584,0.5173049354904772
2024-04-01,RXC,NHS ENGLAND SOUTH EAST,EAST SUSSEX HEALTHCARE NHS TRUST,9911,12202,3222,3248,249,0,0.7338141288313391,0.6749066693572798
2024-04-01,RXF,NHS ENGLAND NORTH EAST AND YORKSHIRE,MID YORKSHIRE TEACHING NHS TRUST,17513,22681,7000,7473,2264,114,0.670517172964155,0.6002969222863016
2024-04-01,RXG,NHS ENGLAND NORTH EAST AND YORKSHIRE,SOUTH WEST YORKSHIRE PARTNERSHIP NHS FOUNDATION TRUST,0,0,0,0,0,0,,
2024-04-01,RXK,NHS ENGLAND MIDLANDS,SANDWELL AND WEST BIRMINGHAM HOSPITALS NHS TRUST,14441,24464,6807,7226,1567,409,0.704627207325049,0.5286337511252683
2024-04-01,RXL,NHS ENGLAND NORTH WEST,BLACKPOOL TEACHING HOSPITALS NHS FOUNDATION TRUST,8434,18838,3726,3835,428,517,0.7964221254910288,0.5582167417595447
2024-04-01,RXN,NHS ENGLAND NORTH WEST,LANCASHIRE TEACHING HOSPITALS NHS FOUNDATION TRUST,11493,15281,4564,4824,1061,459,0.6843138538053792,0.6028887148699208
2024-04-01,RXP,NHS ENGLAND NORTH EAST AND YORKSHIRE,COUNTY DURHAM AND DARLINGTON NHS FOUNDATION TRUST,12647,16793,5388,5388,2269,13,0.6791520276305604,0.5739701114888907
2024-04-01,RXQ,NHS ENGLAND SOUTH EAST,BUCKINGHAMSHIRE HEALTHCARE NHS TRUST,9767,14500,3673,3791,321,265,0.738551724137931,0.6239377495648613
2024-04-01,RXR,NHS ENGLAND NORTH WEST,EAST LANCASHIRE HOSPITALS NHS TRUST,12318,22373,4052,4434,385,1113,0.801814687346355,0.6710504952102614
2024-04-01,RXW,NHS ENGLAND MIDLANDS,THE SHREWSBURY AND TELFORD HOSPITAL NHS TRUST,10713,12959,6164,6492,452,579,0.499035419399645,0.4246242882479231
2024-04-01,RY2,NHS ENGLAND NORTH WEST,BRIDGEWATER COMMUNITY HEALTHCARE NHS FOUNDATION TRUST,0,3432,0,54,0,0,0.9842657342657343,
2024-04-01,RY4,NHS ENGLAND EAST OF ENGLAND,HERTFORDSHIRE COMMUNITY NHS TRUST,0,916,0,19,0,0,0.9792576419213974,
2024-04-01,RY5,NHS ENGLAND MIDLANDS,LINCOLNSHIRE COMMUNITY HEALTH SERVICES NHS TRUST,0,8628,0,213,0,0,0.9753129346314325,
2024-04-01,RY7,NHS ENGLAND NORTH WEST,WIRRAL COMMUNITY HEALTH AND CARE NHS FOUNDATION TRUST,0,4382,0,101,0,0,0.9769511638521223,
2024-04-01,RY8,NHS ENGLAND MIDLANDS,DERBYSHIRE COMMUNITY HEALTH SERVICES NHS FOUNDATION TRUST,0,6272,0,31,0,0,0.9950573979591837,
2024-04-01,RYF,NHS ENGLAND SOUTH WEST,SOUTH WESTERN AMBULANCE SERVICE NHS FOUNDATION TRUST,0,1691,0,142,0,0,0.9160260201064458,
2024-04-01,RYG,NHS ENGLAND MIDLANDS,COVENTRY AND WARWICKSHIRE PARTNERSHIP NHS TRUST,0,0,0,0,0,0,,
2024-04-01,RYJ,NHS ENGLAND LONDON,IMPERIAL COLLEGE HEALTHCARE NHS TRUST,11395,22271,4969,5394,669,152,0.7578016254321764,0.5639315489249671
2024-04-01,RYR,NHS ENGLAND SOUTH EAST,UNIVERSITY HOSPITALS SUSSEX NHS FOUNDATION TRUST,21306,27762,9621,10147,1533,1394,0.6345003962250558,0.5484370599831033
2024-04-01,RYX,NHS ENGLAND LONDON,CENTRAL LONDON COMMUNITY HEALTHCARE NHS TRUST,0,10114,0,247,0,0,0.9755784061696658,
2024-04-01,RYY,NHS ENGLAND SOUTH EAST,KENT COMMUNITY HEALTH NHS FOUNDATION TRUST,0,10020,0,37,0,0,0.9963073852295409,
2024-04-01,Y00751,NHS ENGLAND SOUTH EAST,EAST BERKS PRIMARY CARE OOH(WAM),0,0,0,0,0,0,,
2024-04-01,Y02147,NHS ENGLAND LONDON,URGENT CARE CENTRE (QMS),0,7556,0,304,0,0,0.9597670725251456,
2024-04-01,Y02428,NHS ENGLAND EAST OF ENGLAND,PUTNOE WALK IN CENTRE,0,3102,0,0,0,0,1.0,
2024-04-01,Y02532,NHS ENGLAND NORTH WEST,MIRIAM MINOR EMERGENCY,0,1706,0,13,0,0,0.9923798358733881,
2024-04-01,Y02615,NHS ENGLAND MIDLANDS,SOUTH BIRMINGHAM GP WALK IN CENTRE,0,6526,0,0,0,0,1.0,
2024-04-01,Y02676,NHS ENGLAND SOUTH EAST,BRIGHTON STATION HEALTH CENTRE,0,1953,0,0,0,0,1.0,
2024-04-01,Y03007,NHS ENGLAND MIDLANDS,ERDINGTON GP HEALTH & WELLBEING WIC,0,0,0,0,0,0,,
2024-04-01,Y03218,NHS ENGLAND LONDON,THE PINN UNREGISTERED WIC,0,924,0,0,0,0,1.0,
2024-04-01,Y07709,NHS ENGLAND SOUTH EAST,READING URGENT CARE CENTRE,0,2165,0,0,0,0,1.0,
2024-05-01,8J094,NHS ENGLAND MIDLANDS,BADGER LTD,0,0,0,0,0,0,,
2024-05-01,AAH,NHS ENGLAND SOUTH WEST,TETBURY HOSPITAL TRUST LTD,0,620,0,0,0,0,1.0,
2024-05-01,ACH01,NHS ENGLAND SOUTH EAST,WHITSTABLE MEDICAL PRACTICE,0,4668,0,0,0,0,1.0,
2024-05-01,AD913,NHS ENGLAND LONDON,BECKENHAM BEACON UCC,0,3999,0,34,0,0,0.9914978744686171,
2024-05-01,AJN,NHS ENGLAND NORTH EAST AND YORKSHIRE,WORKINGTON HEALTH LIMITED,0,330,0,0,0,0,1.0,
2024-05-01,AQN04,NHS ENGLAND SOUTH EAST,PHL LYMINGTON UTC,0,3021,0,13,0,0,0.995696789142668,
2024-05-01,ARN03,NHS ENGLAND NORTH EAST AND YORKSHIRE,LOCAL CARE DIRECT,0,2366,0,0,0,0,1.0,
2024-05-01,AXG,NHS ENGLAND SOUTH WEST,WILTSHIRE HEALTH & CARE,0,2691,0,63,0,0,0.9765886287625418,
2024-05-01,C82009,NHS ENGLAND MIDLANDS,MARKET HARBOROUGH MED.CTR,0,374,0,0,0,0,1.0,
2024-05-01,C82038,NHS ENGLAND MIDLANDS,LATHAM HOUSE MEDICAL PRACTICE,0,335,0,0,0,0,1.0,
2024-05-01,C83023,NHS ENGLAND MIDLANDS,SLEAFORD MEDICAL GROUP,0,605,0,0,0,0,1.0,
2024-05-01,DT301,NHS ENGLAND EAST OF ENGLAND,HERTS URGENT CARE (ASCOTS LANE),0,2489,0,68,0,0,0.9726797910807553,
2024-05-01,G0Q0L,NHS ENGLAND LONDON,BARKING HOSPITAL UTC,0,2969,0,16,0,0,0.9946109801279892,
2024-05-01,K6K0R,NHS ENGLAND LONDON,HAROLD WOOD POLYCLINIC UTC,0,3114,0,11,0,0,0.9964675658317277,
2024-05-01,L83087,NHS ENGLAND SOUTH WEST,OKEHAMPTON MEDICAL CENTRE,0,76,0,0,0,0,1.0,
2024-05-01,NDJ,NHS ENGLAND SOUTH EAST,FIRST COMMUNITY HEALTH AND CARE CIC,0,2395,0,0,0,0,1.0,
2024-05-01,NL7,NHS ENGLAND MIDLANDS,ASSURA VERTIS URGENT CARE CENTRES (BIRMINGHAM),0,4727,0,0,0,0,1.0,
2024-05-01,NLX,NHS ENGLAND SOUTH WEST,SIRONA CARE & HEALTH,0,8802,0,671,0,0,0.9237673256078164,
2024-05-01,NNF09,NHS ENGLAND NORTH EAST AND YORKSHIRE,BRANSHOLME HEALTH CENTRE,0,4032,0,990,0,0,0.7544642857142857,
2024-05-01,NNF94,NHS ENGLAND NORTH EAST AND YORKSHIRE,EAST RIDING COMMUNITY HOSPITAL,0,3083,0,578,0,0,0.8125202724618877,
2024-05-01,NNFA7,NHS ENGLAND NORTH EAST AND YORKSHIRE,GOOLE & DISTRICT HOSPITAL,0,1654,0,19,0,0,0.9885126964933495,
2024-05-01,NNJ,NHS ENGLAND MIDLANDS,DHU HEALTH CARE C.I.C,0,2184,0,5,0,0,0.9977106227106227,
2024-05-01,NNJ07,NHS ENGLAND MIDLANDS,LOUGHBOROUGH URGENT CARE CENTRE,0,6249,0,34,0,0,0.9945591294607137,
2024-05-01,NNJ0H,NHS ENGLAND MIDLANDS,LLR EA - THE MERLYN VAZ HEALTH & SOCIAL CARE CENTRE,0,192,0,1,0,0,0.9947916666666666,
2024-05-01,NNJ12,NHS ENGLAND MIDLANDS,MARKET HARBOROUGH,0,128,0,0,0,0,1.0,
2024-05-01,NNJ13,NHS ENGLAND MIDLANDS,MELTON MOWBRAY,0,78,0,1,0,0,0.9871794871794872,
2024-05-01,NNJ14,NHS ENGLAND MIDLANDS,OADBY,0,466,0,0,0,0,1.0,
2024-05-01,NNJ15,NHS ENGLAND MIDLANDS,OAKHAM,0,67,0,0,0,0,1.0,
2024-05-01,NQT51,NHS ENGLAND SOUTH EAST,STATION PLAZA HEALTH CENTRE,0,1076,0,0,0,0,1.0,
2024-05-01,NQT5F,NHS ENGLAND NORTH WEST,SKELMERSDALE WALK IN CENTRE,0,1952,0,6,0,0,0.9969262295081968,
2024-05-01,NQT5H,NHS ENGLAND SOUTH WEST,PAULTON MEMORIAL HOSPITAL,0,1032,0,10,0,0,0.9903100775193798,
2024-05-01,NQTE4,NHS ENGLAND MIDLANDS,SUMMERFIELD URGENT CARE CENTRE,0,3478,0,0,0,0,1.0,
2024-05-01,NR3,NHS ENGLAND MIDLANDS,NOTTINGHAM CITYCARE PARTNERSHIP,0,5649,0,412,0,0,0.9270667374756594,
2024-05-01,NTP11,NHS ENGLAND SOUTH EAST,PRACTICE PLUS GROUP HOSPITAL - SOUTHAMPTON,0,5916,0,366,0,0,0.9381338742393509,
2024-05-01,NTPAD,NHS ENGLAND SOUTH EAST,PRACTICE PLUS GROUP SURGICAL CENTRE - ST MARYS PORTSMOUTH,0,5696,0,68,0,0,0.988061797752809,
2024-05-01,NTV0B,NHS ENGLAND SOUTH EAST,ASHFORD WALK-IN-CENTRE,0,2435,0,171,0,0,0.9297741273100616,
2024-05-01,NTV0W,NHS ENGLAND SOUTH EAST,WOKING WALK IN CENTRE,0,2505,0,90,0,0,0.9640718562874252,
2024-05-01,NV693,NHS ENGLAND NORTH WEST,ROSSENDALE MIU & OOH,0,1227,0,0,0,0,1.0,
2024-05-01,R0A,NHS ENGLAND NORTH WEST,MANCHESTER UNIVERSITY NHS FOUNDATION TRUST,26218,41952,12613,13557,3856,720,0.6768449656750573,0.5189183004043023
2024-05-01,R0B,NHS ENGLAND NORTH EAST AND YORKSHIRE,SOUTH TYNESIDE AND SUNDERLAND NHS FOUNDATION TRUST,11704,19461,4949,5081,470,4,0.7389137248856688,0.5771531100478469
2024-05-01,R0D,NHS ENGLAND SOUTH WEST,UNIVERSITY HOSPITALS DORSET NHS FOUNDATION TRUST,13855,19476,5354,5354,955,203,0.7250975559663175,0.6135691086250451
2024-05-01,R1D,NHS ENGLAND MIDLANDS,SHROPSHIRE COMMUNITY HEALTH NHS TRUST,0,3581,0,4,0,0,0.9988829935772131,
2024-05-01,R1F,NHS ENGLAND SOUTH EAST,ISLE OF WIGHT NHS TRUST,4425,6605,1782,1784,127,22,0.7299015897047691,0.5972881355932204
2024-05-01,R1H,NHS ENGLAND LONDON,BARTS HEALTH NHS TRUST,24992,44204,12419,14568,1200,1038,0.670437064519048,0.503080985915493
2024-05-01,R1K,NHS ENGLAND LONDON,LONDON NORTH WEST UNIVERSITY HEALTHCARE NHS TRUST,13910,29924,7504,7772,855,432,0.7402753642561155,0.46053199137311285
2024-05-01,RA2,NHS ENGLAND SOUTH EAST,ROYAL SURREY COUNTY HOSPITAL NHS FOUNDATION TRUST,6641,8092,2310,2310,390,7,0.7145328719723183,0.6521608191537419
2024-05-01,RA7,NHS ENGLAND SOUTH WEST,UNIVERSITY HOSPITALS BRISTOL AND WESTON NHS FOUNDATION TRUST,16093,18504,5753,5919,1268,321,0.6801232166018158,0.6425153793574846
2024-05-01,RA9,NHS ENGLAND SOUTH WEST,TORBAY AND SOUTH DEVON NHS FOUNDATION TRUST,6698,10241,2918,2928,354,113,0.7140904208573382,0.5643475664377426
2024-05-01,RAE,NHS ENGLAND NORTH EAST AND YORKSHIRE,BRADFORD TEACHING HOSPITALS NHS FOUNDATION TRUST,9649,14217,2409,2409,692,116,0.8305549694028276,0.7503368224686496
2024-05-01,RAJ,NHS ENGLAND EAST OF ENGLAND,MID AND SOUTH ESSEX NHS FOUNDATION TRUST,31119,37158,8919,9078,2929,11,0.7556919102212175,0.7133905331148174
2024-05-01,RAL,NHS ENGLAND LONDON,ROYAL FREE LONDON NHS FOUNDATION TRUST,18941,27866,8118,8428,1125,929,0.697552573028063,0.571405944775883
2024-05-01,RAN,NHS ENGLAND LONDON,ROYAL NATIONAL ORTHOPAEDIC HOSPITAL NHS TRUST,0,0,0,0,0,0,,
2024-05-01,RAP,NHS ENGLAND LONDON,NORTH MIDDLESEX UNIVERSITY HOSPITAL NHS TRUST,8269,17012,4924,6166,235,884,0.6375499647307783,0.40452291691861164
2024-05-01,RAS,NHS ENGLAND LONDON,THE HILLINGDON HOSPITALS NHS FOUNDATION TRUST,6043,13106,3077,3166,366,13,0.7584312528612849,0.490815819956975
2024-05-01,RAX,NHS ENGLAND LONDON,KINGSTON HOSPITAL NHS FOUNDATION TRUST,7329,16116,3590,3921,143,486,0.7567014147431124,0.5101650975576477
2024-05-01,RBD,NHS ENGLAND SOUTH WEST,DORSET COUNTY HOSPITAL NHS FOUNDATION TRUST,4472,4472,1774,1774,225,15,0.6033094812164579,0.6033094812164579
2024-05-01,RBK,NHS ENGLAND MIDLANDS,WALSALL HEALTHCARE NHS TRUST,8928,13097,2791,3000,795,50,0.7709399099030312,0.6873879928315412
2024-05-01,RBL,NHS ENGLAND NORTH WEST,WIRRAL UNIVERSITY TEACHING HOSPITAL NHS FOUNDATION TRUST,8354,11295,4717,4760,754,556,0.5785745905267818,0.43536030644002877
2024-05-01,RBN,NHS ENGLAND NORTH WEST,MERSEY AND WEST LANCASHIRE TEACHING HOSPITALS NHS TRUST,18018,25934,7995,8311,581,382,0.6795326598287962,0.5562770562770563
2024-05-01,RBQ,NHS ENGLAND NORTH WEST,LIVERPOOL HEART AND CHEST HOSPITAL NHS FOUNDATION TRUST,0,0,0,0,0,0,,
2024-05-01,RBS,NHS ENGLAND NORTH WEST,ALDER HEY CHILDREN'S NHS FOUNDATION TRUST,6107,6107,805,805,0,0,0.8681840510889144,0.8681840510889144
2024-05-01,RBT,NHS ENGLAND NORTH WEST,MID CHESHIRE HOSPITALS NHS FOUNDATION TRUST,7444,10430,4292,4348,660,571,0.5831255992329818,0.4234282643739925
2024-05-01,RBV,NHS ENGLAND NORTH WEST,THE CHRISTIE NHS FOUNDATION TRUST,0,0,0,0,0,0,,
2024-05-01,RC9,NHS ENGLAND EAST OF ENGLAND,BEDFORDSHIRE HOSPITALS NHS FOUNDATION TRUST,16836,25365,6466,6466,82,27,0.7450818056376898,0.6159420289855073
2024-05-01,RCB,NHS ENGLAND NORTH EAST AND YORKSHIRE,YORK AND SCARBOROUGH TEACHING HOSPITALS NHS FOUNDATION TRUST,11533,20973,6364,6701,844,762,0.6804939684356077,0.4481921442816267
2024-05-01,RCD,NHS ENGLAND NORTH EAST AND YORKSHIRE,HARROGATE AND DISTRICT NHS FOUNDATION TRUST,5183,6189,1769,1769,301,55,0.714170302148974,0.6586918772911441
2024-05-01,RCF,NHS ENGLAND NORTH EAST AND YORKSHIRE,AIREDALE NHS FOUNDATION TRUST,6340,6626,2487,2487,431,151,0.6246604286145487,0.6077287066246057
2024-05-01,RCU,NHS ENGLAND NORTH EAST AND YORKSHIRE,SHEFFIELD CHILDREN'S NHS FOUNDATION TRUST,4996,5294,658,659,8,0,0.8755194559879108,0.8682946357085668
2024-05-01,RCX,NHS ENGLAND EAST OF ENGLAND,"THE QUEEN ELIZABETH HOSPITAL, KING'S LYNN, NHS FOUNDATION TRUST",6910,8144,2168,2168,319,97,0.7337917485265226,0.6862518089725036
2024-05-01,RD1,NHS ENGLAND SOUTH WEST,ROYAL UNITED HOSPITALS BATH NHS FOUNDATION TRUST,9080,9080,3633,3633,703,4,0.5998898678414097,0.5998898678414097
2024-05-01,RD8,NHS ENGLAND EAST OF ENGLAND,MILTON KEYNES UNIVERSITY HOSPITAL NHS FOUNDATION TRUST,8486,14324,3526,3794,495,0,0.7351298519966489,0.5844921046429413
2024-05-01,RDE,NHS ENGLAND EAST OF ENGLAND,EAST SUFFOLK AND NORTH ESSEX NHS FOUNDATION TRUST,15434,28353,6867,7081,1251,483,0.7502557048636829,0.5550732149799145
2024-05-01,RDR,NHS ENGLAND SOUTH EAST,SUSSEX COMMUNITY NHS FOUNDATION TRUST,0,13042,0,241,0,0,0.9815212390737617,
2024-05-01,RDU,NHS ENGLAND SOUTH EAST,FRIMLEY HEALTH NHS FOUNDATION TRUST,23846,36460,10001,10093,2229,227,0.7231760833790455,0.5806005200033548
2024-05-01,RDY,NHS ENGLAND SOUTH WEST,DORSET HEALTHCARE UNIVERSITY NHS FOUNDATION TRUST,0,0,0,0,0,0,,
2024-05-01,REF,NHS ENGLAND SOUTH WEST,ROYAL CORNWALL HOSPITALS NHS TRUST,6719,20089,4041,4823,506,476,0.7599183632833889,0.3985712159547552
2024-05-01,REM,NHS ENGLAND NORTH WEST,LIVERPOOL UNIVERSITY HOSPITALS NHS FOUNDATION TRUST,16314,26425,7886,8395,2226,1329,0.6823084200567644,0.5166114993257325
2024-05-01,REP,NHS ENGLAND NORTH WEST,LIVERPOOL WOMEN'S NHS FOUNDATION TRUST,0,1305,0,164,0,0,0.8743295019157088,
2024-05-01,RET,NHS ENGLAND NORTH WEST,THE WALTON CENTRE NHS FOUNDATION TRUST,0,0,0,0,0,0,,
2024-05-01,RF4,NHS ENGLAND LONDON,"BARKING, HAVERING AND REDBRIDGE UNIVERSITY HOSPITALS NHS TRUST",13446,30210,5652,6247,715,734,0.7932141674942073,0.5796519410977242
2024-05-01,RFF,NHS ENGLAND NORTH EAST AND YORKSHIRE,BARNSLEY HOSPITAL NHS FOUNDATION TRUST,8850,8850,2688,2688,323,0,0.696271186440678,0.696271186440678
2024-05-01,RFR,NHS ENGLAND NORTH EAST AND YORKSHIRE,THE ROTHERHAM NHS FOUNDATION TRUST,8970,8970,3245,3245,548,1,0.6382385730211817,0.6382385730211817
2024-05-01,RFS,NHS ENGLAND MIDLANDS,CHESTERFIELD ROYAL HOSPITAL NHS FOUNDATION TRUST,7487,9079,2988,3209,905,147,0.6465469765392664,0.6009082409509817
2024-05-01,RGN,NHS ENGLAND EAST OF ENGLAND,NORTH WEST ANGLIA NHS FOUNDATION TRUST,13386,18265,5999,6576,479,778,0.639967150287435,0.551845211414911
2024-05-01,RGP,NHS ENGLAND EAST OF ENGLAND,JAMES PAGET UNIVERSITY HOSPITALS NHS FOUNDATION TRUST,7644,9093,3127,3127,621,412,0.6561090949081712,0.5909209837781266
2024-05-01,RGR,NHS ENGLAND EAST OF ENGLAND,WEST SUFFOLK NHS FOUNDATION TRUST,7960,8687,2827,2827,554,387,0.6745711983423506,0.6448492462311558
2024-05-01,RGT,NHS ENGLAND EAST OF ENGLAND,CAMBRIDGE UNIVERSITY HOSPITALS NHS FOUNDATION TRUST,10313,16616,5245,5380,545,641,0.6762156957149735,0.49141859788616304
2024-05-01,RH5,NHS ENGLAND SOUTH WEST,SOMERSET NHS FOUNDATION TRUST,13492,23903,5057,5339,333,5,0.7766389156172866,0.6251852949896235
2024-05-01,RH8,NHS ENGLAND SOUTH WEST,ROYAL DEVON UNIVERSITY HEALTHCARE NHS FOUNDATION TRUST,12900,17250,4755,4781,1233,46,0.7228405797101449,0.6313953488372093
2024-05-01,RHM,NHS ENGLAND SOUTH EAST,UNIVERSITY HOSPITAL SOUTHAMPTON NHS FOUNDATION TRUST,12453,13704,3830,3927,251,11,0.7134413309982487,0.6924435878904682
2024-05-01,RHQ,NHS ENGLAND NORTH EAST AND YORKSHIRE,SHEFFIELD TEACHING HOSPITALS NHS FOUNDATION TRUST,9441,18468,4642,4966,1289,8,0.7311024474767165,0.5083147971613177
2024-05-01,RHU,NHS ENGLAND SOUTH EAST,PORTSMOUTH HOSPITALS UNIVERSITY NATIONAL HEALTH SERVICE TRUST,10464,14573,5141,5236,1669,10,0.6407054141220064,0.5086964831804281
2024-05-01,RHW,NHS ENGLAND SOUTH EAST,ROYAL BERKSHIRE NHS FOUNDATION TRUST,12521,14824,4363,4394,690,0,0.7035887749595251,0.6515454037217474
2024-05-01,RJ1,NHS ENGLAND LONDON,GUY'S AND ST THOMAS' NHS FOUNDATION TRUST,11226,18832,4645,5018,156,39,0.7335386576040781,0.5862283983609478
2024-05-01,RJ2,NHS ENGLAND LONDON,LEWISHAM AND GREENWICH NHS TRUST,14039,26597,7326,9479,1149,602,0.6436064217768922,0.47816796068096024
2024-05-01,RJ6,NHS ENGLAND LONDON,CROYDON HEALTH SERVICES NHS TRUST,13703,19103,5027,5027,426,607,0.7368476155577658,0.6331460264175728
2024-05-01,RJ7,NHS ENGLAND LONDON,ST GEORGE'S UNIVERSITY HOSPITALS NHS FOUNDATION TRUST,9193,12531,2992,2992,496,775,0.7612321442821802,0.6745349722615033
2024-05-01,RJ8,NHS ENGLAND SOUTH WEST,CORNWALL PARTNERSHIP NHS FOUNDATION TRUST,0,0,0,0,0,0,,
2024-05-01,RJC,NHS ENGLAND MIDLANDS,SOUTH WARWICKSHIRE UNIVERSITY NHS FOUNDATION TRUST,8612,9060,2500,2500,297,8,0.7240618101545253,0.7097073850441245
2024-05-01,RJE,NHS ENGLAND MIDLANDS,UNIVERSITY HOSPITALS OF NORTH MIDLANDS NHS TRUST,14147,24352,6854,7027,1192,701,0.7114405387647832,0.515515657029759
2024-05-01,RJL,NHS ENGLAND NORTH EAST AND YORKSHIRE,NORTHERN LINCOLNSHIRE AND GOOLE NHS FOUNDATION TRUST,9065,15858,4729,4829,611,899,0.6954849287425905,0.4783232211803641
2024-05-01,RJN,NHS ENGLAND NORTH WEST,EAST CHESHIRE NHS TRUST,4714,4714,2396,2396,268,332,0.49172677131947395,0.49172677131947395
2024-05-01,RJR,NHS ENGLAND NORTH WEST,COUNTESS OF CHESTER HOSPITAL NHS FOUNDATION TRUST,5418,7538,2846,3031,291,706,0.5979039533032635,0.47471391657438167
2024-05-01,RJZ,NHS ENGLAND LONDON,KING'S COLLEGE HOSPITAL NHS FOUNDATION TRUST,16286,25643,6961,7925,1714,840,0.6909487969426353,0.5725776740758934
2024-05-01,RK5,NHS ENGLAND MIDLANDS,SHERWOOD FOREST HOSPITALS NHS FOUNDATION TRUST,11680,17416,4398,4673,635,77,0.7316835094166284,0.623458904109589
2024-05-01,RK9,NHS ENGLAND SOUTH WEST,UNIVERSITY HOSPITALS PLYMOUTH NHS TRUST,9272,14745,5108,5353,697,603,0.6369616819260766,0.44909404659188956
2024-05-01,RKB,NHS ENGLAND MIDLANDS,UNIVERSITY HOSPITALS COVENTRY AND WARWICKSHIRE NHS TRUST,12422,22007,5842,6247,246,59,0.716135774980688,0.5297053614554822
2024-05-01,RKE,NHS ENGLAND LONDON,WHITTINGTON HEALTH NHS TRUST,9522,9522,2934,2934,256,369,0.6918714555765595,0.6918714555765595
2024-05-01,RL1,NHS ENGLAND MIDLANDS,THE ROBERT JONES AND AGNES HUNT ORTHOPAEDIC HOSPITAL NHS FOUNDATION TRUST,0,0,0,0,0,0,,
2024-05-01,RL4,NHS ENGLAND MIDLANDS,THE ROYAL WOLVERHAMPTON NHS TRUST,13697,21926,4115,4318,1205,225,0.8030648545106267,0.6995692487406001
2024-05-01,RLQ,NHS ENGLAND MIDLANDS,WYE VALLEY NHS TRUST,6533,7712,2484,2484,465,318,0.6779045643153527,0.6197765192101639
2024-05-01,RLT,NHS ENGLAND MIDLANDS,GEORGE ELIOT HOSPITAL NHS TRUST,6977,8913,2175,2200,684,116,0.7531695276562325,0.6882614304142182
2024-05-01,RM1,NHS ENGLAND EAST OF ENGLAND,NORFOLK AND NORWICH UNIVERSITY HOSPITALS NHS FOUNDATION TRUST,12332,21607,4157,4157,787,117,0.8076086453464155,0.6629095037301329
2024-05-01,RM3,NHS ENGLAND NORTH WEST,NORTHERN CARE ALLIANCE NHS FOUNDATION TRUST,26332,35809,11839,12134,1185,901,0.6611466391130721,0.5503949567066687
2024-05-01,RMC,NHS ENGLAND NORTH WEST,BOLTON NHS FOUNDATION TRUST,8039,11756,4234,4583,628,590,0.610156515821708,0.47331757681303643
2024-05-01,RMP,NHS ENGLAND NORTH WEST,TAMESIDE AND GLOSSOP INTEGRATED CARE NHS FOUNDATION TRUST,8711,11488,4396,4396,624,26,0.6173398328690808,0.4953507060039031
2024-05-01,RN3,NHS ENGLAND SOUTH WEST,GREAT WESTERN HOSPITALS NHS FOUNDATION TRUST,5587,11597,2430,2920,539,112,0.748210744157972,0.5650617504922141
2024-05-01,RN5,NHS ENGLAND SOUTH EAST,HAMPSHIRE HOSPITALS NHS FOUNDATION TRUST,13010,13706,4999,4999,660,34,0.6352692251568657,0.6157571099154496
2024-05-01,RN7,NHS ENGLAND SOUTH EAST,DARTFORD AND GRAVESHAM NHS TRUST,11876,15775,3237,3270,680,51,0.7927099841521394,0.7274334792859549
2024-05-01,RNA,NHS ENGLAND MIDLANDS,THE DUDLEY GROUP NHS FOUNDATION TRUST,9799,14616,2723,2909,1860,238,0.8009715380405036,0.7221145014797428
2024-05-01,RNN,NHS ENGLAND NORTH EAST AND YORKSHIRE,NORTH CUMBRIA INTEGRATED CARE NHS FOUNDATION TRUST,9427,11587,4191,4220,801,592,0.6357987399672047,0.5554259043173863
2024-05-01,RNQ,NHS ENGLAND MIDLANDS,KETTERING GENERAL HOSPITAL NHS FOUNDATION TRUST,9967,19583,3580,3689,1384,0,0.8116223254863912,0.6408146884719574
2024-05-01,RNS,NHS ENGLAND MIDLANDS,NORTHAMPTON GENERAL HOSPITAL NHS TRUST,11615,14484,3860,3954,408,770,0.7270091135045568,0.6676711149375807
2024-05-01,RNU,NHS ENGLAND SOUTH EAST,OXFORD HEALTH NHS FOUNDATION TRUST,0,4484,0,464,0,0,0.8965209634255129,
2024-05-01,RNZ,NHS ENGLAND SOUTH WEST,SALISBURY NHS FOUNDATION TRUST,4554,7038,1697,1697,370,5,0.7588803637396988,0.6273605621431708
2024-05-01,RP5,NHS ENGLAND NORTH EAST AND YORKSHIRE,DONCASTER AND BASSETLAW TEACHING HOSPITALS NHS FOUNDATION TRUST,14013,18090,4958,4960,989,201,0.7258153676064124,0.6461856847213302
2024-05-01,RP6,NHS ENGLAND LONDON,MOORFIELDS EYE HOSPITAL NHS FOUNDATION TRUST,0,6053,0,155,0,0,0.9743928630431191,
2024-05-01,RPA,NHS ENGLAND SOUTH EAST,MEDWAY NHS FOUNDATION TRUST,9403,16732,2810,3886,442,588,0.7677504183600287,0.7011592045091992
2024-05-01,RPC,NHS ENGLAND SOUTH EAST,QUEEN VICTORIA HOSPITAL NHS FOUNDATION TRUST,0,1618,0,17,0,0,0.9894932014833128,
2024-05-01,RQ3,NHS ENGLAND MIDLANDS,BIRMINGHAM WOMEN'S AND CHILDREN'S NHS FOUNDATION TRUST,5569,5569,1208,1208,0,6,0.7830849344586102,0.7830849344586102
2024-05-01,RQM,NHS ENGLAND LONDON,CHELSEA AND WESTMINSTER HOSPITAL NHS FOUNDATION TRUST,20387,26961,5146,5378,778,61,0.8005266866955973,0.7475842448619219
2024-05-01,RQW,NHS ENGLAND EAST OF ENGLAND,THE PRINCESS ALEXANDRA HOSPITAL NHS TRUST,8607,10706,4138,4138,477,129,0.6134877638707267,0.5192285349134426
2024-05-01,RQX,NHS ENGLAND LONDON,HOMERTON HEALTHCARE NHS FOUNDATION TRUST,11636,11636,2328,2328,207,18,0.7999312478514954,0.7999312478514954
2024-05-01,RR7,NHS ENGLAND NORTH EAST AND YORKSHIRE,GATESHEAD HEALTH NHS FOUNDATION TRUST,5873,9971,2726,2787,954,4,0.7204894193160165,0.5358419887621317
2024-05-01,RR8,NHS ENGLAND NORTH EAST AND YORKSHIRE,LEEDS TEACHING HOSPITALS NHS TRUST,18663,32003,7850,7933,1908,302,0.7521169890322782,0.5793816642554788
2024-05-01,RRF,NHS ENGLAND NORTH WEST,"WRIGHTINGTON, WIGAN AND LEIGH NHS FOUNDATION TRUST",7563,13383,3690,3742,1154,442,0.7203915415078832,0.5120983736612456
2024-05-01,RRK,NHS ENGLAND MIDLANDS,UNIVERSITY HOSPITALS BIRMINGHAM NHS FOUNDATION TRUST,35332,37409,15433,15449,2355,2190,0.5870245128177711,0.5632004981320049
2024-05-01,RRV,NHS ENGLAND LONDON,UNIVERSITY COLLEGE LONDON HOSPITALS NHS FOUNDATION TRUST,13474,13474,4779,4779,426,140,0.6453169066350007,0.6453169066350007
2024-05-01,RTD,NHS ENGLAND NORTH EAST AND YORKSHIRE,THE NEWCASTLE UPON TYNE HOSPITALS NHS FOUNDATION TRUST,12756,19591,5565,5757,616,65,0.7061405747537135,0.5637347130761994
2024-05-01,RTE,NHS ENGLAND SOUTH WEST,GLOUCESTERSHIRE HOSPITALS NHS FOUNDATION TRUST,13362,13362,5555,5555,353,698,0.5842688220326299,0.5842688220326299
2024-05-01,RTF,NHS ENGLAND NORTH EAST AND YORKSHIRE,NORTHUMBRIA HEALTHCARE NHS FOUNDATION TRUST,10015,23384,3029,3039,61,1,0.8700393431406089,0.6975536694957564
2024-05-01,RTG,NHS ENGLAND MIDLANDS,UNIVERSITY HOSPITALS OF DERBY AND BURTON NHS FOUNDATION TRUST,22167,32423,9134,9163,851,876,0.7173919748326805,0.5879460459241215
2024-05-01,RTH,NHS ENGLAND SOUTH EAST,OXFORD UNIVERSITY HOSPITALS NHS FOUNDATION TRUST,12430,16619,4159,4161,687,1,0.7496239244238523,0.6654062751407884
2024-05-01,RTK,NHS ENGLAND SOUTH EAST,ASHFORD AND ST PETER'S HOSPITALS NHS FOUNDATION TRUST,10511,10511,3663,3663,736,203,0.6515079440586053,0.6515079440586053
2024-05-01,RTP,NHS ENGLAND SOUTH EAST,SURREY AND SUSSEX HEALTHCARE NHS TRUST,10800,10800,3321,3321,610,556,0.6925,0.6925
2024-05-01,RTQ,NHS ENGLAND SOUTH WEST,GLOUCESTERSHIRE HEALTH AND CARE NHS FOUNDATION TRUST,0,7544,0,46,0,0,0.9939024390243902,
2024-05-01,RTR,NHS ENGLAND NORTH EAST AND YORKSHIRE,SOUTH TEES HOSPITALS NHS FOUNDATION TRUST,8252,17617,4250,4989,406,25,0.716807628994721,0.484973339796413
2024-05-01,RTX,NHS ENGLAND NORTH WEST,UNIVERSITY HOSPITALS OF MORECAMBE BAY NHS FOUNDATION TRUST,9793,13359,2973,3074,658,410,0.7698929560595853,0.696415807209231
2024-05-01,RV9,NHS ENGLAND NORTH EAST AND YORKSHIRE,HUMBER TEACHING NHS FOUNDATION TRUST,0,1243,0,18,0,0,0.9855189058728882,
2024-05-01,RVJ,NHS ENGLAND SOUTH WEST,NORTH BRISTOL NHS TRUST,9493,9493,3625,3625,694,217,0.6181396818708522,0.6181396818708522
2024-05-01,RVR,NHS ENGLAND LONDON,EPSOM AND ST HELIER UNIVERSITY HOSPITALS NHS TRUST,11500,13503,2967,3091,245,661,0.7710879063911723,0.742
2024-05-01,RVV,NHS ENGLAND SOUTH EAST,EAST KENT HOSPITALS UNIVERSITY NHS FOUNDATION TRUST,13011,26276,6083,6319,592,1227,0.7595143857512558,0.5324725232495581
2024-05-01,RVW,NHS ENGLAND NORTH EAST AND YORKSHIRE,NORTH TEES AND HARTLEPOOL NHS FOUNDATION TRUST,4879,16981,2109,2180,157,1,0.8716212237206289,0.5677392908382866
2024-05-01,RW1,NHS ENGLAND SOUTH EAST,SOUTHERN HEALTH NHS FOUNDATION TRUST,0,3163,0,93,0,0,0.9705975339867214,
2024-05-01,RW4,NHS ENGLAND NORTH WEST,MERSEY CARE NHS FOUNDATION TRUST,0,11608,0,628,0,0,0.9458993797381117,
2024-05-01,RWA,NHS ENGLAND NORTH EAST AND YORKSHIRE,HULL UNIVERSITY TEACHING HOSPITALS NHS TRUST,9392,14481,4986,5629,1046,360,0.61128375112216,0.46912265758092
2024-05-01,RWD,NHS ENGLAND MIDLANDS,UNITED LINCOLNSHIRE HOSPITALS NHS TRUST,10453,21386,7110,8392,1128,1103,0.6075937529224726,0.3198124940208552
2024-05-01,RWE,NHS ENGLAND MIDLANDS,UNIVERSITY HOSPITALS OF LEICESTER NHS TRUST,23188,25231,9700,9767,1545,520,0.6128968332606715,0.5816801794031395
2024-05-01,RWF,NHS ENGLAND SOUTH EAST,MAIDSTONE AND TUNBRIDGE WELLS NHS TRUST,18736,20993,3276,3328,901,27,0.8414709665126471,0.8251494449188728
2024-05-01,RWG,NHS ENGLAND EAST OF ENGLAND,WEST HERTFORDSHIRE TEACHING HOSPITALS NHS TRUST,8347,16535,3113,3514,800,1,0.7874811006954944,0.6270516353180784
2024-05-01,RWH,NHS ENGLAND EAST OF ENGLAND,EAST AND NORTH HERTFORDSHIRE NHS TRUST,9531,16951,5255,5438,255,69,0.6791929679664916,0.4486412758367433
2024-05-01,RWJ,NHS ENGLAND NORTH WEST,STOCKPORT NHS FOUNDATION TRUST,8148,9177,3538,3559,862,325,0.6121826304892666,0.5657830142366225
2024-05-01,RWP,NHS ENGLAND MIDLANDS,WORCESTERSHIRE ACUTE HOSPITALS NHS TRUST,13286,19683,6643,6684,955,271,0.6604176192653559,0.5
2024-05-01,RWW,NHS ENGLAND NORTH WEST,WARRINGTON AND HALTON TEACHING HOSPITALS NHS FOUNDATION TRUST,7412,10917,3671,3774,747,736,0.6543006320417697,0.5047220723151646
2024-05-01,RWX,NHS ENGLAND SOUTH EAST,BERKSHIRE HEALTHCARE NHS FOUNDATION TRUST,0,1587,0,12,0,0,0.9924385633270322,
2024-05-01,RWY,NHS ENGLAND NORTH EAST AND YORKSHIRE,CALDERDALE AND HUDDERSFIELD NHS FOUNDATION TRUST,16416,16416,5090,5090,1143,1,0.6899366471734893,0.6899366471734893
2024-05-01,RX1,NHS ENGLAND MIDLANDS,NOTTINGHAM UNIVERSITY HOSPITALS NHS TRUST,16556,18859,7908,7990,878,450,0.576329603902646,0.5223483933317226
2024-05-01,RXC,NHS ENGLAND SOUTH EAST,EAST SUSSEX HEALTHCARE NHS TRUST,10590,13040,3211,3242,277,4,0.7513803680981594,0.6967894239848914
2024-05-01,RXF,NHS ENGLAND NORTH EAST AND YORKSHIRE,MID YORKSHIRE TEACHING NHS TRUST,17925,24799,7104,7625,2278,242,0.6925279245130852,0.6036820083682009
2024-05-01,RXG,NHS ENGLAND NORTH EAST AND YORKSHIRE,SOUTH WEST YORKSHIRE PARTNERSHIP NHS FOUNDATION TRUST,0,0,0,0,0,0,,
2024-05-01,RXK,NHS ENGLAND MIDLANDS,SANDWELL AND WEST BIRMINGHAM HOSPITALS NHS TRUST,15997,26448,7637,8062,1659,343,0.6951754385964912,0.5225979871225854
2024-05-01,RXL,NHS ENGLAND NORTH WEST,BLACKPOOL TEACHING HOSPITALS NHS FOUNDATION TRUST,9230,20119,4047,4114,398,707,0.7955166757791143,0.5615384615384615
2024-05-01,RXN,NHS ENGLAND NORTH WEST,LANCASHIRE TEACHING HOSPITALS NHS FOUNDATION TRUST,12522,16176,4977,5203,1071,411,0.6783506429277943,0.6025395304264495
2024-05-01,RXP,NHS ENGLAND NORTH EAST AND YORKSHIRE,COUNTY DURHAM AND DARLINGTON NHS FOUNDATION TRUST,13555,18307,5985,5985,2245,25,0.6730758726170317,0.5584655108815935
2024-05-01,RXQ,NHS ENGLAND SOUTH EAST,BUCKINGHAMSHIRE HEALTHCARE NHS TRUST,10475,15593,3977,4228,369,148,0.7288526903097543,0.6203341288782815
2024-05-01,RXR,NHS ENGLAND NORTH WEST,EAST LANCASHIRE HOSPITALS NHS TRUST,13526,25112,4466,5022,408,1200,0.8000159286396942,0.6698210853171669
2024-05-01,RXW,NHS ENGLAND MIDLANDS,THE SHREWSBURY AND TELFORD HOSPITAL NHS TRUST,11073,13763,6706,7096,465,790,0.48441473515948563,0.39438273277341285
2024-05-01,RY2,NHS ENGLAND NORTH WEST,BRIDGEWATER COMMUNITY HEALTHCARE NHS FOUNDATION TRUST,0,3732,0,89,0,0,0.9761521972132905,
2024-05-01,RY4,NHS ENGLAND EAST OF ENGLAND,HERTFORDSHIRE COMMUNITY NHS TRUST,0,1044,0,16,0,0,0.9846743295019157,
2024-05-01,RY5,NHS ENGLAND MIDLANDS,LINCOLNSHIRE COMMUNITY HEALTH SERVICES NHS TRUST,0,8846,0,351,0,0,0.9603210490617228,
2024-05-01,RY7,NHS ENGLAND NORTH WEST,WIRRAL COMMUNITY HEALTH AND CARE NHS FOUNDATION TRUST,0,4800,0,119,0,0,0.9752083333333333,
2024-05-01,RY8,NHS ENGLAND MIDLANDS,DERBYSHIRE COMMUNITY HEALTH SERVICES NHS FOUNDATION TRUST,0,6626,0,127,0,0,0.9808330817989738,
2024-05-01,RYF,NHS ENGLAND SOUTH WEST,SOUTH WESTERN AMBULANCE SERVICE NHS FOUNDATION TRUST,0,1784,0,145,0,0,0.9187219730941704,
2024-05-01,RYG,NHS ENGLAND MIDLANDS,COVENTRY AND WARWICKSHIRE PARTNERSHIP NHS TRUST,0,0,0,0,0,0,,
2024-05-01,RYJ,NHS ENGLAND LONDON,IMPERIAL COLLEGE HEALTHCARE NHS TRUST,12378,24047,5203,5851,652,108,0.7566848255499646,0.5796574567781547
2024-05-01,RYR,NHS ENGLAND SOUTH EAST,UNIVERSITY HOSPITALS SUSSEX NHS FOUNDATION TRUST,22985,30173,10431,11278,1533,1316,0.6262221191131143,0.546182292799652
2024-05-01,RYX,NHS ENGLAND LONDON,CENTRAL LONDON COMMUNITY HEALTHCARE NHS TRUST,0,11774,0,354,0,0,0.9699337523356548,
2024-05-01,RYY,NHS ENGLAND SOUTH EAST,KENT COMMUNITY HEALTH NHS FOUNDATION TRUST,0,10818,0,44,0,0,0.9959327047513403,
2024-05-01,Y00751,NHS ENGLAND SOUTH EAST,EAST BERKS PRIMARY CARE OOH(WAM),0,0,0,0,0,0,,
2024-05-01,Y02147,NHS ENGLAND LONDON,URGENT CARE CENTRE (QMS),0,8154,0,352,0,0,0.9568310031886191,
2024-05-01,Y02428,NHS ENGLAND EAST OF ENGLAND,PUTNOE WALK IN CENTRE,0,3181,0,0,0,0,1.0,
2024-05-01,Y02532,NHS ENGLAND NORTH WEST,MIRIAM MINOR EMERGENCY,0,1682,0,12,0,0,0.9928656361474435,
2024-05-01,Y02615,NHS ENGLAND MIDLANDS,SOUTH BIRMINGHAM GP WALK IN CENTRE,0,6835,0,0,0,0,1.0,
2024-05-01,Y02676,NHS ENGLAND SOUTH EAST,BRIGHTON STATION HEALTH CENTRE,0,2012,0,0,0,0,1.0,
2024-05-01,Y03007,NHS ENGLAND MIDLANDS,ERDINGTON GP HEALTH & WELLBEING WIC,0,0,0,0,0,0,,
2024-05-01,Y03218,NHS ENGLAND LONDON,THE PINN UNREGISTERED WIC,0,892,0,0,0,0,1.0,
2024-05-01,Y07709,NHS ENGLAND SOUTH EAST,READING URGENT CARE CENTRE,0,2265,0,0,0,0,1.0,
2024-06-01,8J094,NHS ENGLAND MIDLANDS,BADGER LTD,0,0,0,0,0,0,,
2024-06-01,AAH,NHS ENGLAND SOUTH WEST,TETBURY HOSPITAL TRUST LTD,0,574,0,0,0,0,1.0,
2024-06-01,ACH01,NHS ENGLAND SOUTH EAST,WHITSTABLE MEDICAL PRACTICE,0,4528,0,0,0,0,1.0,
2024-06-01,AD913,NHS ENGLAND LONDON,BECKENHAM BEACON UCC,0,3751,0,28,0,0,0.992535323913623,
2024-06-01,AJN,NHS ENGLAND NORTH EAST AND YORKSHIRE,WORKINGTON HEALTH LIMITED,0,365,0,0,0,0,1.0,
2024-06-01,AQN04,NHS ENGLAND SOUTH EAST,PHL LYMINGTON UTC,0,2997,0,29,0,0,0.9903236569903237,
2024-06-01,ARN03,NHS ENGLAND NORTH EAST AND YORKSHIRE,LOCAL CARE DIRECT,0,2220,0,0,0,0,1.0,
2024-06-01,AXG,NHS ENGLAND SOUTH WEST,WILTSHIRE HEALTH & CARE,0,2759,0,100,0,0,0.9637549836897427,
2024-06-01,C82009,NHS ENGLAND MIDLANDS,MARKET HARBOROUGH MED.CTR,0,351,0,0,0,0,1.0,
2024-06-01,C82038,NHS ENGLAND MIDLANDS,LATHAM HOUSE MEDICAL PRACTICE,0,323,0,0,0,0,1.0,
2024-06-01,C83023,NHS ENGLAND MIDLANDS,SLEAFORD MEDICAL GROUP,0,491,0,0,0,0,1.0,
2024-06-01,DT301,NHS ENGLAND EAST OF ENGLAND,HERTS URGENT CARE (ASCOTS LANE),0,2222,0,195,0,0,0.9122412241224123,
2024-06-01,G0Q0L,NHS ENGLAND LONDON,BARKING HOSPITAL UTC,0,2918,0,28,0,0,0.9904043865661412,
2024-06-01,K6K0R,NHS ENGLAND LONDON,HAROLD WOOD POLYCLINIC UTC,0,2927,0,44,0,0,0.984967543559959,
2024-06-01,L83087,NHS ENGLAND SOUTH WEST,OKEHAMPTON MEDICAL CENTRE,0,117,0,0,0,0,1.0,
2024-06-01,NDJ,NHS ENGLAND SOUTH EAST,FIRST COMMUNITY HEALTH AND CARE CIC,0,2514,0,0,0,0,1.0,
2024-06-01,NL7,NHS ENGLAND MIDLANDS,ASSURA VERTIS URGENT CARE CENTRES (BIRMINGHAM),0,3791,0,0,0,0,1.0,
2024-06-01,NLX,NHS ENGLAND SOUTH WEST,SIRONA CARE & HEALTH,0,8844,0,533,0,0,0.9397331524197196,
2024-06-01,NNF09,NHS ENGLAND NORTH EAST AND YORKSHIRE,BRANSHOLME HEALTH CENTRE,0,3630,0,596,0,0,0.8358126721763085,
2024-06-01,NNF94,NHS ENGLAND NORTH EAST AND YORKSHIRE,EAST RIDING COMMUNITY HOSPITAL,0,2879,0,450,0,0,0.8436957276832233,
2024-06-01,NNFA7,NHS ENGLAND NORTH EAST AND YORKSHIRE,GOOLE & DISTRICT HOSPITAL,0,1560,0,32,0,0,0.9794871794871794,
2024-06-01,NNJ,NHS ENGLAND MIDLANDS,DHU HEALTH CARE C.I.C,0,2109,0,1,0,0,0.9995258416311048,
2024-06-01,NNJ07,NHS ENGLAND MIDLANDS,LOUGHBOROUGH URGENT CARE CENTRE,0,5953,0,17,0,0,0.9971442969931127,
2024-06-01,NNJ0H,NHS ENGLAND MIDLANDS,LLR EA - THE MERLYN VAZ HEALTH & SOCIAL CARE CENTRE,0,196,0,1,0,0,0.9948979591836735,
2024-06-01,NNJ12,NHS ENGLAND MIDLANDS,MARKET HARBOROUGH,0,109,0,0,0,0,1.0,
2024-06-01,NNJ13,NHS ENGLAND MIDLANDS,MELTON MOWBRAY,0,74,0,0,0,0,1.0,
2024-06-01,NNJ14,NHS ENGLAND MIDLANDS,OADBY,0,500,0,1,0,0,0.998,
2024-06-01,NNJ15,NHS ENGLAND MIDLANDS,OAKHAM,0,89,0,0,0,0,1.0,
2024-06-01,NQT51,NHS ENGLAND SOUTH EAST,STATION PLAZA HEALTH CENTRE,0,991,0,0,0,0,1.0,
2024-06-01,NQT5F,NHS ENGLAND NORTH WEST,SKELMERSDALE WALK IN CENTRE,0,1793,0,14,0,0,0.9921918572225321,
2024-06-01,NQT5H,NHS ENGLAND SOUTH WEST,PAULTON MEMORIAL HOSPITAL,0,1007,0,5,0,0,0.9950347567030785,
2024-06-01,NQTE4,NHS ENGLAND MIDLANDS,SUMMERFIELD URGENT CARE CENTRE,0,3303,0,0,0,0,1.0,
2024-06-01,NR3,NHS ENGLAND MIDLANDS,NOTTINGHAM CITYCARE PARTNERSHIP,0,5115,0,158,0,0,0.9691104594330401,
2024-06-01,NTP11,NHS ENGLAND SOUTH EAST,PRACTICE PLUS GROUP HOSPITAL - SOUTHAMPTON,0,5196,0,278,0,0,0.9464973056197075,
2024-06-01,NTPAD,NHS ENGLAND SOUTH EAST,PRACTICE PLUS GROUP SURGICAL CENTRE - ST MARYS PORTSMOUTH,0,5309,0,31,0,0,0.9941608589188171,
2024-06-01,NTV0B,NHS ENGLAND SOUTH EAST,ASHFORD WALK-IN-CENTRE,0,2397,0,42,0,0,0.9824780976220275,
2024-06-01,NTV0W,NHS ENGLAND SOUTH EAST,WOKING WALK IN CENTRE,0,2346,0,130,0,0,0.9445865302642796,
2024-06-01,NV693,NHS ENGLAND NORTH WEST,ROSSENDALE MIU & OOH,0,1214,0,1,0,0,0.999176276771005,
2024-06-01,R0A,NHS ENGLAND NORTH WEST,MANCHESTER UNIVERSITY NHS FOUNDATION TRUST,24223,38751,10837,11541,3996,364,0.7021754277308973,0.5526152829955002
2024-06-01,R0B,NHS ENGLAND NORTH EAST AND YORKSHIRE,SOUTH TYNESIDE AND SUNDERLAND NHS FOUNDATION TRUST,11270,18655,4755,4934,538,2,0.7355132672205843,0.5780834072759539
2024-06-01,R0D,NHS ENGLAND SOUTH WEST,UNIVERSITY HOSPITALS DORSET NHS FOUNDATION TRUST,13603,18607,5175,5175,770,157,0.7218788627935724,0.6195692126736749
2024-06-01,R1D,NHS ENGLAND MIDLANDS,SHROPSHIRE COMMUNITY HEALTH NHS TRUST,0,3341,0,8,0,0,0.9976055073331338,
2024-06-01,R1F,NHS ENGLAND SOUTH EAST,ISLE OF WIGHT NHS TRUST,4026,6030,1791,1794,214,35,0.7024875621890547,0.5551415797317436
2024-06-01,R1H,NHS ENGLAND LONDON,BARTS HEALTH NHS TRUST,23982,42665,11574,13068,1134,823,0.6937067854213055,0.5173880410307731
2024-06-01,R1K,NHS ENGLAND LONDON,LONDON NORTH WEST UNIVERSITY HEALTHCARE NHS TRUST,13085,28397,6928,7095,811,498,0.7501496636968694,0.4705387848681697
2024-06-01,RA2,NHS ENGLAND SOUTH EAST,ROYAL SURREY COUNTY HOSPITAL NHS FOUNDATION TRUST,6655,8127,1706,1706,231,4,0.790082441245232,0.7436513899323817
2024-06-01,RA7,NHS ENGLAND SOUTH WEST,UNIVERSITY HOSPITALS BRISTOL AND WESTON NHS FOUNDATION TRUST,15122,17296,5215,5303,1156,230,0.6933973172987974,0.6551382092315832
2024-06-01,RA9,NHS ENGLAND SOUTH WEST,TORBAY AND SOUTH DEVON NHS FOUNDATION TRUST,6512,10013,2938,2952,361,76,0.7051832617597124,0.5488329238329238
2024-06-01,RAE,NHS ENGLAND NORTH EAST AND YORKSHIRE,BRADFORD TEACHING HOSPITALS NHS FOUNDATION TRUST,9289,13542,2260,2260,587,43,0.833111800324915,0.7567014748627409
2024-06-01,RAJ,NHS ENGLAND EAST OF ENGLAND,MID AND SOUTH ESSEX NHS FOUNDATION TRUST,29579,35707,9148,9304,3321,41,0.7394348447083205,0.6907265289563542
2024-06-01,RAL,NHS ENGLAND LONDON,ROYAL FREE LONDON NHS FOUNDATION TRUST,17990,26382,6667,6855,1040,560,0.7401637480100068,0.6294052251250695
2024-06-01,RAN,NHS ENGLAND LONDON,ROYAL NATIONAL ORTHOPAEDIC HOSPITAL NHS TRUST,0,0,0,0,0,0,,
2024-06-01,RAP,NHS ENGLAND LONDON,NORTH MIDDLESEX UNIVERSITY HOSPITAL NHS TRUST,7867,16144,4611,5719,307,817,0.6457507433102081,0.4138807677640778
2024-06-01,RAS,NHS ENGLAND LONDON,THE HILLINGDON HOSPITALS NHS FOUNDATION TRUST,5946,12525,3447,3628,410,10,0.7103393213572855,0.4202825428859738
2024-06-01,RAX,NHS ENGLAND LONDON,KINGSTON HOSPITAL NHS FOUNDATION TRUST,7002,15296,3269,3585,265,290,0.765625,0.5331333904598686
2024-06-01,RBD,NHS ENGLAND SOUTH WEST,DORSET COUNTY HOSPITAL NHS FOUNDATION TRUST,4311,4311,1826,1826,234,71,0.5764323822778938,0.5764323822778938
2024-06-01,RBK,NHS ENGLAND MIDLANDS,WALSALL HEALTHCARE NHS TRUST,8677,12576,2729,2858,749,72,0.7727417302798982,0.6854903768583611
2024-06-01,RBL,NHS ENGLAND NORTH WEST,WIRRAL UNIVERSITY TEACHING HOSPITAL NHS FOUNDATION TRUST,7780,10561,4534,4554,751,534,0.5687908342013067,0.41722365038560416
2024-06-01,RBN,NHS ENGLAND NORTH WEST,MERSEY AND WEST LANCASHIRE TEACHING HOSPITALS NHS TRUST,16606,23792,6364,6570,589,311,0.7238567585743108,0.6167650246898712
2024-06-01,RBQ,NHS ENGLAND NORTH WEST,LIVERPOOL HEART AND CHEST HOSPITAL NHS FOUNDATION TRUST,0,0,0,0,0,0,,
2024-06-01,RBS,NHS ENGLAND NORTH WEST,ALDER HEY CHILDREN'S NHS FOUNDATION TRUST,5739,5739,942,942,0,0,0.8358599059069525,0.8358599059069525
2024-06-01,RBT,NHS ENGLAND NORTH WEST,MID CHESHIRE HOSPITALS NHS FOUNDATION TRUST,7298,10194,4157,4191,708,520,0.588875809299588,0.4303918881885448
2024-06-01,RBV,NHS ENGLAND NORTH WEST,THE CHRISTIE NHS FOUNDATION TRUST,0,0,0,0,0,0,,
2024-06-01,RC9,NHS ENGLAND EAST OF ENGLAND,BEDFORDSHIRE HOSPITALS NHS FOUNDATION TRUST,16576,24577,6129,6129,80,6,0.7506204988403792,0.6302485521235521
2024-06-01,RCB,NHS ENGLAND NORTH EAST AND YORKSHIRE,YORK AND SCARBOROUGH TEACHING HOSPITALS NHS FOUNDATION TRUST,11392,20080,6141,6567,915,557,0.6729581673306773,0.4609375
2024-06-01,RCD,NHS ENGLAND NORTH EAST AND YORKSHIRE,HARROGATE AND DISTRICT NHS FOUNDATION TRUST,5113,6086,1665,1665,313,31,0.7264212947748931,0.6743594758458831
2024-06-01,RCF,NHS ENGLAND NORTH EAST AND YORKSHIRE,AIREDALE NHS FOUNDATION TRUST,6052,6277,2440,2440,489,178,0.6112792735383145,0.5968274950429611
2024-06-01,RCU,NHS ENGLAND NORTH EAST AND YORKSHIRE,SHEFFIELD CHILDREN'S NHS FOUNDATION TRUST,4810,5129,408,408,9,0,0.9204523298888673,0.9151767151767152
2024-06-01,RCX,NHS ENGLAND EAST OF ENGLAND,"THE QUEEN ELIZABETH HOSPITAL, KING'S LYNN, NHS FOUNDATION TRUST",6764,7893,2228,2228,342,155,0.7177245660712024,0.6706091070372561
2024-06-01,RD1,NHS ENGLAND SOUTH WEST,ROYAL UNITED HOSPITALS BATH NHS FOUNDATION TRUST,8500,8500,3106,3106,731,19,0.6345882352941177,0.6345882352941177
2024-06-01,RD8,NHS ENGLAND EAST OF ENGLAND,MILTON KEYNES UNIVERSITY HOSPITAL NHS FOUNDATION TRUST,8360,13717,3726,3935,662,0,0.7131296930815776,0.5543062200956939
2024-06-01,RDE,NHS ENGLAND EAST OF ENGLAND,EAST SUFFOLK AND NORTH ESSEX NHS FOUNDATION TRUST,14872,26967,7055,7220,1204,333,0.7322653613675975,0.5256186121570736
2024-06-01,RDR,NHS ENGLAND SOUTH EAST,SUSSEX COMMUNITY NHS FOUNDATION TRUST,0,12076,0,85,0,0,0.9929612454455118,
2024-06-01,RDU,NHS ENGLAND SOUTH EAST,FRIMLEY HEALTH NHS FOUNDATION TRUST,22963,35770,9744,9900,2059,376,0.7232317584568073,0.5756652005399991
2024-06-01,RDY,NHS ENGLAND SOUTH WEST,DORSET HEALTHCARE UNIVERSITY NHS FOUNDATION TRUST,0,0,0,0,0,0,,
2024-06-01,REF,NHS ENGLAND SOUTH WEST,ROYAL CORNWALL HOSPITALS NHS TRUST,6521,19170,3778,4660,529,523,0.7569118414188837,0.4206410059806778
2024-06-01,REM,NHS ENGLAND NORTH WEST,LIVERPOOL UNIVERSITY HOSPITALS NHS FOUNDATION TRUST,15168,24560,6559,6787,1890,942,0.7236563517915309,0.567576476793249
2024-06-01,REP,NHS ENGLAND NORTH WEST,LIVERPOOL WOMEN'S NHS FOUNDATION TRUST,0,1368,0,137,0,0,0.8998538011695907,
2024-06-01,RET,NHS ENGLAND NORTH WEST,THE WALTON CENTRE NHS FOUNDATION TRUST,0,0,0,0,0,0,,
2024-06-01,RF4,NHS ENGLAND LONDON,"BARKING, HAVERING AND REDBRIDGE UNIVERSITY HOSPITALS NHS TRUST",13032,28771,5452,5935,708,484,0.7937158944770776,0.5816451810926949
2024-06-01,RFF,NHS ENGLAND NORTH EAST AND YORKSHIRE,BARNSLEY HOSPITAL NHS FOUNDATION TRUST,8780,8780,2458,2458,357,0,0.7200455580865603,0.7200455580865603
2024-06-01,RFR,NHS ENGLAND NORTH EAST AND YORKSHIRE,THE ROTHERHAM NHS FOUNDATION TRUST,8704,8704,2724,2724,327,0,0.6870404411764706,0.6870404411764706
2024-06-01,RFS,NHS ENGLAND MIDLANDS,CHESTERFIELD ROYAL HOSPITAL NHS FOUNDATION TRUST,7027,8528,2637,2782,618,57,0.6737804878048781,0.6247331720506617
2024-06-01,RGN,NHS ENGLAND EAST OF ENGLAND,NORTH WEST ANGLIA NHS FOUNDATION TRUST,13873,18921,5013,5421,413,694,0.7134929443475504,0.6386506163050529
2024-06-01,RGP,NHS ENGLAND EAST OF ENGLAND,JAMES PAGET UNIVERSITY HOSPITALS NHS FOUNDATION TRUST,7323,8578,2945,2945,561,226,0.6566798787596176,0.5978424143110748
2024-06-01,RGR,NHS ENGLAND EAST OF ENGLAND,WEST SUFFOLK NHS FOUNDATION TRUST,7562,8302,2837,2837,523,510,0.6582751144302578,0.6248346998148637
2024-06-01,RGT,NHS ENGLAND EAST OF ENGLAND,CAMBRIDGE UNIVERSITY HOSPITALS NHS FOUNDATION TRUST,10072,16168,4963,5046,449,648,0.687902028698664,0.5072478157267672
2024-06-01,RH5,NHS ENGLAND SOUTH WEST,SOMERSET NHS FOUNDATION TRUST,13146,23402,5491,5685,262,8,0.7570720451243483,0.582306404990111
2024-06-01,RH8,NHS ENGLAND SOUTH WEST,ROYAL DEVON UNIVERSITY HEALTHCARE NHS FOUNDATION TRUST,12641,16695,4812,4855,1042,78,0.709194369571728,0.6193339134562139
2024-06-01,RHM,NHS ENGLAND SOUTH EAST,UNIVERSITY HOSPITAL SOUTHAMPTON NHS FOUNDATION TRUST,11461,12758,3783,3860,305,9,0.697444740554946,0.6699240903935084
2024-06-01,RHQ,NHS ENGLAND NORTH EAST AND YORKSHIRE,SHEFFIELD TEACHING HOSPITALS NHS FOUNDATION TRUST,8962,17267,4245,4410,1016,7,0.7445995251056929,0.5263334077214907
2024-06-01,RHU,NHS ENGLAND SOUTH EAST,PORTSMOUTH HOSPITALS UNIVERSITY NATIONAL HEALTH SERVICE TRUST,9788,13585,5307,5337,1380,33,0.6071402281928597,0.45780547609317535
2024-06-01,RHW,NHS ENGLAND SOUTH EAST,ROYAL BERKSHIRE NHS FOUNDATION TRUST,12057,14244,3863,3879,383,0,0.7276748104465038,0.6796052085925188
2024-06-01,RJ1,NHS ENGLAND LONDON,GUY'S AND ST THOMAS' NHS FOUNDATION TRUST,10382,17809,4003,4267,96,72,0.7604020439103824,0.614428819109998
2024-06-01,RJ2,NHS ENGLAND LONDON,LEWISHAM AND GREENWICH NHS TRUST,13920,25006,6851,8211,1025,465,0.6716388066863952,0.5078304597701149
2024-06-01,RJ6,NHS ENGLAND LONDON,CROYDON HEALTH SERVICES NHS TRUST,13337,18295,4748,4748,404,649,0.7404755397649632,0.6439979005773413
2024-06-01,RJ7,NHS ENGLAND LONDON,ST GEORGE'S UNIVERSITY HOSPITALS NHS FOUNDATION TRUST,8735,12084,2270,2270,389,464,0.812148295266468,0.7401259301659988
2024-06-01,RJ8,NHS ENGLAND SOUTH WEST,CORNWALL PARTNERSHIP NHS FOUNDATION TRUST,0,0,0,0,0,0,,
2024-06-01,RJC,NHS ENGLAND MIDLANDS,SOUTH WARWICKSHIRE UNIVERSITY NHS FOUNDATION TRUST,8443,8840,2539,2539,394,9,0.7127828054298643,0.6992775079947886
2024-06-01,RJE,NHS ENGLAND MIDLANDS,UNIVERSITY HOSPITALS OF NORTH MIDLANDS NHS TRUST,13371,22687,6498,6619,998,875,0.708247013708291,0.5140228853488894
2024-06-01,RJL,NHS ENGLAND NORTH EAST AND YORKSHIRE,NORTHERN LINCOLNSHIRE AND GOOLE NHS FOUNDATION TRUST,8775,15622,4764,4814,592,923,0.691844834208168,0.4570940170940171
2024-06-01,RJN,NHS ENGLAND NORTH WEST,EAST CHESHIRE NHS TRUST,4360,4360,2089,2089,218,269,0.5208715596330276,0.5208715596330276
2024-06-01,RJR,NHS ENGLAND NORTH WEST,COUNTESS OF CHESTER HOSPITAL NHS FOUNDATION TRUST,5098,7069,2763,2943,300,597,0.5836752015843825,0.45802275402118475
2024-06-01,RJZ,NHS ENGLAND LONDON,KING'S COLLEGE HOSPITAL NHS FOUNDATION TRUST,15505,24431,6941,7680,1296,793,0.6856452867258811,0.5523379554982264
2024-06-01,RK5,NHS ENGLAND MIDLANDS,SHERWOOD FOREST HOSPITALS NHS FOUNDATION TRUST,11024,16522,4552,4765,605,84,0.711596659000121,0.5870827285921625
2024-06-01,RK9,NHS ENGLAND SOUTH WEST,UNIVERSITY HOSPITALS PLYMOUTH NHS TRUST,9105,14615,5050,5255,661,487,0.6404379062606911,0.4453596924766612
2024-06-01,RKB,NHS ENGLAND MIDLANDS,UNIVERSITY HOSPITALS COVENTRY AND WARWICKSHIRE NHS TRUST,11658,19768,6480,7328,197,75,0.6292998785916633,0.4441585177560473
2024-06-01,RKE,NHS ENGLAND LONDON,WHITTINGTON HEALTH NHS TRUST,9125,9125,2598,2598,208,339,0.7152876712328767,0.7152876712328767
2024-06-01,RL1,NHS ENGLAND MIDLANDS,THE ROBERT JONES AND AGNES HUNT ORTHOPAEDIC HOSPITAL NHS FOUNDATION TRUST,0,0,0,0,0,0,,
2024-06-01,RL4,NHS ENGLAND MIDLANDS,THE ROYAL WOLVERHAMPTON NHS TRUST,12890,20483,3915,4048,1188,212,0.8023726993116242,0.6962761830876649
2024-06-01,RLQ,NHS ENGLAND MIDLANDS,WYE VALLEY NHS TRUST,6051,7204,2435,2435,422,293,0.6619933370349806,0.5975871756734423
2024-06-01,RLT,NHS ENGLAND MIDLANDS,GEORGE ELIOT HOSPITAL NHS TRUST,7038,8873,2089,2122,607,51,0.7608475149329427,0.7031827223643081
2024-06-01,RM1,NHS ENGLAND EAST OF ENGLAND,NORFOLK AND NORWICH UNIVERSITY HOSPITALS NHS FOUNDATION TRUST,12047,20564,3626,3636,691,112,0.8231861505543668,0.6990122022080185
2024-06-01,RM3,NHS ENGLAND NORTH WEST,NORTHERN CARE ALLIANCE NHS FOUNDATION TRUST,25044,33753,10980,11285,1265,1066,0.6656593487986253,0.5615716339242933
2024-06-01,RMC,NHS ENGLAND NORTH WEST,BOLTON NHS FOUNDATION TRUST,7628,11090,3952,4247,497,607,0.6170423805229936,0.4819087572102779
2024-06-01,RMP,NHS ENGLAND NORTH WEST,TAMESIDE AND GLOSSOP INTEGRATED CARE NHS FOUNDATION TRUST,8285,10751,4231,4231,535,31,0.6064552134685146,0.4893180446590223
2024-06-01,RN3,NHS ENGLAND SOUTH WEST,GREAT WESTERN HOSPITALS NHS FOUNDATION TRUST,5418,10955,2480,2781,501,84,0.7461433135554542,0.542266519010705
2024-06-01,RN5,NHS ENGLAND SOUTH EAST,HAMPSHIRE HOSPITALS NHS FOUNDATION TRUST,12260,12914,4225,4225,529,7,0.6728356822053585,0.6553833605220228
2024-06-01,RN7,NHS ENGLAND SOUTH EAST,DARTFORD AND GRAVESHAM NHS TRUST,11218,14976,3886,3920,748,104,0.7382478632478633,0.653592440720271
2024-06-01,RNA,NHS ENGLAND MIDLANDS,THE DUDLEY GROUP NHS FOUNDATION TRUST,9071,13620,2461,2646,1860,266,0.805726872246696,0.7286958438981369
2024-06-01,RNN,NHS ENGLAND NORTH EAST AND YORKSHIRE,NORTH CUMBRIA INTEGRATED CARE NHS FOUNDATION TRUST,9054,11090,3789,3826,727,407,0.6550045085662759,0.5815109343936382
2024-06-01,RNQ,NHS ENGLAND MIDLANDS,KETTERING GENERAL HOSPITAL NHS FOUNDATION TRUST,9604,18321,3279,3380,1342,0,0.8155122536979422,0.6585797584339859
2024-06-01,RNS,NHS ENGLAND MIDLANDS,NORTHAMPTON GENERAL HOSPITAL NHS TRUST,10551,13106,3527,3554,447,737,0.7288264916831986,0.6657188892048147
2024-06-01,RNU,NHS ENGLAND SOUTH EAST,OXFORD HEALTH NHS FOUNDATION TRUST,0,4266,0,463,0,0,0.8914674167838725,
2024-06-01,RNZ,NHS ENGLAND SOUTH WEST,SALISBURY NHS FOUNDATION TRUST,4628,6858,2116,2116,464,0,0.6914552347623214,0.5427830596369922
2024-06-01,RP5,NHS ENGLAND NORTH EAST AND YORKSHIRE,DONCASTER AND BASSETLAW TEACHING HOSPITALS NHS FOUNDATION TRUST,13676,17475,4626,4649,852,108,0.7339628040057224,0.6617431997660135
2024-06-01,RP6,NHS ENGLAND LONDON,MOORFIELDS EYE HOSPITAL NHS FOUNDATION TRUST,0,5779,0,197,0,0,0.9659110572763454,
2024-06-01,RPA,NHS ENGLAND SOUTH EAST,MEDWAY NHS FOUNDATION TRUST,9024,15908,2860,3557,355,616,0.7764018104098567,0.6830673758865249
2024-06-01,RPC,NHS ENGLAND SOUTH EAST,QUEEN VICTORIA HOSPITAL NHS FOUNDATION TRUST,0,1480,0,18,0,0,0.9878378378378379,
2024-06-01,RQ3,NHS ENGLAND MIDLANDS,BIRMINGHAM WOMEN'S AND CHILDREN'S NHS FOUNDATION TRUST,5243,5243,1046,1046,0,0,0.8004958992942972,0.8004958992942972
2024-06-01,RQM,NHS ENGLAND LONDON,CHELSEA AND WESTMINSTER HOSPITAL NHS FOUNDATION TRUST,19566,25809,5077,5193,827,63,0.7987911193769615,0.7405192681181642
2024-06-01,RQW,NHS ENGLAND EAST OF ENGLAND,THE PRINCESS ALEXANDRA HOSPITAL NHS TRUST,8277,10058,4145,4145,412,124,0.5878902366275601,0.4992146913132778
2024-06-01,RQX,NHS ENGLAND LONDON,HOMERTON HEALTHCARE NHS FOUNDATION TRUST,11192,11192,2007,2007,151,20,0.8206754824874911,0.8206754824874911
2024-06-01,RR7,NHS ENGLAND NORTH EAST AND YORKSHIRE,GATESHEAD HEALTH NHS FOUNDATION TRUST,5684,9518,2224,2271,752,0,0.7613994536667367,0.6087262491203378
2024-06-01,RR8,NHS ENGLAND NORTH EAST AND YORKSHIRE,LEEDS TEACHING HOSPITALS NHS TRUST,17347,29699,6991,7137,1753,218,0.7596888784134146,0.5969908341499971
2024-06-01,RRF,NHS ENGLAND NORTH WEST,"WRIGHTINGTON, WIGAN AND LEIGH NHS FOUNDATION TRUST",6925,12322,3165,3203,962,258,0.7400584320727155,0.5429602888086642
2024-06-01,RRK,NHS ENGLAND MIDLANDS,UNIVERSITY HOSPITALS BIRMINGHAM NHS FOUNDATION TRUST,33686,35642,14020,14064,2419,1775,0.6054093485214074,0.5838033604464763
2024-06-01,RRV,NHS ENGLAND LONDON,UNIVERSITY COLLEGE LONDON HOSPITALS NHS FOUNDATION TRUST,12631,12631,3825,3825,455,115,0.6971736204576042,0.6971736204576042
2024-06-01,RTD,NHS ENGLAND NORTH EAST AND YORKSHIRE,THE NEWCASTLE UPON TYNE HOSPITALS NHS FOUNDATION TRUST,11911,18449,4989,5037,465,37,0.7269770719280177,0.5811434808160524
2024-06-01,RTE,NHS ENGLAND SOUTH WEST,GLOUCESTERSHIRE HOSPITALS NHS FOUNDATION TRUST,12603,12603,5233,5233,276,676,0.5847814012536698,0.5847814012536698
2024-06-01,RTF,NHS ENGLAND NORTH EAST AND YORKSHIRE,NORTHUMBRIA HEALTHCARE NHS FOUNDATION TRUST,9433,22369,2536,2545,28,1,0.8862264741383165,0.731156577970953
2024-06-01,RTG,NHS ENGLAND MIDLANDS,UNIVERSITY HOSPITALS OF DERBY AND BURTON NHS FOUNDATION TRUST,21447,31036,9247,9282,927,916,0.700927954633329,0.5688441273837832
2024-06-01,RTH,NHS ENGLAND SOUTH EAST,OXFORD UNIVERSITY HOSPITALS NHS FOUNDATION TRUST,12092,15833,4110,4112,635,0,0.7402892692477736,0.6601058551108171
2024-06-01,RTK,NHS ENGLAND SOUTH EAST,ASHFORD AND ST PETER'S HOSPITALS NHS FOUNDATION TRUST,10146,10146,3211,3211,582,142,0.6835205992509363,0.6835205992509363
2024-06-01,RTP,NHS ENGLAND SOUTH EAST,SURREY AND SUSSEX HEALTHCARE NHS TRUST,10487,10487,3114,3114,640,445,0.7030609325831982,0.7030609325831982
2024-06-01,RTQ,NHS ENGLAND SOUTH WEST,GLOUCESTERSHIRE HEALTH AND CARE NHS FOUNDATION TRUST,0,7479,0,47,0,0,0.9937157373980479,
2024-06-01,RTR,NHS ENGLAND NORTH EAST AND YORKSHIRE,SOUTH TEES HOSPITALS NHS FOUNDATION TRUST,7245,16562,3748,4535,353,24,0.7261804129935998,0.4826777087646653
2024-06-01,RTX,NHS ENGLAND NORTH WEST,UNIVERSITY HOSPITALS OF MORECAMBE BAY NHS FOUNDATION TRUST,9084,12352,2701,2766,550,348,0.7760686528497409,0.7026640246587406
2024-06-01,RV9,NHS ENGLAND NORTH EAST AND YORKSHIRE,HUMBER TEACHING NHS FOUNDATION TRUST,0,1181,0,4,0,0,0.9966130397967824,
2024-06-01,RVJ,NHS ENGLAND SOUTH WEST,NORTH BRISTOL NHS TRUST,9090,9090,3342,3342,637,252,0.6323432343234323,0.6323432343234323
2024-06-01,RVR,NHS ENGLAND LONDON,EPSOM AND ST HELIER UNIVERSITY HOSPITALS NHS TRUST,11286,13156,2902,2953,241,668,0.7755396777135908,0.7428672691830587
2024-06-01,RVV,NHS ENGLAND SOUTH EAST,EAST KENT HOSPITALS UNIVERSITY NHS FOUNDATION TRUST,12539,25115,6018,6239,537,1189,0.7515827194903444,0.5200574208469575
2024-06-01,RVW,NHS ENGLAND NORTH EAST AND YORKSHIRE,NORTH TEES AND HARTLEPOOL NHS FOUNDATION TRUST,4588,15923,1561,1599,54,0,0.8995792250204108,0.6597646033129905
2024-06-01,RW1,NHS ENGLAND SOUTH EAST,SOUTHERN HEALTH NHS FOUNDATION TRUST,0,2968,0,38,0,0,0.9871967654986523,
2024-06-01,RW4,NHS ENGLAND NORTH WEST,MERSEY CARE NHS FOUNDATION TRUST,0,10278,0,477,0,0,0.9535901926444834,
2024-06-01,RWA,NHS ENGLAND NORTH EAST AND YORKSHIRE,HULL UNIVERSITY TEACHING HOSPITALS NHS TRUST,9116,13570,4836,5286,862,463,0.6104642593957259,0.4695041684949539
2024-06-01,RWD,NHS ENGLAND MIDLANDS,UNITED LINCOLNSHIRE HOSPITALS NHS TRUST,9852,20131,6692,7794,985,1059,0.6128359246932591,0.3207470564352416
2024-06-01,RWE,NHS ENGLAND MIDLANDS,UNIVERSITY HOSPITALS OF LEICESTER NHS TRUST,22235,24194,9660,9733,1609,647,0.5977101760767132,0.5655498088599056
2024-06-01,RWF,NHS ENGLAND SOUTH EAST,MAIDSTONE AND TUNBRIDGE WELLS NHS TRUST,17973,20126,3312,3363,914,29,0.8329027129086753,0.8157235853780671
2024-06-01,RWG,NHS ENGLAND EAST OF ENGLAND,WEST HERTFORDSHIRE TEACHING HOSPITALS NHS TRUST,8128,16326,2609,2980,486,4,0.8174690677447017,0.6790108267716535
2024-06-01,RWH,NHS ENGLAND EAST OF ENGLAND,EAST AND NORTH HERTFORDSHIRE NHS TRUST,9180,16462,4559,4826,141,23,0.7068399951403233,0.5033769063180829
2024-06-01,RWJ,NHS ENGLAND NORTH WEST,STOCKPORT NHS FOUNDATION TRUST,7762,8774,3031,3053,716,270,0.6520401185320264,0.6095078587992786
2024-06-01,RWP,NHS ENGLAND MIDLANDS,WORCESTERSHIRE ACUTE HOSPITALS NHS TRUST,12929,19116,6285,6301,815,307,0.6703808328102113,0.5138835176734473
2024-06-01,RWW,NHS ENGLAND NORTH WEST,WARRINGTON AND HALTON TEACHING HOSPITALS NHS FOUNDATION TRUST,6731,9732,3210,3302,641,633,0.6607069461570079,0.5231020650720546
2024-06-01,RWX,NHS ENGLAND SOUTH EAST,BERKSHIRE HEALTHCARE NHS FOUNDATION TRUST,0,1629,0,19,0,0,0.9883364027010436,
2024-06-01,RWY,NHS ENGLAND NORTH EAST AND YORKSHIRE,CALDERDALE AND HUDDERSFIELD NHS FOUNDATION TRUST,15680,15680,5159,5159,1085,1,0.6709821428571429,0.6709821428571429
2024-06-01,RX1,NHS ENGLAND MIDLANDS,NOTTINGHAM UNIVERSITY HOSPITALS NHS TRUST,15585,18086,7096,7216,807,445,0.6010173614950791,0.5446904074430542
2024-06-01,RXC,NHS ENGLAND SOUTH EAST,EAST SUSSEX HEALTHCARE NHS TRUST,10391,12874,2950,2964,286,11,0.7697685257107348,0.7161004715619286
2024-06-01,RXF,NHS ENGLAND NORTH EAST AND YORKSHIRE,MID YORKSHIRE TEACHING NHS TRUST,16962,23295,6404,6737,2311,89,0.7107963082206482,0.6224501827614668
2024-06-01,RXG,NHS ENGLAND NORTH EAST AND YORKSHIRE,SOUTH WEST YORKSHIRE PARTNERSHIP NHS FOUNDATION TRUST,0,0,0,0,0,0,,
2024-06-01,RXK,NHS ENGLAND MIDLANDS,SANDWELL AND WEST BIRMINGHAM HOSPITALS NHS TRUST,14968,25129,7256,7562,1523,719,0.6990727844323292,0.5152324959914485
2024-06-01,RXL,NHS ENGLAND NORTH WEST,BLACKPOOL TEACHING HOSPITALS NHS FOUNDATION TRUST,8724,18822,3972,4028,452,656,0.7859951121028583,0.5447042640990372
2024-06-01,RXN,NHS ENGLAND NORTH WEST,LANCASHIRE TEACHING HOSPITALS NHS FOUNDATION TRUST,11893,15421,4378,4512,1027,244,0.7074119706893198,0.6318843016900698
2024-06-01,RXP,NHS ENGLAND NORTH EAST AND YORKSHIRE,COUNTY DURHAM AND DARLINGTON NHS FOUNDATION TRUST,12780,17227,5547,5547,1936,26,0.6780054565507634,0.565962441314554
2024-06-01,RXQ,NHS ENGLAND SOUTH EAST,BUCKINGHAMSHIRE HEALTHCARE NHS TRUST,10035,14874,3629,3794,303,231,0.744924028506118,0.6383657199800697
2024-06-01,RXR,NHS ENGLAND NORTH WEST,EAST LANCASHIRE HOSPITALS NHS TRUST,12826,23797,4246,4690,521,1077,0.8029163339916796,0.6689536878216124
2024-06-01,RXW,NHS ENGLAND MIDLANDS,THE SHREWSBURY AND TELFORD HOSPITAL NHS TRUST,10501,12926,5966,6209,439,647,0.5196503171901594,0.4318636320350443
2024-06-01,RY2,NHS ENGLAND NORTH WEST,BRIDGEWATER COMMUNITY HEALTHCARE NHS FOUNDATION TRUST,0,3173,0,19,0,0,0.9940119760479041,
2024-06-01,RY4,NHS ENGLAND EAST OF ENGLAND,HERTFORDSHIRE COMMUNITY NHS TRUST,0,1038,0,24,0,0,0.976878612716763,
2024-06-01,RY5,NHS ENGLAND MIDLANDS,LINCOLNSHIRE COMMUNITY HEALTH SERVICES NHS TRUST,0,8619,0,186,0,0,0.9784197702749738,
2024-06-01,RY7,NHS ENGLAND NORTH WEST,WIRRAL COMMUNITY HEALTH AND CARE NHS FOUNDATION TRUST,0,4533,0,124,0,0,0.972645047429958,
2024-06-01,RY8,NHS ENGLAND MIDLANDS,DERBYSHIRE COMMUNITY HEALTH SERVICES NHS FOUNDATION TRUST,0,5816,0,118,0,0,0.9797111416781293,
2024-06-01,RYF,NHS ENGLAND SOUTH WEST,SOUTH WESTERN AMBULANCE SERVICE NHS FOUNDATION TRUST,0,1737,0,155,0,0,0.9107656879677605,
2024-06-01,RYG,NHS ENGLAND MIDLANDS,COVENTRY AND WARWICKSHIRE PARTNERSHIP NHS TRUST,0,0,0,0,0,0,,
2024-06-01,RYJ,NHS ENGLAND LONDON,IMPERIAL COLLEGE HEALTHCARE NHS TRUST,11912,23297,4742,5211,614,109,0.7763231317336996,0.6019140362659503
2024-06-01,RYR,NHS ENGLAND SOUTH EAST,UNIVERSITY HOSPITALS SUSSEX NHS FOUNDATION TRUST,21846,28539,9494,10184,1727,1011,0.6431549809033252,0.565412432481919
2024-06-01,RYX,NHS ENGLAND LONDON,CENTRAL LONDON COMMUNITY HEALTHCARE NHS TRUST,0,11180,0,261,0,0,0.976654740608229,
2024-06-01,RYY,NHS ENGLAND SOUTH EAST,KENT COMMUNITY HEALTH NHS FOUNDATION TRUST,0,10400,0,34,0,0,0.9967307692307692,
2024-06-01,Y00751,NHS ENGLAND SOUTH EAST,EAST BERKS PRIMARY CARE OOH(WAM),0,0,0,0,0,0,,
2024-06-01,Y02147,NHS ENGLAND LONDON,URGENT CARE CENTRE (QMS),0,7619,0,209,0,0,0.972568578553616,
2024-06-01,Y02428,NHS ENGLAND EAST OF ENGLAND,PUTNOE WALK IN CENTRE,0,2903,0,0,0,0,1.0,
2024-06-01,Y02532,NHS ENGLAND NORTH WEST,MIRIAM MINOR EMERGENCY,0,1627,0,4,0,0,0.9975414874001229,
2024-06-01,Y02615,NHS ENGLAND MIDLANDS,SOUTH BIRMINGHAM GP WALK IN CENTRE,0,6500,0,0,0,0,1.0,
2024-06-01,Y02676,NHS ENGLAND SOUTH EAST,BRIGHTON STATION HEALTH CENTRE,0,1745,0,0,0,0,1.0,
2024-06-01,Y03007,NHS ENGLAND MIDLANDS,ERDINGTON GP HEALTH & WELLBEING WIC,0,0,0,0,0,0,,
2024-06-01,Y03218,NHS ENGLAND LONDON,THE PINN UNREGISTERED WIC,0,747,0,0,0,0,1.0,
2024-06-01,Y07709,NHS ENGLAND SOUTH EAST,READING URGENT CARE CENTRE,0,2150,0,0,0,0,1.0,
2024-07-01,8J094,NHS ENGLAND MIDLANDS,BADGER LTD,0,0,0,0,0,0,,
2024-07-01,AAH,NHS ENGLAND SOUTH WEST,TETBURY HOSPITAL TRUST LTD,0,656,0,0,0,0,1.0,
2024-07-01,ACH01,NHS ENGLAND SOUTH EAST,WHITSTABLE MEDICAL PRACTICE,0,4629,0,0,0,0,1.0,
2024-07-01,AD913,NHS ENGLAND LONDON,BECKENHAM BEACON UCC,0,3777,0,36,0,0,0.9904686258935663,
2024-07-01,AJN,NHS ENGLAND NORTH EAST AND YORKSHIRE,WORKINGTON HEALTH LIMITED,0,366,0,0,0,0,1.0,
2024-07-01,AQN04,NHS ENGLAND SOUTH EAST,PHL LYMINGTON UTC,0,3193,0,0,0,0,1.0,
2024-07-01,ARN03,NHS ENGLAND NORTH EAST AND YORKSHIRE,LOCAL CARE DIRECT,0,1936,0,0,0,0,1.0,
2024-07-01,AXG,NHS ENGLAND SOUTH WEST,WILTSHIRE HEALTH & CARE,0,2746,0,60,0,0,0.978150036416606,
2024-07-01,C82009,NHS ENGLAND MIDLANDS,MARKET HARBOROUGH MED.CTR,0,286,0,0,0,0,1.0,
2024-07-01,C82038,NHS ENGLAND MIDLANDS,LATHAM HOUSE MEDICAL PRACTICE,0,380,0,0,0,0,1.0,
2024-07-01,C83023,NHS ENGLAND MIDLANDS,SLEAFORD MEDICAL GROUP,0,505,0,0,0,0,1.0,
2024-07-01,DT301,NHS ENGLAND EAST OF ENGLAND,HERTS URGENT CARE (ASCOTS LANE),0,2464,0,135,0,0,0.945211038961039,
2024-07-01,G0Q0L,NHS ENGLAND LONDON,BARKING HOSPITAL UTC,0,2893,0,25,0,0,0.9913584514344971,
2024-07-01,K6K0R,NHS ENGLAND LONDON,HAROLD WOOD POLYCLINIC UTC,0,2921,0,24,0,0,0.9917836357411846,
2024-07-01,L83087,NHS ENGLAND SOUTH WEST,OKEHAMPTON MEDICAL CENTRE,0,127,0,0,0,0,1.0,
2024-07-01,NDJ,NHS ENGLAND SOUTH EAST,FIRST COMMUNITY HEALTH AND CARE CIC,0,2379,0,0,0,0,1.0,
2024-07-01,NL7,NHS ENGLAND MIDLANDS,ASSURA VERTIS URGENT CARE CENTRES (BIRMINGHAM),0,3649,0,0,0,0,1.0,
2024-07-01,NLX,NHS ENGLAND SOUTH WEST,SIRONA CARE & HEALTH,0,8873,0,496,0,0,0.9441000788910177,
2024-07-01,NNF09,NHS ENGLAND NORTH EAST AND YORKSHIRE,BRANSHOLME HEALTH CENTRE,0,3662,0,475,0,0,0.8702894593118514,
2024-07-01,NNF16,NHS ENGLAND NORTH EAST AND YORKSHIRE,BRIDLINGTON HOSPITAL,0,1767,0,54,0,0,0.969439728353141,
2024-07-01,NNF94,NHS ENGLAND NORTH EAST AND YORKSHIRE,EAST RIDING COMMUNITY HOSPITAL,0,2809,0,263,0,0,0.9063723745105019,
2024-07-01,NNFA7,NHS ENGLAND NORTH EAST AND YORKSHIRE,GOOLE & DISTRICT HOSPITAL,0,1618,0,7,0,0,0.9956736711990112,
2024-07-01,NNJ,NHS ENGLAND MIDLANDS,DHU HEALTH CARE C.I.C,0,1916,0,0,0,0,1.0,
2024-07-01,NNJ07,NHS ENGLAND MIDLANDS,LOUGHBOROUGH URGENT CARE CENTRE,0,5477,0,6,0,0,0.9989045097681213,
2024-07-01,NNJ0H,NHS ENGLAND MIDLANDS,LLR EA - THE MERLYN VAZ HEALTH & SOCIAL CARE CENTRE,0,180,0,1,0,0,0.9944444444444445,
2024-07-01,NNJ12,NHS ENGLAND MIDLANDS,MARKET HARBOROUGH,0,87,0,0,0,0,1.0,
2024-07-01,NNJ13,NHS ENGLAND MIDLANDS,MELTON MOWBRAY,0,61,0,0,0,0,1.0,
2024-07-01,NNJ14,NHS ENGLAND MIDLANDS,OADBY,0,802,0,0,0,0,1.0,
2024-07-01,NNJ15,NHS ENGLAND MIDLANDS,OAKHAM,0,67,0,0,0,0,1.0,
2024-07-01,NQT51,NHS ENGLAND SOUTH EAST,STATION PLAZA HEALTH CENTRE,0,1136,0,0,0,0,1.0,
2024-07-01,NQT5F,NHS ENGLAND NORTH WEST,SKELMERSDALE WALK IN CENTRE,0,1806,0,5,0,0,0.9972314507198228,
2024-07-01,NQT5H,NHS ENGLAND SOUTH WEST,PAULTON MEMORIAL HOSPITAL,0,1029,0,18,0,0,0.9825072886297376,
2024-07-01,NQTE4,NHS ENGLAND MIDLANDS,SUMMERFIELD URGENT CARE CENTRE,0,3274,0,0,0,0,1.0,
2024-07-01,NR3,NHS ENGLAND MIDLANDS,NOTTINGHAM CITYCARE PARTNERSHIP,0,5272,0,161,0,0,0.9694613050075872,
2024-07-01,NTP11,NHS ENGLAND SOUTH EAST,PRACTICE PLUS GROUP HOSPITAL - SOUTHAMPTON,0,5291,0,307,0,0,0.9419769419769419,
2024-07-01,NTPAD,NHS ENGLAND SOUTH EAST,PRACTICE PLUS GROUP SURGICAL CENTRE - ST MARYS PORTSMOUTH,0,5459,0,54,0,0,0.9901080784026378,
2024-07-01,NTV0B,NHS ENGLAND SOUTH EAST,ASHFORD WALK-IN-CENTRE,0,2247,0,17,0,0,0.9924343569203382,
2024-07-01,NTV0W,NHS ENGLAND SOUTH EAST,WOKING WALK IN CENTRE,0,2614,0,62,0,0,0.9762815608263198,
2024-07-01,NV693,NHS ENGLAND NORTH WEST,ROSSENDALE MIU & OOH,0,1238,0,0,0,0,1.0,
2024-07-01,R0A,NHS ENGLAND NORTH WEST,MANCHESTER UNIVERSITY NHS FOUNDATION TRUST,24235,39426,10209,10907,3786,483,0.7233551463501242,0.5787497421085208
2024-07-01,R0B,NHS ENGLAND NORTH EAST AND YORKSHIRE,SOUTH TYNESIDE AND SUNDERLAND NHS FOUNDATION TRUST,11554,19033,4850,5023,439,3,0.736089949035885,0.5802319543015406
2024-07-01,R0D,NHS ENGLAND SOUTH WEST,UNIVERSITY HOSPITALS DORSET NHS FOUNDATION TRUST,13604,18641,4948,4948,897,127,0.734563596373585,0.6362834460452809
2024-07-01,R1D,NHS ENGLAND MIDLANDS,SHROPSHIRE COMMUNITY HEALTH NHS TRUST,0,3623,0,6,0,0,0.998343913883522,
2024-07-01,R1F,NHS ENGLAND SOUTH EAST,ISLE OF WIGHT NHS TRUST,4595,6097,2063,2063,246,63,0.6616368705920945,0.5510337323177367
2024-07-01,R1H,NHS ENGLAND LONDON,BARTS HEALTH NHS TRUST,25172,44026,11241,13209,1246,861,0.6999727433789125,0.5534323851898935
2024-07-01,R1K,NHS ENGLAND LONDON,LONDON NORTH WEST UNIVERSITY HEALTHCARE NHS TRUST,13350,28555,5877,5987,589,315,0.790334442304325,0.5597752808988764
2024-07-01,RA2,NHS ENGLAND SOUTH EAST,ROYAL SURREY COUNTY HOSPITAL NHS FOUNDATION TRUST,6586,8089,1428,1428,155,0,0.823463963407096,0.7831764348618281
2024-07-01,RA7,NHS ENGLAND SOUTH WEST,UNIVERSITY HOSPITALS BRISTOL AND WESTON NHS FOUNDATION TRUST,15165,17504,5206,5339,1140,146,0.6949840036563071,0.6567095285196176
2024-07-01,RA9,NHS ENGLAND SOUTH WEST,TORBAY AND SOUTH DEVON NHS FOUNDATION TRUST,6774,10348,3060,3075,320,45,0.7028411287205257,0.5482728077945085
2024-07-01,RAE,NHS ENGLAND NORTH EAST AND YORKSHIRE,BRADFORD TEACHING HOSPITALS NHS FOUNDATION TRUST,9302,13796,2186,2186,602,97,0.8415482748622789,0.764996774887121
2024-07-01,RAJ,NHS ENGLAND EAST OF ENGLAND,MID AND SOUTH ESSEX NHS FOUNDATION TRUST,30718,36569,9770,10007,3026,36,0.7263529218737181,0.681945439156195
2024-07-01,RAL,NHS ENGLAND LONDON,ROYAL FREE LONDON NHS FOUNDATION TRUST,18231,26713,6919,7076,952,544,0.7351102459476659,0.6204815972793594
2024-07-01,RAN,NHS ENGLAND LONDON,ROYAL NATIONAL ORTHOPAEDIC HOSPITAL NHS TRUST,0,0,0,0,0,0,,
2024-07-01,RAP,NHS ENGLAND LONDON,NORTH MIDDLESEX UNIVERSITY HOSPITAL NHS TRUST,7849,15756,4280,5007,313,788,0.6822162985529322,0.4547076060644668
2024-07-01,RAS,NHS ENGLAND LONDON,THE HILLINGDON HOSPITALS NHS FOUNDATION TRUST,6079,12878,3513,3655,325,17,0.7161826370554434,0.4221088994900477
2024-07-01,RAX,NHS ENGLAND LONDON,KINGSTON HOSPITAL NHS FOUNDATION TRUST,7078,15243,3086,3351,251,223,0.7801613855540248,0.5640011302627861
2024-07-01,RBD,NHS ENGLAND SOUTH WEST,DORSET COUNTY HOSPITAL NHS FOUNDATION TRUST,4605,4605,2025,2025,222,38,0.5602605863192183,0.5602605863192183
2024-07-01,RBK,NHS ENGLAND MIDLANDS,WALSALL HEALTHCARE NHS TRUST,9187,13252,2499,2678,696,30,0.7979172955025656,0.7279851964732775
2024-07-01,RBL,NHS ENGLAND NORTH WEST,WIRRAL UNIVERSITY TEACHING HOSPITAL NHS FOUNDATION TRUST,7920,10551,4540,4544,611,648,0.5693299213344707,0.4267676767676768
2024-07-01,RBN,NHS ENGLAND NORTH WEST,MERSEY AND WEST LANCASHIRE TEACHING HOSPITALS NHS TRUST,17086,24497,6076,6289,660,385,0.7432746866963302,0.6443872176050568
2024-07-01,RBQ,NHS ENGLAND NORTH WEST,LIVERPOOL HEART AND CHEST HOSPITAL NHS FOUNDATION TRUST,0,0,0,0,0,0,,
2024-07-01,RBS,NHS ENGLAND NORTH WEST,ALDER HEY CHILDREN'S NHS FOUNDATION TRUST,5165,5165,626,626,0,0,0.8787996127783155,0.8787996127783155
2024-07-01,RBT,NHS ENGLAND NORTH WEST,MID CHESHIRE HOSPITALS NHS FOUNDATION TRUST,7259,10198,3727,3748,615,552,0.6324769562659345,0.48656839785094363
2024-07-01,RBV,NHS ENGLAND NORTH WEST,THE CHRISTIE NHS FOUNDATION TRUST,0,0,0,0,0,0,,
2024-07-01,RC9,NHS ENGLAND EAST OF ENGLAND,BEDFORDSHIRE HOSPITALS NHS FOUNDATION TRUST,16511,24430,6091,6091,82,4,0.7506753990994679,0.6310944219005512
2024-07-01,RCB,NHS ENGLAND NORTH EAST AND YORKSHIRE,YORK AND SCARBOROUGH TEACHING HOSPITALS NHS FOUNDATION TRUST,10808,18246,6002,6281,806,583,0.6557601666118602,0.44467061435973354
2024-07-01,RCD,NHS ENGLAND NORTH EAST AND YORKSHIRE,HARROGATE AND DISTRICT NHS FOUNDATION TRUST,5111,6136,1591,1591,377,39,0.7407105606258149,0.6887106241440031
2024-07-01,RCF,NHS ENGLAND NORTH EAST AND YORKSHIRE,AIREDALE NHS FOUNDATION TRUST,6135,6441,2461,2461,465,112,0.6179164725974228,0.5988590057049714
2024-07-01,RCU,NHS ENGLAND NORTH EAST AND YORKSHIRE,SHEFFIELD CHILDREN'S NHS FOUNDATION TRUST,4330,4603,267,267,4,1,0.9419943515098849,0.938337182448037
2024-07-01,RCX,NHS ENGLAND EAST OF ENGLAND,"THE QUEEN ELIZABETH HOSPITAL, KING'S LYNN, NHS FOUNDATION TRUST",6907,8083,2271,2271,241,73,0.7190399604107386,0.6712031272621978
2024-07-01,RD1,NHS ENGLAND SOUTH WEST,ROYAL UNITED HOSPITALS BATH NHS FOUNDATION TRUST,8656,8656,3172,3172,583,5,0.6335489833641406,0.6335489833641406
2024-07-01,RD8,NHS ENGLAND EAST OF ENGLAND,MILTON KEYNES UNIVERSITY HOSPITAL NHS FOUNDATION TRUST,8444,13586,3225,3337,371,0,0.7543795083173855,0.6180720037896732
2024-07-01,RDE,NHS ENGLAND EAST OF ENGLAND,EAST SUFFOLK AND NORTH ESSEX NHS FOUNDATION TRUST,15305,27281,7198,7366,1124,259,0.7299952347787837,0.5296961777196995
2024-07-01,RDR,NHS ENGLAND SOUTH EAST,SUSSEX COMMUNITY NHS FOUNDATION TRUST,0,12493,0,152,0,0,0.9878331865844873,
2024-07-01,RDU,NHS ENGLAND SOUTH EAST,FRIMLEY HEALTH NHS FOUNDATION TRUST,23320,35676,9551,9722,2267,131,0.7274918712860186,0.5904373927958834
2024-07-01,RDY,NHS ENGLAND SOUTH WEST,DORSET HEALTHCARE UNIVERSITY NHS FOUNDATION TRUST,0,0,0,0,0,0,,
2024-07-01,REF,NHS ENGLAND SOUTH WEST,ROYAL CORNWALL HOSPITALS NHS TRUST,6708,20542,3878,4740,579,510,0.7692532372699834,0.42188431723315445
2024-07-01,REM,NHS ENGLAND NORTH WEST,LIVERPOOL UNIVERSITY HOSPITALS NHS FOUNDATION TRUST,15532,25257,6837,7006,1782,754,0.7226115532327672,0.5598120010301313
2024-07-01,REP,NHS ENGLAND NORTH WEST,LIVERPOOL WOMEN'S NHS FOUNDATION TRUST,0,1393,0,126,0,0,0.9095477386934674,
2024-07-01,RET,NHS ENGLAND NORTH WEST,THE WALTON CENTRE NHS FOUNDATION TRUST,0,0,0,0,0,0,,
2024-07-01,RF4,NHS ENGLAND LONDON,"BARKING, HAVERING AND REDBRIDGE UNIVERSITY HOSPITALS NHS TRUST",12880,28766,5125,5649,717,633,0.8036223319196274,0.6020962732919255
2024-07-01,RFF,NHS ENGLAND NORTH EAST AND YORKSHIRE,BARNSLEY HOSPITAL NHS FOUNDATION TRUST,9089,9089,2632,2632,225,0,0.7104191880294861,0.7104191880294861
2024-07-01,RFR,NHS ENGLAND NORTH EAST AND YORKSHIRE,THE ROTHERHAM NHS FOUNDATION TRUST,8700,8700,2791,2791,402,0,0.6791954022988506,0.6791954022988506
2024-07-01,RFS,NHS ENGLAND MIDLANDS,CHESTERFIELD ROYAL HOSPITAL NHS FOUNDATION TRUST,7428,8956,3018,3148,823,112,0.6485037963376508,0.5936995153473343
2024-07-01,RGN,NHS ENGLAND EAST OF ENGLAND,NORTH WEST ANGLIA NHS FOUNDATION TRUST,14267,19180,5004,5215,478,709,0.7281021897810219,0.6492605312959978
2024-07-01,RGP,NHS ENGLAND EAST OF ENGLAND,JAMES PAGET UNIVERSITY HOSPITALS NHS FOUNDATION TRUST,7844,9182,3059,3059,603,306,0.6668481812241343,0.6100203977562468
2024-07-01,RGR,NHS ENGLAND EAST OF ENGLAND,WEST SUFFOLK NHS FOUNDATION TRUST,7823,8556,2344,2344,440,290,0.7260402057035998,0.7003707017768119
2024-07-01,RGT,NHS ENGLAND EAST OF ENGLAND,CAMBRIDGE UNIVERSITY HOSPITALS NHS FOUNDATION TRUST,10480,16838,5065,5128,568,534,0.6954507661242428,0.5166984732824427
2024-07-01,RH5,NHS ENGLAND SOUTH WEST,SOMERSET NHS FOUNDATION TRUST,13431,23645,5448,5618,357,8,0.7624021991964475,0.5943712307348671
2024-07-01,RH8,NHS ENGLAND SOUTH WEST,ROYAL DEVON UNIVERSITY HEALTHCARE NHS FOUNDATION TRUST,12929,17216,4862,4881,745,15,0.7164846654275092,0.6239461675303581
2024-07-01,RHM,NHS ENGLAND SOUTH EAST,UNIVERSITY HOSPITAL SOUTHAMPTON NHS FOUNDATION TRUST,11913,13233,3503,3601,198,7,0.7278772765057054,0.7059514815747503
2024-07-01,RHQ,NHS ENGLAND NORTH EAST AND YORKSHIRE,SHEFFIELD TEACHING HOSPITALS NHS FOUNDATION TRUST,9397,17788,4689,4799,1076,16,0.7302113784573869,0.5010109609449824
2024-07-01,RHU,NHS ENGLAND SOUTH EAST,PORTSMOUTH HOSPITALS UNIVERSITY NATIONAL HEALTH SERVICE TRUST,10175,14154,4790,4829,1544,36,0.6588243606047761,0.5292383292383293
2024-07-01,RHW,NHS ENGLAND SOUTH EAST,ROYAL BERKSHIRE NHS FOUNDATION TRUST,12182,14709,3875,3902,410,3,0.7347202393092664,0.6819077327204072
2024-07-01,RJ1,NHS ENGLAND LONDON,GUY'S AND ST THOMAS' NHS FOUNDATION TRUST,10650,18287,4436,4774,96,66,0.7389402307650244,0.5834741784037558
2024-07-01,RJ2,NHS ENGLAND LONDON,LEWISHAM AND GREENWICH NHS TRUST,14381,25268,6683,7976,1024,522,0.6843438340984644,0.5352896182462972
2024-07-01,RJ6,NHS ENGLAND LONDON,CROYDON HEALTH SERVICES NHS TRUST,13230,18122,4698,4698,567,445,0.7407570908288268,0.6448979591836734
2024-07-01,RJ7,NHS ENGLAND LONDON,ST GEORGE'S UNIVERSITY HOSPITALS NHS FOUNDATION TRUST,9127,12562,2349,2349,541,663,0.813007482884891,0.7426317519447792
2024-07-01,RJ8,NHS ENGLAND SOUTH WEST,CORNWALL PARTNERSHIP NHS FOUNDATION TRUST,0,0,0,0,0,0,,
2024-07-01,RJC,NHS ENGLAND MIDLANDS,SOUTH WARWICKSHIRE UNIVERSITY NHS FOUNDATION TRUST,8408,8827,2251,2251,229,3,0.7449869717910955,0.732278782112274
2024-07-01,RJE,NHS ENGLAND MIDLANDS,UNIVERSITY HOSPITALS OF NORTH MIDLANDS NHS TRUST,13507,22546,6483,6593,974,903,0.7075756231704071,0.5200266528466722
2024-07-01,RJL,NHS ENGLAND NORTH EAST AND YORKSHIRE,NORTHERN LINCOLNSHIRE AND GOOLE NHS FOUNDATION TRUST,9141,15689,4715,4762,667,953,0.696475237427497,0.4841921015206214
2024-07-01,RJN,NHS ENGLAND NORTH WEST,EAST CHESHIRE NHS TRUST,4422,4422,2172,2172,230,253,0.508819538670285,0.508819538670285
2024-07-01,RJR,NHS ENGLAND NORTH WEST,COUNTESS OF CHESTER HOSPITAL NHS FOUNDATION TRUST,5295,7293,2908,3053,296,711,0.5813794049088167,0.4508026440037771
2024-07-01,RJZ,NHS ENGLAND LONDON,KING'S COLLEGE HOSPITAL NHS FOUNDATION TRUST,15940,24653,6695,7171,1487,631,0.7091226219932665,0.5799874529485571
2024-07-01,RK5,NHS ENGLAND MIDLANDS,SHERWOOD FOREST HOSPITALS NHS FOUNDATION TRUST,11291,16988,4559,4783,639,148,0.7184483164586768,0.596227083517846
2024-07-01,RK9,NHS ENGLAND SOUTH WEST,UNIVERSITY HOSPITALS PLYMOUTH NHS TRUST,9222,14658,5130,5363,716,561,0.6341247100559422,0.44372153545868576
2024-07-01,RKB,NHS ENGLAND MIDLANDS,UNIVERSITY HOSPITALS COVENTRY AND WARWICKSHIRE NHS TRUST,11762,18834,5856,6393,102,15,0.6605606881172348,0.5021254888624384
2024-07-01,RKE,NHS ENGLAND LONDON,WHITTINGTON HEALTH NHS TRUST,9387,9387,2604,2604,241,341,0.7225950782997763,0.7225950782997763
2024-07-01,RL1,NHS ENGLAND MIDLANDS,THE ROBERT JONES AND AGNES HUNT ORTHOPAEDIC HOSPITAL NHS FOUNDATION TRUST,0,0,0,0,0,0,,
2024-07-01,RL4,NHS ENGLAND MIDLANDS,THE ROYAL WOLVERHAMPTON NHS TRUST,13273,20871,4093,4140,1163,253,0.8016386373436826,0.6916296240488209
2024-07-01,RLQ,NHS ENGLAND MIDLANDS,WYE VALLEY NHS TRUST,6152,7404,2363,2363,466,331,0.680848190167477,0.6158972691807543
2024-07-01,RLT,NHS ENGLAND MIDLANDS,GEORGE ELIOT HOSPITAL NHS TRUST,6856,8693,2191,2208,522,133,0.7460025307718854,0.6804259043173863
2024-07-01,RM1,NHS ENGLAND EAST OF ENGLAND,NORFOLK AND NORWICH UNIVERSITY HOSPITALS NHS FOUNDATION TRUST,12293,21040,3569,3576,763,118,0.8300380228136882,0.7096721711543155
2024-07-01,RM3,NHS ENGLAND NORTH WEST,NORTHERN CARE ALLIANCE NHS FOUNDATION TRUST,25778,35090,11400,11788,1749,791,0.6640638358506696,0.5577624330824734
2024-07-01,RMC,NHS ENGLAND NORTH WEST,BOLTON NHS FOUNDATION TRUST,7835,11515,3674,3856,629,542,0.6651324359531047,0.5310784939374601
2024-07-01,RMP,NHS ENGLAND NORTH WEST,TAMESIDE AND GLOSSOP INTEGRATED CARE NHS FOUNDATION TRUST,8799,11366,4269,4269,836,126,0.6244061235263065,0.5148312308216842
2024-07-01,RN3,NHS ENGLAND SOUTH WEST,GREAT WESTERN HOSPITALS NHS FOUNDATION TRUST,5525,11307,2309,2589,630,0,0.7710267975590342,0.5820814479638009
2024-07-01,RN5,NHS ENGLAND SOUTH EAST,HAMPSHIRE HOSPITALS NHS FOUNDATION TRUST,12578,13352,4915,4915,460,17,0.6318903535050928,0.6092383526792813
2024-07-01,RN7,NHS ENGLAND SOUTH EAST,DARTFORD AND GRAVESHAM NHS TRUST,11348,15038,3745,3779,816,149,0.7487032850113047,0.6699859005992246
2024-07-01,RNA,NHS ENGLAND MIDLANDS,THE DUDLEY GROUP NHS FOUNDATION TRUST,9105,13528,2739,2859,2094,90,0.7886605558840922,0.699176276771005
2024-07-01,RNN,NHS ENGLAND NORTH EAST AND YORKSHIRE,NORTH CUMBRIA INTEGRATED CARE NHS FOUNDATION TRUST,9375,11477,3960,4004,745,364,0.6511283436438093,0.5776
2024-07-01,RNQ,NHS ENGLAND MIDLANDS,KETTERING GENERAL HOSPITAL NHS FOUNDATION TRUST,9884,18611,3377,3433,1428,0,0.8155391972489388,0.6583367057871308
2024-07-01,RNS,NHS ENGLAND MIDLANDS,NORTHAMPTON GENERAL HOSPITAL NHS TRUST,10662,13505,3390,3434,539,702,0.7457238059977787,0.6820483961733259
2024-07-01,RNU,NHS ENGLAND SOUTH EAST,OXFORD HEALTH NHS FOUNDATION TRUST,0,4206,0,395,0,0,0.9060865430337612,
2024-07-01,RNZ,NHS ENGLAND SOUTH WEST,SALISBURY NHS FOUNDATION TRUST,4932,7120,1902,1902,356,6,0.7328651685393258,0.6143552311435523
2024-07-01,RP5,NHS ENGLAND NORTH EAST AND YORKSHIRE,DONCASTER AND BASSETLAW TEACHING HOSPITALS NHS FOUNDATION TRUST,13840,17963,5411,5421,1036,236,0.6982129933752714,0.6090317919075144
2024-07-01,RP6,NHS ENGLAND LONDON,MOORFIELDS EYE HOSPITAL NHS FOUNDATION TRUST,0,6081,0,171,0,0,0.9718796250616675,
2024-07-01,RPA,NHS ENGLAND SOUTH EAST,MEDWAY NHS FOUNDATION TRUST,9054,16031,2902,3655,405,661,0.7720042417815483,0.6794786834548265
2024-07-01,RPC,NHS ENGLAND SOUTH EAST,QUEEN VICTORIA HOSPITAL NHS FOUNDATION TRUST,0,1576,0,13,0,0,0.991751269035533,
2024-07-01,RQ3,NHS ENGLAND MIDLANDS,BIRMINGHAM WOMEN'S AND CHILDREN'S NHS FOUNDATION TRUST,4997,4997,647,647,0,0,0.8705223133880329,0.8705223133880329
2024-07-01,RQM,NHS ENGLAND LONDON,CHELSEA AND WESTMINSTER HOSPITAL NHS FOUNDATION TRUST,19890,26043,5427,5576,581,42,0.7858925623008102,0.7271493212669684
2024-07-01,RQW,NHS ENGLAND EAST OF ENGLAND,THE PRINCESS ALEXANDRA HOSPITAL NHS TRUST,8469,10320,4066,4066,451,121,0.6060077519379845,0.5198960916282914
2024-07-01,RQX,NHS ENGLAND LONDON,HOMERTON HEALTHCARE NHS FOUNDATION TRUST,11481,11481,1508,1508,163,24,0.8686525563975264,0.8686525563975264
2024-07-01,RR7,NHS ENGLAND NORTH EAST AND YORKSHIRE,GATESHEAD HEALTH NHS FOUNDATION TRUST,6017,9704,2788,2824,988,3,0.7089859851607585,0.5366461691873026
2024-07-01,RR8,NHS ENGLAND NORTH EAST AND YORKSHIRE,LEEDS TEACHING HOSPITALS NHS TRUST,17341,29740,6911,7020,1527,324,0.7639542703429725,0.6014647367510524
2024-07-01,RRF,NHS ENGLAND NORTH WEST,"WRIGHTINGTON, WIGAN AND LEIGH NHS FOUNDATION TRUST",7301,12751,3376,3399,1236,186,0.7334326719472983,0.537597589371319
2024-07-01,RRK,NHS ENGLAND MIDLANDS,UNIVERSITY HOSPITALS BIRMINGHAM NHS FOUNDATION TRUST,34297,36340,13679,13746,2891,1665,0.6217391304347826,0.6011604513514301
2024-07-01,RRV,NHS ENGLAND LONDON,UNIVERSITY COLLEGE LONDON HOSPITALS NHS FOUNDATION TRUST,13213,13213,3515,3515,349,54,0.7339741164005147,0.7339741164005147
2024-07-01,RTD,NHS ENGLAND NORTH EAST AND YORKSHIRE,THE NEWCASTLE UPON TYNE HOSPITALS NHS FOUNDATION TRUST,12099,18745,4706,4791,465,37,0.7444118431581754,0.6110422348954458
2024-07-01,RTE,NHS ENGLAND SOUTH WEST,GLOUCESTERSHIRE HOSPITALS NHS FOUNDATION TRUST,12612,12612,4685,4685,445,456,0.6285283856644466,0.6285283856644466
2024-07-01,RTF,NHS ENGLAND NORTH EAST AND YORKSHIRE,NORTHUMBRIA HEALTHCARE NHS FOUNDATION TRUST,9996,22772,2777,2789,52,0,0.8775250307395046,0.7221888755502202
2024-07-01,RTG,NHS ENGLAND MIDLANDS,UNIVERSITY HOSPITALS OF DERBY AND BURTON NHS FOUNDATION TRUST,21344,31405,9283,9284,888,993,0.7043782837127845,0.5650768365817092
2024-07-01,RTH,NHS ENGLAND SOUTH EAST,OXFORD UNIVERSITY HOSPITALS NHS FOUNDATION TRUST,11911,15970,3391,3392,587,0,0.7876017532874139,0.7153051800856352
2024-07-01,RTK,NHS ENGLAND SOUTH EAST,ASHFORD AND ST PETER'S HOSPITALS NHS FOUNDATION TRUST,10039,10039,3151,3151,619,182,0.6861241159478035,0.6861241159478035
2024-07-01,RTP,NHS ENGLAND SOUTH EAST,SURREY AND SUSSEX HEALTHCARE NHS TRUST,10561,10561,2695,2695,578,378,0.7448158318341066,0.7448158318341066
2024-07-01,RTQ,NHS ENGLAND SOUTH WEST,GLOUCESTERSHIRE HEALTH AND CARE NHS FOUNDATION TRUST,0,7578,0,15,0,0,0.9980205859065716,
2024-07-01,RTR,NHS ENGLAND NORTH EAST AND YORKSHIRE,SOUTH TEES HOSPITALS NHS FOUNDATION TRUST,7444,16707,3760,4195,226,4,0.7489076435027234,0.4948952176249328
2024-07-01,RTX,NHS ENGLAND NORTH WEST,UNIVERSITY HOSPITALS OF MORECAMBE BAY NHS FOUNDATION TRUST,9254,12678,2796,2891,536,351,0.77196718725351,0.6978603846985088
2024-07-01,RV9,NHS ENGLAND NORTH EAST AND YORKSHIRE,HUMBER TEACHING NHS FOUNDATION TRUST,0,1182,0,32,0,0,0.9729272419627749,
2024-07-01,RVJ,NHS ENGLAND SOUTH WEST,NORTH BRISTOL NHS TRUST,8986,8986,2757,2757,616,125,0.6931894057422657,0.6931894057422657
2024-07-01,RVR,NHS ENGLAND LONDON,EPSOM AND ST HELIER UNIVERSITY HOSPITALS NHS TRUST,11361,13218,3150,3239,340,640,0.7549553638977152,0.722735674676525
2024-07-01,RVV,NHS ENGLAND SOUTH EAST,EAST KENT HOSPITALS UNIVERSITY NHS FOUNDATION TRUST,13166,26026,5962,6169,600,1085,0.76296780142934,0.5471669451617803
2024-07-01,RVW,NHS ENGLAND NORTH EAST AND YORKSHIRE,NORTH TEES AND HARTLEPOOL NHS FOUNDATION TRUST,4789,16315,2047,2078,106,0,0.8726325467361324,0.5725621215285028
2024-07-01,RW1,NHS ENGLAND SOUTH EAST,SOUTHERN HEALTH NHS FOUNDATION TRUST,0,3000,0,32,0,0,0.9893333333333333,
2024-07-01,RW4,NHS ENGLAND NORTH WEST,MERSEY CARE NHS FOUNDATION TRUST,0,13110,0,160,0,0,0.9877955758962624,
2024-07-01,RWA,NHS ENGLAND NORTH EAST AND YORKSHIRE,HULL UNIVERSITY TEACHING HOSPITALS NHS TRUST,9464,13889,4752,5199,963,214,0.6256749946000433,0.4978867286559594
2024-07-01,RWD,NHS ENGLAND MIDLANDS,UNITED LINCOLNSHIRE HOSPITALS NHS TRUST,10123,20433,6944,8007,1011,993,0.6081339010424314,0.3140373407092759
2024-07-01,RWE,NHS ENGLAND MIDLANDS,UNIVERSITY HOSPITALS OF LEICESTER NHS TRUST,21025,23029,8652,8756,1656,895,0.6197837509227495,0.5884898929845421
2024-07-01,RWF,NHS ENGLAND SOUTH EAST,MAIDSTONE AND TUNBRIDGE WELLS NHS TRUST,18284,20577,3577,3613,1088,35,0.8244156096612723,0.804364471669219
2024-07-01,RWG,NHS ENGLAND EAST OF ENGLAND,WEST HERTFORDSHIRE TEACHING HOSPITALS NHS TRUST,8151,16091,2532,2789,689,18,0.8266732956310981,0.6893632683106368
2024-07-01,RWH,NHS ENGLAND EAST OF ENGLAND,EAST AND NORTH HERTFORDSHIRE NHS TRUST,9438,16626,4975,5032,165,10,0.6973415132924335,0.47287560923924565
2024-07-01,RWJ,NHS ENGLAND NORTH WEST,STOCKPORT NHS FOUNDATION TRUST,8420,9523,3579,3619,828,260,0.6199726976793027,0.5749406175771972
2024-07-01,RWP,NHS ENGLAND MIDLANDS,WORCESTERSHIRE ACUTE HOSPITALS NHS TRUST,12966,19428,6462,6471,780,270,0.6669240271772698,0.5016196205460435
2024-07-01,RWW,NHS ENGLAND NORTH WEST,WARRINGTON AND HALTON TEACHING HOSPITALS NHS FOUNDATION TRUST,6856,9962,3351,3437,849,511,0.6549889580405541,0.5112310385064177
2024-07-01,RWX,NHS ENGLAND SOUTH EAST,BERKSHIRE HEALTHCARE NHS FOUNDATION TRUST,0,1626,0,20,0,0,0.9876998769987699,
2024-07-01,RWY,NHS ENGLAND NORTH EAST AND YORKSHIRE,CALDERDALE AND HUDDERSFIELD NHS FOUNDATION TRUST,15931,15931,4726,4726,1042,3,0.7033456782373988,0.7033456782373988
2024-07-01,RX1,NHS ENGLAND MIDLANDS,NOTTINGHAM UNIVERSITY HOSPITALS NHS TRUST,15769,18204,7080,7172,782,329,0.6060206548011426,0.5510178197729723
2024-07-01,RXC,NHS ENGLAND SOUTH EAST,EAST SUSSEX HEALTHCARE NHS TRUST,10715,13358,3027,3046,274,14,0.7719718520736637,0.7174988334111059
2024-07-01,RXF,NHS ENGLAND NORTH EAST AND YORKSHIRE,MID YORKSHIRE TEACHING NHS TRUST,16592,22966,6711,7218,2357,344,0.6857093094139162,0.5955279652844745
2024-07-01,RXG,NHS ENGLAND NORTH EAST AND YORKSHIRE,SOUTH WEST YORKSHIRE PARTNERSHIP NHS FOUNDATION TRUST,0,0,0,0,0,0,,
2024-07-01,RXK,NHS ENGLAND MIDLANDS,SANDWELL AND WEST BIRMINGHAM HOSPITALS NHS TRUST,14968,24219,7037,7354,1529,818,0.6963541021512036,0.5298637092463923
2024-07-01,RXL,NHS ENGLAND NORTH WEST,BLACKPOOL TEACHING HOSPITALS NHS FOUNDATION TRUST,9152,19176,4204,4276,582,768,0.7770129328327076,0.5406468531468531
2024-07-01,RXN,NHS ENGLAND NORTH WEST,LANCASHIRE TEACHING HOSPITALS NHS FOUNDATION TRUST,12244,15861,4395,4575,1058,219,0.7115566483828257,0.6410486769029728
2024-07-01,RXP,NHS ENGLAND NORTH EAST AND YORKSHIRE,COUNTY DURHAM AND DARLINGTON NHS FOUNDATION TRUST,12782,17244,5594,5594,2052,50,0.6755973092090002,0.5623533093412612
2024-07-01,RXQ,NHS ENGLAND SOUTH EAST,BUCKINGHAMSHIRE HEALTHCARE NHS TRUST,10262,15176,3936,4157,329,229,0.7260806536636795,0.6164490352757748
2024-07-01,RXR,NHS ENGLAND NORTH WEST,EAST LANCASHIRE HOSPITALS NHS TRUST,13481,24503,4249,4683,627,907,0.8088805452393585,0.6848156664935836
2024-07-01,RXW,NHS ENGLAND MIDLANDS,THE SHREWSBURY AND TELFORD HOSPITAL NHS TRUST,10516,12855,5674,5827,569,560,0.5467133411124077,0.4604412324077596
2024-07-01,RY2,NHS ENGLAND NORTH WEST,BRIDGEWATER COMMUNITY HEALTHCARE NHS FOUNDATION TRUST,0,3217,0,45,0,0,0.9860118122474355,
2024-07-01,RY4,NHS ENGLAND EAST OF ENGLAND,HERTFORDSHIRE COMMUNITY NHS TRUST,0,1166,0,93,0,0,0.9202401372212693,
2024-07-01,RY5,NHS ENGLAND MIDLANDS,LINCOLNSHIRE COMMUNITY HEALTH SERVICES NHS TRUST,0,8966,0,334,0,0,0.9627481597144769,
2024-07-01,RY7,NHS ENGLAND NORTH WEST,WIRRAL COMMUNITY HEALTH AND CARE NHS FOUNDATION TRUST,0,4498,0,83,0,0,0.9815473543797243,
2024-07-01,RY8,NHS ENGLAND MIDLANDS,DERBYSHIRE COMMUNITY HEALTH SERVICES NHS FOUNDATION TRUST,0,6229,0,111,0,0,0.9821801252207417,
2024-07-01,RYF,NHS ENGLAND SOUTH WEST,SOUTH WESTERN AMBULANCE SERVICE NHS FOUNDATION TRUST,0,1664,0,112,0,0,0.9326923076923077,
2024-07-01,RYG,NHS ENGLAND MIDLANDS,COVENTRY AND WARWICKSHIRE PARTNERSHIP NHS TRUST,0,0,0,0,0,0,,
2024-07-01,RYJ,NHS ENGLAND LONDON,IMPERIAL COLLEGE HEALTHCARE NHS TRUST,11938,23495,4784,5281,580,130,0.7752287720791657,0.5992628581001842
2024-07-01,RYR,NHS ENGLAND SOUTH EAST,UNIVERSITY HOSPITALS SUSSEX NHS FOUNDATION TRUST,22708,29633,9555,10154,1666,1284,0.657341477406945,0.5792231812577066
2024-07-01,RYX,NHS ENGLAND LONDON,CENTRAL LONDON COMMUNITY HEALTHCARE NHS TRUST,0,11886,0,204,0,0,0.9828369510348309,
2024-07-01,RYY,NHS ENGLAND SOUTH EAST,KENT COMMUNITY HEALTH NHS FOUNDATION TRUST,0,10438,0,80,0,0,0.9923356964935811,
2024-07-01,Y00751,NHS ENGLAND SOUTH EAST,EAST BERKS PRIMARY CARE OOH(WAM),0,0,0,0,0,0,,
2024-07-01,Y02147,NHS ENGLAND LONDON,URGENT CARE CENTRE (QMS),0,7648,0,227,0,0,0.9703190376569037,
2024-07-01,Y02428,NHS ENGLAND EAST OF ENGLAND,PUTNOE WALK IN CENTRE,0,2802,0,0,0,0,1.0,
2024-07-01,Y02532,NHS ENGLAND NORTH WEST,MIRIAM MINOR EMERGENCY,0,1602,0,0,0,0,1.0,
2024-07-01,Y02615,NHS ENGLAND MIDLANDS,SOUTH BIRMINGHAM GP WALK IN CENTRE,0,6329,0,0,0,0,1.0,
2024-07-01,Y02676,NHS ENGLAND SOUTH EAST,BRIGHTON STATION HEALTH CENTRE,0,2092,0,0,0,0,1.0,
2024-07-01,Y03007,NHS ENGLAND MIDLANDS,ERDINGTON GP HEALTH & WELLBEING WIC,0,0,0,0,0,0,,
2024-07-01,Y03218,NHS ENGLAND LONDON,THE PINN UNREGISTERED WIC,0,970,0,0,0,0,1.0,
2024-07-01,Y07709,NHS ENGLAND SOUTH EAST,READING URGENT CARE CENTRE,0,2223,0,0,0,0,1.0,
2024-08-01,8J094,NHS ENGLAND MIDLANDS,BADGER LTD,0,0,0,0,0,0,,
2024-08-01,AAH,NHS ENGLAND SOUTH WEST,TETBURY HOSPITAL TRUST LTD,0,552,0,0,0,0,1.0,
2024-08-01,ACH01,NHS ENGLAND SOUTH EAST,WHITSTABLE MEDICAL PRACTICE,0,5170,0,0,0,0,1.0,
2024-08-01,AD913,NHS ENGLAND LONDON,BECKENHAM BEACON UCC,0,3826,0,8,0,0,0.9979090433873498,
2024-08-01,AJN,NHS ENGLAND NORTH EAST AND YORKSHIRE,WORKINGTON HEALTH LIMITED,0,381,0,0,0,0,1.0,
2024-08-01,AQN04,NHS ENGLAND SOUTH EAST,PHL LYMINGTON UTC,0,3066,0,8,0,0,0.9973907371167645,
2024-08-01,ARN03,NHS ENGLAND NORTH EAST AND YORKSHIRE,LOCAL CARE DIRECT,0,1911,0,0,0,0,1.0,
2024-08-01,AXG,NHS ENGLAND SOUTH WEST,WILTSHIRE HEALTH & CARE,0,2574,0,11,0,0,0.9957264957264957,
2024-08-01,C82009,NHS ENGLAND MIDLANDS,MARKET HARBOROUGH MED.CTR,0,280,0,0,0,0,1.0,
2024-08-01,C82038,NHS ENGLAND MIDLANDS,LATHAM HOUSE MEDICAL PRACTICE,0,355,0,0,0,0,1.0,
2024-08-01,C83023,NHS ENGLAND MIDLANDS,SLEAFORD MEDICAL GROUP,0,520,0,0,0,0,1.0,
2024-08-01,DT301,NHS ENGLAND EAST OF ENGLAND,HERTS URGENT CARE (ASCOTS LANE),0,2150,0,47,0,0,0.978139534883721,
2024-08-01,G0Q0L,NHS ENGLAND LONDON,BARKING HOSPITAL UTC,0,2493,0,6,0,0,0.9975932611311673,
2024-08-01,K6K0R,NHS ENGLAND LONDON,HAROLD WOOD POLYCLINIC UTC,0,2641,0,7,0,0,0.9973494888299886,
2024-08-01,L83087,NHS ENGLAND SOUTH WEST,OKEHAMPTON MEDICAL CENTRE,0,96,0,0,0,0,1.0,
2024-08-01,NDJ,NHS ENGLAND SOUTH EAST,FIRST COMMUNITY HEALTH AND CARE CIC,0,2361,0,0,0,0,1.0,
2024-08-01,NL7,NHS ENGLAND MIDLANDS,ASSURA VERTIS URGENT CARE CENTRES (BIRMINGHAM),0,3772,0,0,0,0,1.0,
2024-08-01,NLX,NHS ENGLAND SOUTH WEST,SIRONA CARE & HEALTH,0,8236,0,278,0,0,0.9662457503642545,
2024-08-01,NNF09,NHS ENGLAND NORTH EAST AND YORKSHIRE,BRANSHOLME HEALTH CENTRE,0,3487,0,218,0,0,0.9374820762833381,
2024-08-01,NNF16,NHS ENGLAND NORTH EAST AND YORKSHIRE,BRIDLINGTON HOSPITAL,0,1838,0,37,0,0,0.9798694232861807,
2024-08-01,NNF94,NHS ENGLAND NORTH EAST AND YORKSHIRE,EAST RIDING COMMUNITY HOSPITAL,0,2910,0,169,0,0,0.9419243986254295,
2024-08-01,NNFA7,NHS ENGLAND NORTH EAST AND YORKSHIRE,GOOLE & DISTRICT HOSPITAL,0,1541,0,15,0,0,0.9902660609993511,
2024-08-01,NNJ,NHS ENGLAND MIDLANDS,DHU HEALTH CARE C.I.C,0,1836,0,1,0,0,0.9994553376906318,
2024-08-01,NNJ07,NHS ENGLAND MIDLANDS,LOUGHBOROUGH URGENT CARE CENTRE,0,5267,0,13,0,0,0.9975318017846971,
2024-08-01,NNJ0H,NHS ENGLAND MIDLANDS,LLR EA - THE MERLYN VAZ HEALTH & SOCIAL CARE CENTRE,0,158,0,0,0,0,1.0,
2024-08-01,NNJ12,NHS ENGLAND MIDLANDS,MARKET HARBOROUGH,0,84,0,0,0,0,1.0,
2024-08-01,NNJ13,NHS ENGLAND MIDLANDS,MELTON MOWBRAY,0,75,0,0,0,0,1.0,
2024-08-01,NNJ14,NHS ENGLAND MIDLANDS,OADBY,0,555,0,1,0,0,0.9981981981981982,
2024-08-01,NNJ15,NHS ENGLAND MIDLANDS,OAKHAM,0,98,0,0,0,0,1.0,
2024-08-01,NQT51,NHS ENGLAND SOUTH EAST,STATION PLAZA HEALTH CENTRE,0,1151,0,0,0,0,1.0,
2024-08-01,NQT5F,NHS ENGLAND NORTH WEST,SKELMERSDALE WALK IN CENTRE,0,1619,0,2,0,0,0.9987646695491044,
2024-08-01,NQT5H,NHS ENGLAND SOUTH WEST,PAULTON MEMORIAL HOSPITAL,0,1035,0,8,0,0,0.9922705314009662,
2024-08-01,NQTE4,NHS ENGLAND MIDLANDS,SUMMERFIELD URGENT CARE CENTRE,0,2889,0,0,0,0,1.0,
2024-08-01,NR3,NHS ENGLAND MIDLANDS,NOTTINGHAM CITYCARE PARTNERSHIP,0,4789,0,92,0,0,0.9807893088327417,
2024-08-01,NTP11,NHS ENGLAND SOUTH EAST,PRACTICE PLUS GROUP HOSPITAL - SOUTHAMPTON,0,5004,0,163,0,0,0.9674260591526779,
2024-08-01,NTPAD,NHS ENGLAND SOUTH EAST,PRACTICE PLUS GROUP SURGICAL CENTRE - ST MARYS PORTSMOUTH,0,5199,0,15,0,0,0.9971148297749567,
2024-08-01,NTV0B,NHS ENGLAND SOUTH EAST,ASHFORD WALK-IN-CENTRE,0,2331,0,20,0,0,0.9914199914199914,
2024-08-01,NTV0W,NHS ENGLAND SOUTH EAST,WOKING WALK IN CENTRE,0,2491,0,36,0,0,0.9855479727017262,
2024-08-01,NV693,NHS ENGLAND NORTH WEST,ROSSENDALE MIU & OOH,0,1053,0,0,0,0,1.0,
2024-08-01,R0A,NHS ENGLAND NORTH WEST,MANCHESTER UNIVERSITY NHS FOUNDATION TRUST,21610,35270,8773,9313,3009,171,0.7359512333427842,0.5940305414160111
2024-08-01,R0B,NHS ENGLAND NORTH EAST AND YORKSHIRE,SOUTH TYNESIDE AND SUNDERLAND NHS FOUNDATION TRUST,10568,17416,4269,4414,450,1,0.7465548920532843,0.5960446631339894
2024-08-01,R0D,NHS ENGLAND SOUTH WEST,UNIVERSITY HOSPITALS DORSET NHS FOUNDATION TRUST,13227,18335,4636,4636,520,34,0.7471502590673575,0.6495048007862705
2024-08-01,R1D,NHS ENGLAND MIDLANDS,SHROPSHIRE COMMUNITY HEALTH NHS TRUST,0,3262,0,3,0,0,0.9990803188228081,
2024-08-01,R1F,NHS ENGLAND SOUTH EAST,ISLE OF WIGHT NHS TRUST,4455,6528,1900,1900,171,34,0.7089460784313726,0.5735129068462401
2024-08-01,R1H,NHS ENGLAND LONDON,BARTS HEALTH NHS TRUST,23072,39433,10843,11899,1259,923,0.6982476605888469,0.5300364077669903
2024-08-01,R1K,NHS ENGLAND LONDON,LONDON NORTH WEST UNIVERSITY HEALTHCARE NHS TRUST,12312,25852,5394,5463,613,315,0.7886817267522822,0.5618908382066277
2024-08-01,RA2,NHS ENGLAND SOUTH EAST,ROYAL SURREY COUNTY HOSPITAL NHS FOUNDATION TRUST,6150,7554,758,758,60,0,0.899655811490601,0.8767479674796748
2024-08-01,RA7,NHS ENGLAND SOUTH WEST,UNIVERSITY HOSPITALS BRISTOL AND WESTON NHS FOUNDATION TRUST,14153,16476,4271,4368,796,82,0.7348871085214859,0.6982265244117856
2024-08-01,RA9,NHS ENGLAND SOUTH WEST,TORBAY AND SOUTH DEVON NHS FOUNDATION TRUST,6432,10075,2930,2957,318,33,0.706501240694789,0.5444651741293532
2024-08-01,RAE,NHS ENGLAND NORTH EAST AND YORKSHIRE,BRADFORD TEACHING HOSPITALS NHS FOUNDATION TRUST,8798,12616,2109,2109,643,64,0.8328313253012049,0.7602864287338031
2024-08-01,RAJ,NHS ENGLAND EAST OF ENGLAND,MID AND SOUTH ESSEX NHS FOUNDATION TRUST,28003,33636,8638,8748,2818,12,0.7399215126650018,0.6915330500303538
2024-08-01,RAL,NHS ENGLAND LONDON,ROYAL FREE LONDON NHS FOUNDATION TRUST,16221,23693,5507,5542,983,517,0.7660912505803402,0.6605018186301708
2024-08-01,RAN,NHS ENGLAND LONDON,ROYAL NATIONAL ORTHOPAEDIC HOSPITAL NHS TRUST,0,0,0,0,0,0,,
2024-08-01,RAP,NHS ENGLAND LONDON,NORTH MIDDLESEX UNIVERSITY HOSPITAL NHS TRUST,7497,13747,3764,4214,340,742,0.6934603913581145,0.4979325063358677
2024-08-01,RAS,NHS ENGLAND LONDON,THE HILLINGDON HOSPITALS NHS FOUNDATION TRUST,5660,11898,3220,3344,280,10,0.7189443603967054,0.431095406360424
2024-08-01,RAX,NHS ENGLAND LONDON,KINGSTON HOSPITAL NHS FOUNDATION TRUST,6465,13972,2705,2876,214,343,0.7941597480675637,0.5815931941221965
2024-08-01,RBD,NHS ENGLAND SOUTH WEST,DORSET COUNTY HOSPITAL NHS FOUNDATION TRUST,4587,4587,1653,1653,189,42,0.6396337475474165,0.6396337475474165
2024-08-01,RBK,NHS ENGLAND MIDLANDS,WALSALL HEALTHCARE NHS TRUST,8140,11996,2010,2061,494,28,0.8281927309103034,0.7530712530712531
2024-08-01,RBL,NHS ENGLAND NORTH WEST,WIRRAL UNIVERSITY TEACHING HOSPITAL NHS FOUNDATION TRUST,7488,9933,4206,4212,668,628,0.5759589247961341,0.43830128205128205
2024-08-01,RBN,NHS ENGLAND NORTH WEST,MERSEY AND WEST LANCASHIRE TEACHING HOSPITALS NHS TRUST,15686,22432,5312,5353,718,298,0.7613676890156919,0.6613540736962897
2024-08-01,RBQ,NHS ENGLAND NORTH WEST,LIVERPOOL HEART AND CHEST HOSPITAL NHS FOUNDATION TRUST,0,0,0,0,0,0,,
2024-08-01,RBS,NHS ENGLAND NORTH WEST,ALDER HEY CHILDREN'S NHS FOUNDATION TRUST,3843,3843,290,290,0,0,0.9245381212594327,0.9245381212594327
2024-08-01,RBT,NHS ENGLAND NORTH WEST,MID CHESHIRE HOSPITALS NHS FOUNDATION TRUST,6652,9372,3586,3625,596,539,0.6132095603926591,0.46091401082381234
2024-08-01,RBV,NHS ENGLAND NORTH WEST,THE CHRISTIE NHS FOUNDATION TRUST,0,0,0,0,0,0,,
2024-08-01,RC9,NHS ENGLAND EAST OF ENGLAND,BEDFORDSHIRE HOSPITALS NHS FOUNDATION TRUST,15388,21840,5874,5874,82,3,0.7310439560439561,0.6182739797244606
2024-08-01,RCB,NHS ENGLAND NORTH EAST AND YORKSHIRE,YORK AND SCARBOROUGH TEACHING HOSPITALS NHS FOUNDATION TRUST,10260,17411,5736,5957,830,388,0.6578599735799208,0.44093567251461985
2024-08-01,RCD,NHS ENGLAND NORTH EAST AND YORKSHIRE,HARROGATE AND DISTRICT NHS FOUNDATION TRUST,4834,5881,1229,1229,212,4,0.7910219350450604,0.7457592056268101
2024-08-01,RCF,NHS ENGLAND NORTH EAST AND YORKSHIRE,AIREDALE NHS FOUNDATION TRUST,5712,5962,2335,2335,419,101,0.6083529017108353,0.5912114845938375
2024-08-01,RCU,NHS ENGLAND NORTH EAST AND YORKSHIRE,SHEFFIELD CHILDREN'S NHS FOUNDATION TRUST,3483,3483,159,159,1,0,0.954349698535745,0.954349698535745
2024-08-01,RCX,NHS ENGLAND EAST OF ENGLAND,"THE QUEEN ELIZABETH HOSPITAL, KING'S LYNN, NHS FOUNDATION TRUST",6630,7826,2298,2298,207,63,0.7063634040378226,0.653393665158371
2024-08-01,RD1,NHS ENGLAND SOUTH WEST,ROYAL UNITED HOSPITALS BATH NHS FOUNDATION TRUST,8167,8167,3025,3025,560,15,0.6296069548181706,0.6296069548181706
2024-08-01,RD8,NHS ENGLAND EAST OF ENGLAND,MILTON KEYNES UNIVERSITY HOSPITAL NHS FOUNDATION TRUST,7730,12349,2694,2744,384,0,0.7777957729370799,0.6514877102199224
2024-08-01,RDE,NHS ENGLAND EAST OF ENGLAND,EAST SUFFOLK AND NORTH ESSEX NHS FOUNDATION TRUST,14589,26166,6004,6094,931,120,0.7671023465566001,0.5884570566865446
2024-08-01,RDR,NHS ENGLAND SOUTH EAST,SUSSEX COMMUNITY NHS FOUNDATION TRUST,0,11466,0,129,0,0,0.988749345892203,
2024-08-01,RDU,NHS ENGLAND SOUTH EAST,FRIMLEY HEALTH NHS FOUNDATION TRUST,21240,32608,8383,8424,2172,95,0.741658488714426,0.6053201506591337
2024-08-01,RDY,NHS ENGLAND SOUTH WEST,DORSET HEALTHCARE UNIVERSITY NHS FOUNDATION TRUST,0,0,0,0,0,0,,
2024-08-01,REF,NHS ENGLAND SOUTH WEST,ROYAL CORNWALL HOSPITALS NHS TRUST,6978,20911,4106,5212,691,375,0.7507531920998518,0.41157924906850096
2024-08-01,REM,NHS ENGLAND NORTH WEST,LIVERPOOL UNIVERSITY HOSPITALS NHS FOUNDATION TRUST,14900,24049,6858,7022,1621,644,0.70801280718533,0.5397315436241611
2024-08-01,REP,NHS ENGLAND NORTH WEST,LIVERPOOL WOMEN'S NHS FOUNDATION TRUST,0,1297,0,161,0,0,0.8758673862760216,
2024-08-01,RET,NHS ENGLAND NORTH WEST,THE WALTON CENTRE NHS FOUNDATION TRUST,0,0,0,0,0,0,,
2024-08-01,RF4,NHS ENGLAND LONDON,"BARKING, HAVERING AND REDBRIDGE UNIVERSITY HOSPITALS NHS TRUST",11649,25200,4999,5317,620,630,0.7890079365079365,0.5708644518842819
2024-08-01,RFF,NHS ENGLAND NORTH EAST AND YORKSHIRE,BARNSLEY HOSPITAL NHS FOUNDATION TRUST,8490,8490,1896,1896,224,0,0.776678445229682,0.776678445229682
2024-08-01,RFR,NHS ENGLAND NORTH EAST AND YORKSHIRE,THE ROTHERHAM NHS FOUNDATION TRUST,8118,8118,2552,2552,337,0,0.6856368563685638,0.6856368563685638
2024-08-01,RFS,NHS ENGLAND MIDLANDS,CHESTERFIELD ROYAL HOSPITAL NHS FOUNDATION TRUST,7088,8544,3150,3276,756,57,0.6165730337078652,0.5555869074492099
2024-08-01,RGN,NHS ENGLAND EAST OF ENGLAND,NORTH WEST ANGLIA NHS FOUNDATION TRUST,13526,17850,4683,4781,604,559,0.7321568627450981,0.6537779092118883
2024-08-01,RGP,NHS ENGLAND EAST OF ENGLAND,JAMES PAGET UNIVERSITY HOSPITALS NHS FOUNDATION TRUST,7757,9147,3175,3175,622,269,0.652891658467257,0.5906922779425036
2024-08-01,RGR,NHS ENGLAND EAST OF ENGLAND,WEST SUFFOLK NHS FOUNDATION TRUST,7363,8075,2488,2488,465,260,0.6918885448916409,0.6620942550590792
2024-08-01,RGT,NHS ENGLAND EAST OF ENGLAND,CAMBRIDGE UNIVERSITY HOSPITALS NHS FOUNDATION TRUST,10138,15778,4471,4532,595,245,0.7127646089491697,0.5589859932925627
2024-08-01,RH5,NHS ENGLAND SOUTH WEST,SOMERSET NHS FOUNDATION TRUST,12836,22196,4814,4955,322,38,0.7767615786628221,0.6249610470551574
2024-08-01,RH8,NHS ENGLAND SOUTH WEST,ROYAL DEVON UNIVERSITY HEALTHCARE NHS FOUNDATION TRUST,12797,17146,4835,4873,923,18,0.7157937711419573,0.6221770727514262
2024-08-01,RHM,NHS ENGLAND SOUTH EAST,UNIVERSITY HOSPITAL SOUTHAMPTON NHS FOUNDATION TRUST,11011,12294,3616,3728,241,6,0.6967626484463967,0.6716011261465806
2024-08-01,RHQ,NHS ENGLAND NORTH EAST AND YORKSHIRE,SHEFFIELD TEACHING HOSPITALS NHS FOUNDATION TRUST,8861,16635,4351,4439,1097,13,0.7331529906822964,0.508971899334161
2024-08-01,RHU,NHS ENGLAND SOUTH EAST,PORTSMOUTH HOSPITALS UNIVERSITY NATIONAL HEALTH SERVICE TRUST,9425,13178,4560,4588,1503,19,0.6518439823949006,0.5161803713527852
2024-08-01,RHW,NHS ENGLAND SOUTH EAST,ROYAL BERKSHIRE NHS FOUNDATION TRUST,11028,13303,3195,3206,297,0,0.7590017289333233,0.7102829162132753
2024-08-01,RJ1,NHS ENGLAND LONDON,GUY'S AND ST THOMAS' NHS FOUNDATION TRUST,9600,16661,3894,4207,128,18,0.7474941480103234,0.594375
2024-08-01,RJ2,NHS ENGLAND LONDON,LEWISHAM AND GREENWICH NHS TRUST,13116,22755,6100,7063,909,317,0.6896066798505822,0.5349191826776456
2024-08-01,RJ6,NHS ENGLAND LONDON,CROYDON HEALTH SERVICES NHS TRUST,12064,16609,3900,3900,465,485,0.7651875489192607,0.6767241379310345
2024-08-01,RJ7,NHS ENGLAND LONDON,ST GEORGE'S UNIVERSITY HOSPITALS NHS FOUNDATION TRUST,7874,11307,2229,2229,516,643,0.8028654815600955,0.7169164338328677
2024-08-01,RJ8,NHS ENGLAND SOUTH WEST,CORNWALL PARTNERSHIP NHS FOUNDATION TRUST,0,0,0,0,0,0,,
2024-08-01,RJC,NHS ENGLAND MIDLANDS,SOUTH WARWICKSHIRE UNIVERSITY NHS FOUNDATION TRUST,7904,8291,2064,2064,227,3,0.7510553612350742,0.7388663967611335
2024-08-01,RJE,NHS ENGLAND MIDLANDS,UNIVERSITY HOSPITALS OF NORTH MIDLANDS NHS TRUST,12919,20950,5675,5735,1133,247,0.726252983293556,0.5607245142812911
2024-08-01,RJL,NHS ENGLAND NORTH EAST AND YORKSHIRE,NORTHERN LINCOLNSHIRE AND GOOLE NHS FOUNDATION TRUST,8901,14902,4401,4450,761,652,0.7013823647832506,0.5055611729019212
2024-08-01,RJN,NHS ENGLAND NORTH WEST,EAST CHESHIRE NHS TRUST,4125,4125,1995,1995,186,70,0.5163636363636364,0.5163636363636364
2024-08-01,RJR,NHS ENGLAND NORTH WEST,COUNTESS OF CHESTER HOSPITAL NHS FOUNDATION TRUST,4794,6977,2638,2811,303,634,0.5971047728249964,0.4497288277012933
2024-08-01,RJZ,NHS ENGLAND LONDON,KING'S COLLEGE HOSPITAL NHS FOUNDATION TRUST,14582,22543,5850,6106,1374,452,0.729139866033802,0.5988204635852421
2024-08-01,RK5,NHS ENGLAND MIDLANDS,SHERWOOD FOREST HOSPITALS NHS FOUNDATION TRUST,10030,15103,2611,2694,219,27,0.8216248427464742,0.7396809571286141
2024-08-01,RK9,NHS ENGLAND SOUTH WEST,UNIVERSITY HOSPITALS PLYMOUTH NHS TRUST,8907,14335,4568,4625,690,297,0.6773630973142658,0.48714494218030757
2024-08-01,RKB,NHS ENGLAND MIDLANDS,UNIVERSITY HOSPITALS COVENTRY AND WARWICKSHIRE NHS TRUST,10799,17363,5613,5927,108,26,0.6586419397569545,0.48022965089360126
2024-08-01,RKE,NHS ENGLAND LONDON,WHITTINGTON HEALTH NHS TRUST,8979,8979,2440,2440,302,113,0.7282548167947434,0.7282548167947434
2024-08-01,RL1,NHS ENGLAND MIDLANDS,THE ROBERT JONES AND AGNES HUNT ORTHOPAEDIC HOSPITAL NHS FOUNDATION TRUST,0,0,0,0,0,0,,
2024-08-01,RL4,NHS ENGLAND MIDLANDS,THE ROYAL WOLVERHAMPTON NHS TRUST,12199,18789,3643,3666,1004,182,0.8048858374580872,0.7013689646692352
2024-08-01,RLQ,NHS ENGLAND MIDLANDS,WYE VALLEY NHS TRUST,5824,7119,2317,2317,402,241,0.6745329400196657,0.6021634615384616
2024-08-01,RLT,NHS ENGLAND MIDLANDS,GEORGE ELIOT HOSPITAL NHS TRUST,6068,7795,2011,2027,505,56,0.7399615137908916,0.6685893210283453
2024-08-01,RM1,NHS ENGLAND EAST OF ENGLAND,NORFOLK AND NORWICH UNIVERSITY HOSPITALS NHS FOUNDATION TRUST,12009,20946,3719,3720,594,69,0.8224004583213979,0.6903155966358565
2024-08-01,RM3,NHS ENGLAND NORTH WEST,NORTHERN CARE ALLIANCE NHS FOUNDATION TRUST,23316,31500,10163,10392,3807,496,0.6700952380952381,0.5641190598730486
2024-08-01,RMC,NHS ENGLAND NORTH WEST,BOLTON NHS FOUNDATION TRUST,7196,10631,3074,3246,694,428,0.6946665412472957,0.5728182323513062
2024-08-01,RMP,NHS ENGLAND NORTH WEST,TAMESIDE AND GLOSSOP INTEGRATED CARE NHS FOUNDATION TRUST,7648,9851,3013,3013,629,97,0.6941427266267384,0.6060407949790795
2024-08-01,RN3,NHS ENGLAND SOUTH WEST,GREAT WESTERN HOSPITALS NHS FOUNDATION TRUST,5235,10776,2055,2212,602,0,0.7947290274684484,0.6074498567335244
2024-08-01,RN5,NHS ENGLAND SOUTH EAST,HAMPSHIRE HOSPITALS NHS FOUNDATION TRUST,11978,12558,5150,5150,283,20,0.589902850772416,0.5700450826515278
2024-08-01,RN7,NHS ENGLAND SOUTH EAST,DARTFORD AND GRAVESHAM NHS TRUST,10046,13585,2955,2971,578,50,0.781302907618697,0.705853075851085
2024-08-01,RNA,NHS ENGLAND MIDLANDS,THE DUDLEY GROUP NHS FOUNDATION TRUST,8675,12599,2155,2185,1944,11,0.8265735375823478,0.7515850144092219
2024-08-01,RNN,NHS ENGLAND NORTH EAST AND YORKSHIRE,NORTH CUMBRIA INTEGRATED CARE NHS FOUNDATION TRUST,8417,10394,3254,3306,570,379,0.6819318837791033,0.6134014494475466
2024-08-01,RNQ,NHS ENGLAND MIDLANDS,KETTERING GENERAL HOSPITAL NHS FOUNDATION TRUST,9006,17235,3205,3249,1361,0,0.8114882506527415,0.6441261381301355
2024-08-01,RNS,NHS ENGLAND MIDLANDS,NORTHAMPTON GENERAL HOSPITAL NHS TRUST,9338,11871,3165,3199,526,721,0.7305197540224075,0.6610623259798671
2024-08-01,RNU,NHS ENGLAND SOUTH EAST,OXFORD HEALTH NHS FOUNDATION TRUST,0,3643,0,308,0,0,0.9154542959099643,
2024-08-01,RNZ,NHS ENGLAND SOUTH WEST,SALISBURY NHS FOUNDATION TRUST,4489,6637,1846,1846,379,2,0.7218622871779419,0.5887725551347739
2024-08-01,RP5,NHS ENGLAND NORTH EAST AND YORKSHIRE,DONCASTER AND BASSETLAW TEACHING HOSPITALS NHS FOUNDATION TRUST,12903,16496,4532,4536,984,82,0.7250242483026188,0.6487638533674339
2024-08-01,RP6,NHS ENGLAND LONDON,MOORFIELDS EYE HOSPITAL NHS FOUNDATION TRUST,0,5681,0,106,0,0,0.9813413131490935,
2024-08-01,RPA,NHS ENGLAND SOUTH EAST,MEDWAY NHS FOUNDATION TRUST,8254,14779,2698,3146,405,572,0.7871303877122945,0.6731281802762297
2024-08-01,RPC,NHS ENGLAND SOUTH EAST,QUEEN VICTORIA HOSPITAL NHS FOUNDATION TRUST,0,1586,0,0,0,0,1.0,
2024-08-01,RQ3,NHS ENGLAND MIDLANDS,BIRMINGHAM WOMEN'S AND CHILDREN'S NHS FOUNDATION TRUST,3730,3730,148,148,0,0,0.9603217158176943,0.9603217158176943
2024-08-01,RQM,NHS ENGLAND LONDON,CHELSEA AND WESTMINSTER HOSPITAL NHS FOUNDATION TRUST,17554,22878,4169,4192,321,37,0.8167671999300639,0.7625042725304774
2024-08-01,RQW,NHS ENGLAND EAST OF ENGLAND,THE PRINCESS ALEXANDRA HOSPITAL NHS TRUST,7939,9368,3654,3654,395,85,0.6099487617421008,0.5397405214762565
2024-08-01,RQX,NHS ENGLAND LONDON,HOMERTON HEALTHCARE NHS FOUNDATION TRUST,10373,10373,1335,1335,167,16,0.8713004916610431,0.8713004916610431
2024-08-01,RR7,NHS ENGLAND NORTH EAST AND YORKSHIRE,GATESHEAD HEALTH NHS FOUNDATION TRUST,5352,8820,2427,2455,943,0,0.721655328798186,0.54652466367713
2024-08-01,RR8,NHS ENGLAND NORTH EAST AND YORKSHIRE,LEEDS TEACHING HOSPITALS NHS TRUST,16116,26940,5972,6004,1581,67,0.7771343726800297,0.6294365847604865
2024-08-01,RRF,NHS ENGLAND NORTH WEST,"WRIGHTINGTON, WIGAN AND LEIGH NHS FOUNDATION TRUST",6825,11622,3138,3152,1217,206,0.7287902254345207,0.5402197802197802
2024-08-01,RRK,NHS ENGLAND MIDLANDS,UNIVERSITY HOSPITALS BIRMINGHAM NHS FOUNDATION TRUST,31490,33364,12017,12051,2750,1600,0.6388023018822684,0.6183867894569705
2024-08-01,RRV,NHS ENGLAND LONDON,UNIVERSITY COLLEGE LONDON HOSPITALS NHS FOUNDATION TRUST,12262,12262,2915,2915,220,50,0.7622736910781276,0.7622736910781276
2024-08-01,RTD,NHS ENGLAND NORTH EAST AND YORKSHIRE,THE NEWCASTLE UPON TYNE HOSPITALS NHS FOUNDATION TRUST,11019,17084,4134,4191,280,3,0.7546827440880356,0.6248298393683638
2024-08-01,RTE,NHS ENGLAND SOUTH WEST,GLOUCESTERSHIRE HOSPITALS NHS FOUNDATION TRUST,12375,12375,4612,4612,586,394,0.6273131313131313,0.6273131313131313
2024-08-01,RTF,NHS ENGLAND NORTH EAST AND YORKSHIRE,NORTHUMBRIA HEALTHCARE NHS FOUNDATION TRUST,8979,21173,1587,1594,8,0,0.9247154394748028,0.8232542599398597
2024-08-01,RTG,NHS ENGLAND MIDLANDS,UNIVERSITY HOSPITALS OF DERBY AND BURTON NHS FOUNDATION TRUST,19069,27940,7987,7987,828,639,0.7141374373657838,0.581152656143479
2024-08-01,RTH,NHS ENGLAND SOUTH EAST,OXFORD UNIVERSITY HOSPITALS NHS FOUNDATION TRUST,11262,14847,3596,3599,782,0,0.7575941267596147,0.6806961463328005
2024-08-01,RTK,NHS ENGLAND SOUTH EAST,ASHFORD AND ST PETER'S HOSPITALS NHS FOUNDATION TRUST,9097,9097,2779,2779,455,137,0.6945146751676377,0.6945146751676377
2024-08-01,RTP,NHS ENGLAND SOUTH EAST,SURREY AND SUSSEX HEALTHCARE NHS TRUST,9840,9840,2527,2527,457,308,0.7431910569105691,0.7431910569105691
2024-08-01,RTQ,NHS ENGLAND SOUTH WEST,GLOUCESTERSHIRE HEALTH AND CARE NHS FOUNDATION TRUST,0,7444,0,29,0,0,0.996104245029554,
2024-08-01,RTR,NHS ENGLAND NORTH EAST AND YORKSHIRE,SOUTH TEES HOSPITALS NHS FOUNDATION TRUST,7068,15729,3345,3668,224,3,0.7668001780151312,0.5267402376910018
2024-08-01,RTX,NHS ENGLAND NORTH WEST,UNIVERSITY HOSPITALS OF MORECAMBE BAY NHS FOUNDATION TRUST,8644,11935,2490,2548,554,256,0.7865102639296188,0.7119389171679777
2024-08-01,RV9,NHS ENGLAND NORTH EAST AND YORKSHIRE,HUMBER TEACHING NHS FOUNDATION TRUST,0,1116,0,6,0,0,0.9946236559139785,
2024-08-01,RVJ,NHS ENGLAND SOUTH WEST,NORTH BRISTOL NHS TRUST,8834,8834,3410,3410,662,83,0.6139913968757075,0.6139913968757075
2024-08-01,RVR,NHS ENGLAND LONDON,EPSOM AND ST HELIER UNIVERSITY HOSPITALS NHS TRUST,10029,11837,2603,2695,346,498,0.7723240685984625,0.7404526872070993
2024-08-01,RVV,NHS ENGLAND SOUTH EAST,EAST KENT HOSPITALS UNIVERSITY NHS FOUNDATION TRUST,12131,24197,5313,5465,581,1033,0.7741455552341199,0.5620311598384304
2024-08-01,RVW,NHS ENGLAND NORTH EAST AND YORKSHIRE,NORTH TEES AND HARTLEPOOL NHS FOUNDATION TRUST,4447,15119,1585,1606,61,0,0.8937760433891131,0.6435799415336182
2024-08-01,RW1,NHS ENGLAND SOUTH EAST,SOUTHERN HEALTH NHS FOUNDATION TRUST,0,2876,0,27,0,0,0.9906119610570236,
2024-08-01,RW4,NHS ENGLAND NORTH WEST,MERSEY CARE NHS FOUNDATION TRUST,0,11716,0,107,0,0,0.9908671901672926,
2024-08-01,RWA,NHS ENGLAND NORTH EAST AND YORKSHIRE,HULL UNIVERSITY TEACHING HOSPITALS NHS TRUST,8912,13033,4513,4641,1046,221,0.6439039361620502,0.49360412926391384
2024-08-01,RWD,NHS ENGLAND MIDLANDS,UNITED LINCOLNSHIRE HOSPITALS NHS TRUST,9359,19069,6096,7006,1146,732,0.6325974094079396,0.3486483598675072
2024-08-01,RWE,NHS ENGLAND MIDLANDS,UNIVERSITY HOSPITALS OF LEICESTER NHS TRUST,20272,22109,8227,8229,1536,662,0.627798634040436,0.5941692975532755
2024-08-01,RWF,NHS ENGLAND SOUTH EAST,MAIDSTONE AND TUNBRIDGE WELLS NHS TRUST,16301,18480,2651,2658,640,12,0.8561688311688311,0.8373719403717563
2024-08-01,RWG,NHS ENGLAND EAST OF ENGLAND,WEST HERTFORDSHIRE TEACHING HOSPITALS NHS TRUST,7704,14838,2355,2472,557,25,0.8334007278608977,0.6943146417445483
2024-08-01,RWH,NHS ENGLAND EAST OF ENGLAND,EAST AND NORTH HERTFORDSHIRE NHS TRUST,8325,15112,3977,4032,180,10,0.7331921651667549,0.5222822822822824
2024-08-01,RWJ,NHS ENGLAND NORTH WEST,STOCKPORT NHS FOUNDATION TRUST,7521,8423,2914,2922,636,90,0.6530927223079663,0.6125515224039356
2024-08-01,RWP,NHS ENGLAND MIDLANDS,WORCESTERSHIRE ACUTE HOSPITALS NHS TRUST,12435,18453,5940,5944,780,335,0.6778843548474502,0.5223160434258143
2024-08-01,RWW,NHS ENGLAND NORTH WEST,WARRINGTON AND HALTON TEACHING HOSPITALS NHS FOUNDATION TRUST,6457,9268,3266,3309,833,569,0.6429650410012948,0.49419234938826084
2024-08-01,RWX,NHS ENGLAND SOUTH EAST,BERKSHIRE HEALTHCARE NHS FOUNDATION TRUST,0,1441,0,11,0,0,0.9923664122137404,
2024-08-01,RWY,NHS ENGLAND NORTH EAST AND YORKSHIRE,CALDERDALE AND HUDDERSFIELD NHS FOUNDATION TRUST,14746,14746,4154,4154,884,2,0.7182964871829649,0.7182964871829649
2024-08-01,RX1,NHS ENGLAND MIDLANDS,NOTTINGHAM UNIVERSITY HOSPITALS NHS TRUST,14080,16173,6415,6490,702,230,0.5987139058925369,0.5443892045454546
2024-08-01,RXC,NHS ENGLAND SOUTH EAST,EAST SUSSEX HEALTHCARE NHS TRUST,8411,10814,2960,2973,239,4,0.7250786018124653,0.648079895375104
2024-08-01,RXF,NHS ENGLAND NORTH EAST AND YORKSHIRE,MID YORKSHIRE TEACHING NHS TRUST,15391,21121,5982,6145,2271,118,0.7090573363003645,0.6113312975115327
2024-08-01,RXG,NHS ENGLAND NORTH EAST AND YORKSHIRE,SOUTH WEST YORKSHIRE PARTNERSHIP NHS FOUNDATION TRUST,0,0,0,0,0,0,,
2024-08-01,RXK,NHS ENGLAND MIDLANDS,SANDWELL AND WEST BIRMINGHAM HOSPITALS NHS TRUST,13740,21684,6199,6420,1526,406,0.703929164360819,0.5488355167394469
2024-08-01,RXL,NHS ENGLAND NORTH WEST,BLACKPOOL TEACHING HOSPITALS NHS FOUNDATION TRUST,8668,18878,4133,4175,527,566,0.7788430977857824,0.5231887401938163
2024-08-01,RXN,NHS ENGLAND NORTH WEST,LANCASHIRE TEACHING HOSPITALS NHS FOUNDATION TRUST,11392,14824,4112,4179,1029,299,0.7180922827846735,0.6390449438202247
2024-08-01,RXP,NHS ENGLAND NORTH EAST AND YORKSHIRE,COUNTY DURHAM AND DARLINGTON NHS FOUNDATION TRUST,12196,16298,5277,5277,1767,19,0.6762179408516382,0.5673171531649721
2024-08-01,RXQ,NHS ENGLAND SOUTH EAST,BUCKINGHAMSHIRE HEALTHCARE NHS TRUST,9083,13484,3045,3164,257,114,0.7653515277365767,0.6647583397555874
2024-08-01,RXR,NHS ENGLAND NORTH WEST,EAST LANCASHIRE HOSPITALS NHS TRUST,12519,22102,4131,4516,767,713,0.7956745995837481,0.6700215672178289
2024-08-01,RXW,NHS ENGLAND MIDLANDS,THE SHREWSBURY AND TELFORD HOSPITAL NHS TRUST,10059,12401,5314,5490,590,546,0.5572937666317233,0.4717168704642608
2024-08-01,RY2,NHS ENGLAND NORTH WEST,BRIDGEWATER COMMUNITY HEALTHCARE NHS FOUNDATION TRUST,0,2856,0,35,0,0,0.9877450980392157,
2024-08-01,RY4,NHS ENGLAND EAST OF ENGLAND,HERTFORDSHIRE COMMUNITY NHS TRUST,0,1042,0,56,0,0,0.946257197696737,
2024-08-01,RY5,NHS ENGLAND MIDLANDS,LINCOLNSHIRE COMMUNITY HEALTH SERVICES NHS TRUST,0,8664,0,434,0,0,0.9499076638965835,
2024-08-01,RY7,NHS ENGLAND NORTH WEST,WIRRAL COMMUNITY HEALTH AND CARE NHS FOUNDATION TRUST,0,4431,0,92,0,0,0.9792371925073347,
2024-08-01,RY8,NHS ENGLAND MIDLANDS,DERBYSHIRE COMMUNITY HEALTH SERVICES NHS FOUNDATION TRUST,0,6151,0,34,0,0,0.9944724435051211,
2024-08-01,RYF,NHS ENGLAND SOUTH WEST,SOUTH WESTERN AMBULANCE SERVICE NHS FOUNDATION TRUST,0,1676,0,133,0,0,0.9206443914081146,
2024-08-01,RYG,NHS ENGLAND MIDLANDS,COVENTRY AND WARWICKSHIRE PARTNERSHIP NHS TRUST,0,0,0,0,0,0,,
2024-08-01,RYJ,NHS ENGLAND LONDON,IMPERIAL COLLEGE HEALTHCARE NHS TRUST,10815,21819,4454,4758,660,170,0.7819331775058436,0.5881645862228386
2024-08-01,RYR,NHS ENGLAND SOUTH EAST,UNIVERSITY HOSPITALS SUSSEX NHS FOUNDATION TRUST,21299,27992,8909,9518,1561,1108,0.6599742783652471,0.5817174515235457
2024-08-01,RYX,NHS ENGLAND LONDON,CENTRAL LONDON COMMUNITY HEALTHCARE NHS TRUST,0,10103,0,76,0,0,0.9924774819360586,
2024-08-01,RYY,NHS ENGLAND SOUTH EAST,KENT COMMUNITY HEALTH NHS FOUNDATION TRUST,0,15433,0,90,0,0,0.9941683405689108,
2024-08-01,Y00751,NHS ENGLAND SOUTH EAST,EAST BERKS PRIMARY CARE OOH(WAM),0,0,0,0,0,0,,
2024-08-01,Y02147,NHS ENGLAND LONDON,URGENT CARE CENTRE (QMS),0,7179,0,55,0,0,0.9923387658448252,
2024-08-01,Y02428,NHS ENGLAND EAST OF ENGLAND,PUTNOE WALK IN CENTRE,0,2395,0,0,0,0,1.0,
2024-08-01,Y02532,NHS ENGLAND NORTH WEST,MIRIAM MINOR EMERGENCY,0,1532,0,0,0,0,1.0,
2024-08-01,Y02615,NHS ENGLAND MIDLANDS,SOUTH BIRMINGHAM GP WALK IN CENTRE,0,6192,0,0,0,0,1.0,
2024-08-01,Y02676,NHS ENGLAND SOUTH EAST,BRIGHTON STATION HEALTH CENTRE,0,1843,0,0,0,0,1.0,
2024-08-01,Y03007,NHS ENGLAND MIDLANDS,ERDINGTON GP HEALTH & WELLBEING WIC,0,0,0,0,0,0,,
2024-08-01,Y03218,NHS ENGLAND LONDON,THE PINN UNREGISTERED WIC,0,1074,0,0,0,0,1.0,
2024-08-01,Y07709,NHS ENGLAND SOUTH EAST,READING URGENT CARE CENTRE,0,2115,0,0,0,0,1.0,
2024-09-01,8J094,NHS ENGLAND MIDLANDS,BADGER LTD,0,0,0,0,0,0,,
2024-09-01,AAH,NHS ENGLAND SOUTH WEST,TETBURY HOSPITAL TRUST LTD,0,515,0,0,0,0,1.0,
2024-09-01,ACH01,NHS ENGLAND SOUTH EAST,WHITSTABLE MEDICAL PRACTICE,0,5599,0,0,0,0,1.0,
2024-09-01,AD913,NHS ENGLAND LONDON,BECKENHAM BEACON UCC,0,622,0,9,0,0,0.9855305466237942,
2024-09-01,AJN,NHS ENGLAND NORTH EAST AND YORKSHIRE,WORKINGTON HEALTH LIMITED,0,307,0,0,0,0,1.0,
2024-09-01,AQN04,NHS ENGLAND SOUTH EAST,PHL LYMINGTON UTC,0,2805,0,6,0,0,0.9978609625668449,
2024-09-01,ARN03,NHS ENGLAND NORTH EAST AND YORKSHIRE,LOCAL CARE DIRECT,0,1937,0,0,0,0,1.0,
2024-09-01,AXG,NHS ENGLAND SOUTH WEST,WILTSHIRE HEALTH & CARE,0,2529,0,31,0,0,0.9877421905891657,
2024-09-01,C82009,NHS ENGLAND MIDLANDS,MARKET HARBOROUGH MED.CTR,0,319,0,0,0,0,1.0,
2024-09-01,C82038,NHS ENGLAND MIDLANDS,LATHAM HOUSE MEDICAL PRACTICE,0,322,0,0,0,0,1.0,
2024-09-01,C83023,NHS ENGLAND MIDLANDS,SLEAFORD MEDICAL GROUP,0,402,0,0,0,0,1.0,
2024-09-01,DT301,NHS ENGLAND EAST OF ENGLAND,HERTS URGENT CARE (ASCOTS LANE),0,2247,0,107,0,0,0.9523809523809523,
2024-09-01,G0Q0L,NHS ENGLAND LONDON,BARKING HOSPITAL UTC,0,2605,0,14,0,0,0.9946257197696737,
2024-09-01,K6K0R,NHS ENGLAND LONDON,HAROLD WOOD POLYCLINIC UTC,0,2638,0,6,0,0,0.9977255496588324,
2024-09-01,L83087,NHS ENGLAND SOUTH WEST,OKEHAMPTON MEDICAL CENTRE,0,75,0,0,0,0,1.0,
2024-09-01,NDJ,NHS ENGLAND SOUTH EAST,FIRST COMMUNITY HEALTH AND CARE CIC,0,2312,0,0,0,0,1.0,
2024-09-01,NL7,NHS ENGLAND MIDLANDS,ASSURA VERTIS URGENT CARE CENTRES (BIRMINGHAM),0,3499,0,0,0,0,1.0,
2024-09-01,NLX,NHS ENGLAND SOUTH WEST,SIRONA CARE & HEALTH,0,8415,0,503,0,0,0.9402257872846108,
2024-09-01,NNF09,NHS ENGLAND NORTH EAST AND YORKSHIRE,BRANSHOLME HEALTH CENTRE,0,3454,0,187,0,0,0.945859872611465,
2024-09-01,NNF16,NHS ENGLAND NORTH EAST AND YORKSHIRE,BRIDLINGTON HOSPITAL,0,1526,0,27,0,0,0.9823066841415465,
2024-09-01,NNF94,NHS ENGLAND NORTH EAST AND YORKSHIRE,EAST RIDING COMMUNITY HOSPITAL,0,2637,0,136,0,0,0.9484262419416003,
2024-09-01,NNFA7,NHS ENGLAND NORTH EAST AND YORKSHIRE,GOOLE & DISTRICT HOSPITAL,0,1522,0,40,0,0,0.973718791064389,
2024-09-01,NNJ,NHS ENGLAND MIDLANDS,DHU HEALTH CARE C.I.C,0,1811,0,4,0,0,0.9977912755383765,
2024-09-01,NNJ07,NHS ENGLAND MIDLANDS,LOUGHBOROUGH URGENT CARE CENTRE,0,5362,0,18,0,0,0.9966430436404327,
2024-09-01,NNJ0H,NHS ENGLAND MIDLANDS,LLR EA - THE MERLYN VAZ HEALTH & SOCIAL CARE CENTRE,0,199,0,1,0,0,0.9949748743718593,
2024-09-01,NNJ12,NHS ENGLAND MIDLANDS,MARKET HARBOROUGH,0,76,0,0,0,0,1.0,
2024-09-01,NNJ13,NHS ENGLAND MIDLANDS,MELTON MOWBRAY,0,58,0,0,0,0,1.0,
2024-09-01,NNJ14,NHS ENGLAND MIDLANDS,OADBY,0,482,0,0,0,0,1.0,
2024-09-01,NNJ15,NHS ENGLAND MIDLANDS,OAKHAM,0,72,0,0,0,0,1.0,
2024-09-01,NQT51,NHS ENGLAND SOUTH EAST,STATION PLAZA HEALTH CENTRE,0,1005,0,0,0,0,1.0,
2024-09-01,NQT5F,NHS ENGLAND NORTH WEST,SKELMERSDALE WALK IN CENTRE,0,1749,0,27,0,0,0.9845626072041166,
2024-09-01,NQT5H,NHS ENGLAND SOUTH WEST,PAULTON MEMORIAL HOSPITAL,0,1011,0,4,0,0,0.9960435212660732,
2024-09-01,NQTE4,NHS ENGLAND MIDLANDS,SUMMERFIELD URGENT CARE CENTRE,0,3003,0,0,0,0,1.0,
2024-09-01,NR3,NHS ENGLAND MIDLANDS,NOTTINGHAM CITYCARE PARTNERSHIP,0,4900,0,71,0,0,0.9855102040816327,
2024-09-01,NTP11,NHS ENGLAND SOUTH EAST,PRACTICE PLUS GROUP HOSPITAL - SOUTHAMPTON,0,5011,0,89,0,0,0.9822390740371183,
2024-09-01,NTPAD,NHS ENGLAND SOUTH EAST,PRACTICE PLUS GROUP SURGICAL CENTRE - ST MARYS PORTSMOUTH,0,5201,0,144,0,0,0.9723130167275524,
2024-09-01,NTV0B,NHS ENGLAND SOUTH EAST,ASHFORD WALK-IN-CENTRE,0,2297,0,38,0,0,0.9834566826295168,
2024-09-01,NTV0W,NHS ENGLAND SOUTH EAST,WOKING WALK IN CENTRE,0,2304,0,38,0,0,0.9835069444444444,
2024-09-01,NV693,NHS ENGLAND NORTH WEST,ROSSENDALE MIU & OOH,0,1050,0,0,0,0,1.0,
2024-09-01,R0A,NHS ENGLAND NORTH WEST,MANCHESTER UNIVERSITY NHS FOUNDATION TRUST,23533,37841,10679,11366,3878,179,0.6996379588277266,0.5462117027153359
2024-09-01,R0B,NHS ENGLAND NORTH EAST AND YORKSHIRE,SOUTH TYNESIDE AND SUNDERLAND NHS FOUNDATION TRUST,11215,18271,4778,4977,403,2,0.7276011165234524,0.5739634418189925
2024-09-01,R0D,NHS ENGLAND SOUTH WEST,UNIVERSITY HOSPITALS DORSET NHS FOUNDATION TRUST,12978,17755,4879,4879,752,128,0.725204167840045,0.6240560949298813
2024-09-01,R1D,NHS ENGLAND MIDLANDS,SHROPSHIRE COMMUNITY HEALTH NHS TRUST,0,3248,0,1,0,0,0.999692118226601,
2024-09-01,R1F,NHS ENGLAND SOUTH EAST,ISLE OF WIGHT NHS TRUST,3961,5909,1855,1855,267,79,0.6860720934168218,0.5316839182024742
2024-09-01,R1H,NHS ENGLAND LONDON,BARTS HEALTH NHS TRUST,24191,41260,11058,12397,1135,885,0.6995395055744063,0.5428878508536232
2024-09-01,R1K,NHS ENGLAND LONDON,LONDON NORTH WEST UNIVERSITY HEALTHCARE NHS TRUST,12797,26876,6832,6913,756,576,0.742781663938086,0.46612487301711336
2024-09-01,RA2,NHS ENGLAND SOUTH EAST,ROYAL SURREY COUNTY HOSPITAL NHS FOUNDATION TRUST,6573,8087,1668,1668,219,2,0.7937430443922344,0.7462345960748517
2024-09-01,RA7,NHS ENGLAND SOUTH WEST,UNIVERSITY HOSPITALS BRISTOL AND WESTON NHS FOUNDATION TRUST,14776,17014,5191,5327,1214,261,0.686904901845539,0.6486870600974554
2024-09-01,RA9,NHS ENGLAND SOUTH WEST,TORBAY AND SOUTH DEVON NHS FOUNDATION TRUST,6235,9477,3248,3270,363,82,0.6549540993985439,0.4790697674418605
2024-09-01,RAE,NHS ENGLAND NORTH EAST AND YORKSHIRE,BRADFORD TEACHING HOSPITALS NHS FOUNDATION TRUST,8960,13201,2273,2273,729,55,0.8278160745398075,0.7463169642857144
2024-09-01,RAJ,NHS ENGLAND EAST OF ENGLAND,MID AND SOUTH ESSEX NHS FOUNDATION TRUST,29860,35402,9787,9995,3285,87,0.7176713180046326,0.6722371064969859
2024-09-01,RAL,NHS ENGLAND LONDON,ROYAL FREE LONDON NHS FOUNDATION TRUST,16645,24951,6090,6239,914,647,0.7499499018075428,0.6341243616701713
2024-09-01,RAN,NHS ENGLAND LONDON,ROYAL NATIONAL ORTHOPAEDIC HOSPITAL NHS TRUST,0,0,0,0,0,0,,
2024-09-01,RAP,NHS ENGLAND LONDON,NORTH MIDDLESEX UNIVERSITY HOSPITAL NHS TRUST,7912,14907,3898,4475,300,791,0.6998054605219024,0.5073306370070778
2024-09-01,RAS,NHS ENGLAND LONDON,THE HILLINGDON HOSPITALS NHS FOUNDATION TRUST,6077,12330,3644,3821,523,39,0.6901054339010544,0.4003620207339148
2024-09-01,RAX,NHS ENGLAND LONDON,KINGSTON HOSPITAL NHS FOUNDATION TRUST,6915,14680,3327,3544,270,185,0.75858310626703,0.5188720173535792
2024-09-01,RBD,NHS ENGLAND SOUTH WEST,DORSET COUNTY HOSPITAL NHS FOUNDATION TRUST,4224,4224,1431,1431,200,45,0.6612215909090908,0.6612215909090908
2024-09-01,RBK,NHS ENGLAND MIDLANDS,WALSALL HEALTHCARE NHS TRUST,8721,12621,2968,3032,1009,69,0.7597654702479993,0.6596720559568856
2024-09-01,RBL,NHS ENGLAND NORTH WEST,WIRRAL UNIVERSITY TEACHING HOSPITAL NHS FOUNDATION TRUST,7655,10280,4231,4246,496,899,0.5869649805447471,0.4472893533638145
2024-09-01,RBN,NHS ENGLAND NORTH WEST,MERSEY AND WEST LANCASHIRE TEACHING HOSPITALS NHS TRUST,15845,22543,5617,5834,608,318,0.7412056957813955,0.6455033133480593
2024-09-01,RBQ,NHS ENGLAND NORTH WEST,LIVERPOOL HEART AND CHEST HOSPITAL NHS FOUNDATION TRUST,0,0,0,0,0,0,,
2024-09-01,RBS,NHS ENGLAND NORTH WEST,ALDER HEY CHILDREN'S NHS FOUNDATION TRUST,5058,5058,776,776,0,0,0.8465796757611704,0.8465796757611704
2024-09-01,RBT,NHS ENGLAND NORTH WEST,MID CHESHIRE HOSPITALS NHS FOUNDATION TRUST,6969,9747,3843,3878,536,654,0.6021339899456243,0.4485578992681877
2024-09-01,RBV,NHS ENGLAND NORTH WEST,THE CHRISTIE NHS FOUNDATION TRUST,0,0,0,0,0,0,,
2024-09-01,RC9,NHS ENGLAND EAST OF ENGLAND,BEDFORDSHIRE HOSPITALS NHS FOUNDATION TRUST,15695,22868,5895,5895,80,6,0.7422161973062795,0.6244026760114686
2024-09-01,RCB,NHS ENGLAND NORTH EAST AND YORKSHIRE,YORK AND SCARBOROUGH TEACHING HOSPITALS NHS FOUNDATION TRUST,10220,17183,5877,6111,876,645,0.644357795495548,0.4249510763209393
2024-09-01,RCD,NHS ENGLAND NORTH EAST AND YORKSHIRE,HARROGATE AND DISTRICT NHS FOUNDATION TRUST,5056,6072,1506,1506,135,3,0.7519762845849802,0.7021360759493671
2024-09-01,RCF,NHS ENGLAND NORTH EAST AND YORKSHIRE,AIREDALE NHS FOUNDATION TRUST,5682,5937,2290,2290,420,93,0.6142833080680479,0.5969728968673003
2024-09-01,RCU,NHS ENGLAND NORTH EAST AND YORKSHIRE,SHEFFIELD CHILDREN'S NHS FOUNDATION TRUST,4336,4663,313,313,11,0,0.9328758310100793,0.9278136531365314
2024-09-01,RCX,NHS ENGLAND EAST OF ENGLAND,"THE QUEEN ELIZABETH HOSPITAL, KING'S LYNN, NHS FOUNDATION TRUST",6549,7712,2687,2687,264,87,0.6515819502074689,0.5897083524202169
2024-09-01,RD1,NHS ENGLAND SOUTH WEST,ROYAL UNITED HOSPITALS BATH NHS FOUNDATION TRUST,8575,8575,3119,3119,709,54,0.636268221574344,0.636268221574344
2024-09-01,RD8,NHS ENGLAND EAST OF ENGLAND,MILTON KEYNES UNIVERSITY HOSPITAL NHS FOUNDATION TRUST,8258,12842,3361,3420,582,0,0.7336863416913253,0.5930007265681763
2024-09-01,RDE,NHS ENGLAND EAST OF ENGLAND,EAST SUFFOLK AND NORTH ESSEX NHS FOUNDATION TRUST,14079,25957,7049,7321,1135,367,0.7179566205647803,0.4993252361673415
2024-09-01,RDR,NHS ENGLAND SOUTH EAST,SUSSEX COMMUNITY NHS FOUNDATION TRUST,0,11533,0,47,0,0,0.9959247377091823,
2024-09-01,RDU,NHS ENGLAND SOUTH EAST,FRIMLEY HEALTH NHS FOUNDATION TRUST,22006,33320,10332,10439,1910,247,0.6867046818727491,0.5304916840861583
2024-09-01,RDY,NHS ENGLAND SOUTH WEST,DORSET HEALTHCARE UNIVERSITY NHS FOUNDATION TRUST,0,0,0,0,0,0,,
2024-09-01,REF,NHS ENGLAND SOUTH WEST,ROYAL CORNWALL HOSPITALS NHS TRUST,6479,18666,4002,4873,578,605,0.7389371048966035,0.38231208519833304
2024-09-01,REM,NHS ENGLAND NORTH WEST,LIVERPOOL UNIVERSITY HOSPITALS NHS FOUNDATION TRUST,15299,24729,7794,8060,1820,810,0.6740668850337661,0.49055493823125695
2024-09-01,REP,NHS ENGLAND NORTH WEST,LIVERPOOL WOMEN'S NHS FOUNDATION TRUST,0,1377,0,258,0,0,0.8126361655773421,
2024-09-01,RF4,NHS ENGLAND LONDON,"BARKING, HAVERING AND REDBRIDGE UNIVERSITY HOSPITALS NHS TRUST",12549,27410,5513,5928,693,618,0.7837285662167093,0.5606821260658219
2024-09-01,RFF,NHS ENGLAND NORTH EAST AND YORKSHIRE,BARNSLEY HOSPITAL NHS FOUNDATION TRUST,8612,8612,3099,3099,457,0,0.6401532745006967,0.6401532745006967
2024-09-01,RFR,NHS ENGLAND NORTH EAST AND YORKSHIRE,THE ROTHERHAM NHS FOUNDATION TRUST,8327,8327,2924,2924,481,6,0.6488531283775669,0.6488531283775669
2024-09-01,RFS,NHS ENGLAND MIDLANDS,CHESTERFIELD ROYAL HOSPITAL NHS FOUNDATION TRUST,6907,12571,3635,3876,940,99,0.6916713069763742,0.4737223106992906
2024-09-01,RGN,NHS ENGLAND EAST OF ENGLAND,NORTH WEST ANGLIA NHS FOUNDATION TRUST,13806,18383,5236,5458,509,732,0.7030952510471631,0.6207446037954513
2024-09-01,RGP,NHS ENGLAND EAST OF ENGLAND,JAMES PAGET UNIVERSITY HOSPITALS NHS FOUNDATION TRUST,7222,8678,3015,3015,543,293,0.6525697165245448,0.5825256161728053
2024-09-01,RGR,NHS ENGLAND EAST OF ENGLAND,WEST SUFFOLK NHS FOUNDATION TRUST,7550,8185,2669,2669,460,430,0.6739156994502138,0.6464900662251656
2024-09-01,RGT,NHS ENGLAND EAST OF ENGLAND,CAMBRIDGE UNIVERSITY HOSPITALS NHS FOUNDATION TRUST,10326,16015,5112,5251,605,397,0.67211988760537,0.504938988959907
2024-09-01,RH5,NHS ENGLAND SOUTH WEST,SOMERSET NHS FOUNDATION TRUST,12678,21786,5198,5396,417,53,0.752318002386854,0.589998422464111
2024-09-01,RH8,NHS ENGLAND SOUTH WEST,ROYAL DEVON UNIVERSITY HEALTHCARE NHS FOUNDATION TRUST,12118,16343,4581,4614,1330,31,0.7176772930306553,0.6219673213401551
2024-09-01,RHM,NHS ENGLAND SOUTH EAST,UNIVERSITY HOSPITAL SOUTHAMPTON NHS FOUNDATION TRUST,11349,12584,3915,4029,354,11,0.6798315321042594,0.655035685963521
2024-09-01,RHQ,NHS ENGLAND NORTH EAST AND YORKSHIRE,SHEFFIELD TEACHING HOSPITALS NHS FOUNDATION TRUST,8718,16638,4519,4602,1171,10,0.7234042553191489,0.48164716678137187
2024-09-01,RHU,NHS ENGLAND SOUTH EAST,PORTSMOUTH HOSPITALS UNIVERSITY NATIONAL HEALTH SERVICE TRUST,9553,13181,4829,4893,1588,73,0.6287838555496548,0.4945043441850727
2024-09-01,RHW,NHS ENGLAND SOUTH EAST,ROYAL BERKSHIRE NHS FOUNDATION TRUST,11593,13840,3921,3935,520,7,0.715679190751445,0.6617786595359268
2024-09-01,RJ1,NHS ENGLAND LONDON,GUY'S AND ST THOMAS' NHS FOUNDATION TRUST,10047,17211,4072,4411,117,87,0.7437104177560863,0.5947048870309546
2024-09-01,RJ2,NHS ENGLAND LONDON,LEWISHAM AND GREENWICH NHS TRUST,13964,24173,7327,8598,1169,626,0.6443139039424151,0.475293612145517
2024-09-01,RJ6,NHS ENGLAND LONDON,CROYDON HEALTH SERVICES NHS TRUST,12509,17256,4632,4632,281,617,0.7315716272600834,0.6297066112399072
2024-09-01,RJ7,NHS ENGLAND LONDON,ST GEORGE'S UNIVERSITY HOSPITALS NHS FOUNDATION TRUST,8725,12096,2656,2656,652,669,0.7804232804232805,0.6955873925501432
2024-09-01,RJ8,NHS ENGLAND SOUTH WEST,CORNWALL PARTNERSHIP NHS FOUNDATION TRUST,0,0,0,0,0,0,,
2024-09-01,RJC,NHS ENGLAND MIDLANDS,SOUTH WARWICKSHIRE UNIVERSITY NHS FOUNDATION TRUST,8082,8459,2088,2088,287,10,0.7531623123300626,0.7416481069042316
2024-09-01,RJE,NHS ENGLAND MIDLANDS,UNIVERSITY HOSPITALS OF NORTH MIDLANDS NHS TRUST,13168,21688,6608,6699,1076,546,0.6911195130947989,0.4981773997569866
2024-09-01,RJL,NHS ENGLAND NORTH EAST AND YORKSHIRE,NORTHERN LINCOLNSHIRE AND GOOLE NHS FOUNDATION TRUST,8543,14700,4298,4356,697,672,0.7036734693877551,0.4968980451831909
2024-09-01,RJN,NHS ENGLAND NORTH WEST,EAST CHESHIRE NHS TRUST,4101,4101,1982,1982,214,182,0.5167032431114362,0.5167032431114362
2024-09-01,RJR,NHS ENGLAND NORTH WEST,COUNTESS OF CHESTER HOSPITAL NHS FOUNDATION TRUST,4835,7046,2496,2651,239,648,0.6237581606585296,0.48376421923474666
2024-09-01,RJZ,NHS ENGLAND LONDON,KING'S COLLEGE HOSPITAL NHS FOUNDATION TRUST,15439,23789,6317,6874,1469,647,0.7110429189961747,0.5908413757367705
2024-09-01,RK5,NHS ENGLAND MIDLANDS,SHERWOOD FOREST HOSPITALS NHS FOUNDATION TRUST,10570,15656,3989,4112,623,127,0.7373530914665304,0.6226111636707663
2024-09-01,RK9,NHS ENGLAND SOUTH WEST,UNIVERSITY HOSPITALS PLYMOUTH NHS TRUST,8884,14219,4692,4790,641,430,0.6631268021661157,0.47185952273750564
2024-09-01,RKB,NHS ENGLAND MIDLANDS,UNIVERSITY HOSPITALS COVENTRY AND WARWICKSHIRE NHS TRUST,11329,17819,5607,5971,81,18,0.6649082440092037,0.5050754700326596
2024-09-01,RKE,NHS ENGLAND LONDON,WHITTINGTON HEALTH NHS TRUST,8903,8903,2474,2474,253,164,0.722116140626755,0.722116140626755
2024-09-01,RL1,NHS ENGLAND MIDLANDS,THE ROBERT JONES AND AGNES HUNT ORTHOPAEDIC HOSPITAL NHS FOUNDATION TRUST,0,0,0,0,0,0,,
2024-09-01,RL4,NHS ENGLAND MIDLANDS,THE ROYAL WOLVERHAMPTON NHS TRUST,12573,19208,3944,3997,1168,253,0.7919096209912536,0.6863119382804422
2024-09-01,RLQ,NHS ENGLAND MIDLANDS,WYE VALLEY NHS TRUST,5902,7241,2484,2484,454,284,0.6569534594669244,0.5791257200948832
2024-09-01,RLT,NHS ENGLAND MIDLANDS,GEORGE ELIOT HOSPITAL NHS TRUST,6493,8229,2073,2088,566,160,0.7462632154575283,0.6807330971815801
2024-09-01,RM1,NHS ENGLAND EAST OF ENGLAND,NORFOLK AND NORWICH UNIVERSITY HOSPITALS NHS FOUNDATION TRUST,12146,20325,4168,4171,916,165,0.7947847478474784,0.6568417586036555
2024-09-01,RM3,NHS ENGLAND NORTH WEST,NORTHERN CARE ALLIANCE NHS FOUNDATION TRUST,24649,33047,10994,11291,1972,583,0.6583350984960814,0.5539778489999594
2024-09-01,RMC,NHS ENGLAND NORTH WEST,BOLTON NHS FOUNDATION TRUST,7821,11516,3793,3937,523,569,0.6581278221604724,0.5150236542641606
2024-09-01,RMP,NHS ENGLAND NORTH WEST,TAMESIDE AND GLOSSOP INTEGRATED CARE NHS FOUNDATION TRUST,8525,10848,3915,3915,652,286,0.6391039823008849,0.5407624633431085
2024-09-01,RN3,NHS ENGLAND SOUTH WEST,GREAT WESTERN HOSPITALS NHS FOUNDATION TRUST,5531,11066,2339,2499,580,0,0.7741731429604193,0.5771108298680167
2024-09-01,RN5,NHS ENGLAND SOUTH EAST,HAMPSHIRE HOSPITALS NHS FOUNDATION TRUST,12291,12923,4698,4698,300,29,0.636462121798344,0.6177690993409812
2024-09-01,RN7,NHS ENGLAND SOUTH EAST,DARTFORD AND GRAVESHAM NHS TRUST,10507,13982,3448,3459,660,229,0.7526104992132743,0.6718378224041115
2024-09-01,RNA,NHS ENGLAND MIDLANDS,THE DUDLEY GROUP NHS FOUNDATION TRUST,9183,13197,2540,2609,1939,71,0.8023035538379935,0.723401938364369
2024-09-01,RNN,NHS ENGLAND NORTH EAST AND YORKSHIRE,NORTH CUMBRIA INTEGRATED CARE NHS FOUNDATION TRUST,8784,10718,4221,4299,747,747,0.5988990483299124,0.5194672131147541
2024-09-01,RNQ,NHS ENGLAND MIDLANDS,KETTERING GENERAL HOSPITAL NHS FOUNDATION TRUST,9328,17385,3527,3632,1356,0,0.7910842680471671,0.6218910806174958
2024-09-01,RNS,NHS ENGLAND MIDLANDS,NORTHAMPTON GENERAL HOSPITAL NHS TRUST,9886,12439,3466,3568,476,680,0.7131602218827879,0.6494031964394092
2024-09-01,RNU,NHS ENGLAND SOUTH EAST,OXFORD HEALTH NHS FOUNDATION TRUST,0,4098,0,430,0,0,0.895070766227428,
2024-09-01,RNZ,NHS ENGLAND SOUTH WEST,SALISBURY NHS FOUNDATION TRUST,4560,6476,2027,2027,413,8,0.6869981470043236,0.5554824561403509
2024-09-01,RP5,NHS ENGLAND NORTH EAST AND YORKSHIRE,DONCASTER AND BASSETLAW TEACHING HOSPITALS NHS FOUNDATION TRUST,13144,16947,5124,5127,1004,234,0.6974685785094707,0.6101643335362142
2024-09-01,RP6,NHS ENGLAND LONDON,MOORFIELDS EYE HOSPITAL NHS FOUNDATION TRUST,0,5626,0,154,0,0,0.9726270885175968,
2024-09-01,RPA,NHS ENGLAND SOUTH EAST,MEDWAY NHS FOUNDATION TRUST,7925,14337,2816,3323,337,636,0.7682220827230244,0.6446687697160883
2024-09-01,RPC,NHS ENGLAND SOUTH EAST,QUEEN VICTORIA HOSPITAL NHS FOUNDATION TRUST,0,1494,0,23,0,0,0.9846050870147256,
2024-09-01,RQ3,NHS ENGLAND MIDLANDS,BIRMINGHAM WOMEN'S AND CHILDREN'S NHS FOUNDATION TRUST,4571,4571,722,722,0,0,0.8420476919711223,0.8420476919711223
2024-09-01,RQM,NHS ENGLAND LONDON,CHELSEA AND WESTMINSTER HOSPITAL NHS FOUNDATION TRUST,18856,24576,5574,5649,682,69,0.7701416015625,0.7043911752227408
2024-09-01,RQW,NHS ENGLAND EAST OF ENGLAND,THE PRINCESS ALEXANDRA HOSPITAL NHS TRUST,8169,9950,3891,3891,466,102,0.6089447236180905,0.5236871098053617
2024-09-01,RQX,NHS ENGLAND LONDON,HOMERTON HEALTHCARE NHS FOUNDATION TRUST,10778,10778,1837,1837,208,17,0.8295602152532937,0.8295602152532937
2024-09-01,RR7,NHS ENGLAND NORTH EAST AND YORKSHIRE,GATESHEAD HEALTH NHS FOUNDATION TRUST,5764,9003,2545,2577,938,0,0.7137620793068977,0.5584663428174879
2024-09-01,RR8,NHS ENGLAND NORTH EAST AND YORKSHIRE,LEEDS TEACHING HOSPITALS NHS TRUST,17191,28690,6794,6979,1702,188,0.7567445102823284,0.6047932057471933
2024-09-01,RRF,NHS ENGLAND NORTH WEST,"WRIGHTINGTON, WIGAN AND LEIGH NHS FOUNDATION TRUST",7174,12278,3456,3492,1175,457,0.715588858120215,0.5182603847226095
2024-09-01,RRK,NHS ENGLAND MIDLANDS,UNIVERSITY HOSPITALS BIRMINGHAM NHS FOUNDATION TRUST,32456,34418,12867,12877,2274,1995,0.6258643732930443,0.6035555829430614
2024-09-01,RRV,NHS ENGLAND LONDON,UNIVERSITY COLLEGE LONDON HOSPITALS NHS FOUNDATION TRUST,12555,12555,3472,3472,378,85,0.7234567901234568,0.7234567901234568
2024-09-01,RTD,NHS ENGLAND NORTH EAST AND YORKSHIRE,THE NEWCASTLE UPON TYNE HOSPITALS NHS FOUNDATION TRUST,12114,18711,4763,4894,464,6,0.7384426273315162,0.6068185570414397
2024-09-01,RTE,NHS ENGLAND SOUTH WEST,GLOUCESTERSHIRE HOSPITALS NHS FOUNDATION TRUST,12384,12384,4818,4818,429,407,0.6109496124031008,0.6109496124031008
2024-09-01,RTF,NHS ENGLAND NORTH EAST AND YORKSHIRE,NORTHUMBRIA HEALTHCARE NHS FOUNDATION TRUST,9435,21733,2373,2381,56,0,0.8904431049555974,0.748489666136725
2024-09-01,RTG,NHS ENGLAND MIDLANDS,UNIVERSITY HOSPITALS OF DERBY AND BURTON NHS FOUNDATION TRUST,19298,28298,8533,8533,803,912,0.6984592550710298,0.5578298269250699
2024-09-01,RTH,NHS ENGLAND SOUTH EAST,OXFORD UNIVERSITY HOSPITALS NHS FOUNDATION TRUST,11866,15597,4182,4182,788,0,0.7318715137526448,0.6475644699140402
2024-09-01,RTK,NHS ENGLAND SOUTH EAST,ASHFORD AND ST PETER'S HOSPITALS NHS FOUNDATION TRUST,9511,9511,3084,3084,474,251,0.6757438755125644,0.6757438755125644
2024-09-01,RTP,NHS ENGLAND SOUTH EAST,SURREY AND SUSSEX HEALTHCARE NHS TRUST,10289,10289,3736,3736,495,674,0.6368937700456798,0.6368937700456798
2024-09-01,RTQ,NHS ENGLAND SOUTH WEST,GLOUCESTERSHIRE HEALTH AND CARE NHS FOUNDATION TRUST,0,7270,0,25,0,0,0.9965612104539202,
2024-09-01,RTR,NHS ENGLAND NORTH EAST AND YORKSHIRE,SOUTH TEES HOSPITALS NHS FOUNDATION TRUST,7368,16150,3528,3945,189,2,0.7557275541795665,0.5211726384364821
2024-09-01,RTX,NHS ENGLAND NORTH WEST,UNIVERSITY HOSPITALS OF MORECAMBE BAY NHS FOUNDATION TRUST,8817,12101,2876,2945,605,330,0.7566316833319561,0.6738119541794261
2024-09-01,RV9,NHS ENGLAND NORTH EAST AND YORKSHIRE,HUMBER TEACHING NHS FOUNDATION TRUST,0,1003,0,8,0,0,0.9920239282153539,
2024-09-01,RVJ,NHS ENGLAND SOUTH WEST,NORTH BRISTOL NHS TRUST,8865,8865,3705,3705,554,396,0.5820642978003384,0.5820642978003384
2024-09-01,RVR,NHS ENGLAND LONDON,EPSOM AND ST HELIER UNIVERSITY HOSPITALS NHS TRUST,10698,12521,3019,3115,368,596,0.751217953837553,0.7177977191998504
2024-09-01,RVV,NHS ENGLAND SOUTH EAST,EAST KENT HOSPITALS UNIVERSITY NHS FOUNDATION TRUST,12772,24930,5551,5796,476,1017,0.7675090252707581,0.5653773880363295
2024-09-01,RVW,NHS ENGLAND NORTH EAST AND YORKSHIRE,NORTH TEES AND HARTLEPOOL NHS FOUNDATION TRUST,4549,15512,2201,2239,154,5,0.855660134089737,0.5161573972301605
2024-09-01,RW1,NHS ENGLAND SOUTH EAST,SOUTHERN HEALTH NHS FOUNDATION TRUST,0,2834,0,50,0,0,0.9823570924488356,
2024-09-01,RW4,NHS ENGLAND NORTH WEST,MERSEY CARE NHS FOUNDATION TRUST,0,12055,0,222,0,0,0.9815844048112816,
2024-09-01,RWA,NHS ENGLAND NORTH EAST AND YORKSHIRE,HULL UNIVERSITY TEACHING HOSPITALS NHS TRUST,9040,13483,5084,5170,779,535,0.6165541793369429,0.4376106194690266
2024-09-01,RWD,NHS ENGLAND MIDLANDS,UNITED LINCOLNSHIRE HOSPITALS NHS TRUST,9451,19022,5682,6800,1023,950,0.6425191883082746,0.3987937784361443
2024-09-01,RWE,NHS ENGLAND MIDLANDS,UNIVERSITY HOSPITALS OF LEICESTER NHS TRUST,21307,23203,9350,9534,1414,840,0.5891048571305435,0.5611770779556015
2024-09-01,RWF,NHS ENGLAND SOUTH EAST,MAIDSTONE AND TUNBRIDGE WELLS NHS TRUST,17850,19975,3382,3386,890,64,0.8304881101376721,0.8105322128851541
2024-09-01,RWG,NHS ENGLAND EAST OF ENGLAND,WEST HERTFORDSHIRE TEACHING HOSPITALS NHS TRUST,7912,15507,2844,2989,742,20,0.8072483394595988,0.6405460060667341
2024-09-01,RWH,NHS ENGLAND EAST OF ENGLAND,EAST AND NORTH HERTFORDSHIRE NHS TRUST,8558,15877,4139,4208,189,16,0.734962524406374,0.5163589623743865
2024-09-01,RWJ,NHS ENGLAND NORTH WEST,STOCKPORT NHS FOUNDATION TRUST,7871,8843,3509,3538,781,193,0.5999095329639264,0.5541862533350272
2024-09-01,RWP,NHS ENGLAND MIDLANDS,WORCESTERSHIRE ACUTE HOSPITALS NHS TRUST,12531,18304,5764,5777,797,369,0.6843859265734266,0.5400207485436118
2024-09-01,RWW,NHS ENGLAND NORTH WEST,WARRINGTON AND HALTON TEACHING HOSPITALS NHS FOUNDATION TRUST,6727,9652,3400,3485,712,616,0.6389349357646084,0.494574104355582
2024-09-01,RWX,NHS ENGLAND SOUTH EAST,BERKSHIRE HEALTHCARE NHS FOUNDATION TRUST,0,1452,0,14,0,0,0.990358126721763,
2024-09-01,RWY,NHS ENGLAND NORTH EAST AND YORKSHIRE,CALDERDALE AND HUDDERSFIELD NHS FOUNDATION TRUST,14877,14877,4629,4629,1150,4,0.6888485581770518,0.6888485581770518
2024-09-01,RX1,NHS ENGLAND MIDLANDS,NOTTINGHAM UNIVERSITY HOSPITALS NHS TRUST,14885,16983,6937,7017,831,496,0.5868221162338809,0.5339603627813234
2024-09-01,RXC,NHS ENGLAND SOUTH EAST,EAST SUSSEX HEALTHCARE NHS TRUST,8075,10638,3423,3466,253,22,0.6741868772325625,0.5760990712074303
2024-09-01,RXF,NHS ENGLAND NORTH EAST AND YORKSHIRE,MID YORKSHIRE TEACHING NHS TRUST,15790,21677,6334,6764,1952,86,0.6879642016884255,0.5988600379987334
2024-09-01,RXG,NHS ENGLAND NORTH EAST AND YORKSHIRE,SOUTH WEST YORKSHIRE PARTNERSHIP NHS FOUNDATION TRUST,0,0,0,0,0,0,,
2024-09-01,RXK,NHS ENGLAND MIDLANDS,SANDWELL AND WEST BIRMINGHAM HOSPITALS NHS TRUST,14245,22336,6703,6974,1050,529,0.6877686246418337,0.5294489294489295
2024-09-01,RXL,NHS ENGLAND NORTH WEST,BLACKPOOL TEACHING HOSPITALS NHS FOUNDATION TRUST,8420,18241,3917,3976,362,721,0.7820294939970396,0.5347980997624704
2024-09-01,RXN,NHS ENGLAND NORTH WEST,LANCASHIRE TEACHING HOSPITALS NHS FOUNDATION TRUST,11724,15175,4459,4548,1062,362,0.7002965403624382,0.6196690549300581
2024-09-01,RXP,NHS ENGLAND NORTH EAST AND YORKSHIRE,COUNTY DURHAM AND DARLINGTON NHS FOUNDATION TRUST,12324,16207,5075,5075,2196,17,0.6868637008699945,0.58820188250568
2024-09-01,RXQ,NHS ENGLAND SOUTH EAST,BUCKINGHAMSHIRE HEALTHCARE NHS TRUST,9751,14353,3943,4210,315,298,0.7066815299937295,0.595631217311045
2024-09-01,RXR,NHS ENGLAND NORTH WEST,EAST LANCASHIRE HOSPITALS NHS TRUST,13080,23442,4577,5158,431,1146,0.7799675795580582,0.6500764525993884
2024-09-01,RXW,NHS ENGLAND MIDLANDS,THE SHREWSBURY AND TELFORD HOSPITAL NHS TRUST,10075,12364,5745,5915,484,587,0.521594953089615,0.42977667493796523
2024-09-01,RY2,NHS ENGLAND NORTH WEST,BRIDGEWATER COMMUNITY HEALTHCARE NHS FOUNDATION TRUST,0,2779,0,24,0,0,0.9913637999280317,
2024-09-01,RY4,NHS ENGLAND EAST OF ENGLAND,HERTFORDSHIRE COMMUNITY NHS TRUST,0,1181,0,27,0,0,0.9771380186282811,
2024-09-01,RY5,NHS ENGLAND MIDLANDS,LINCOLNSHIRE COMMUNITY HEALTH SERVICES NHS TRUST,0,8258,0,253,0,0,0.9693630418987649,
2024-09-01,RY7,NHS ENGLAND NORTH WEST,WIRRAL COMMUNITY HEALTH AND CARE NHS FOUNDATION TRUST,0,4248,0,100,0,0,0.9764595103578154,
2024-09-01,RY8,NHS ENGLAND MIDLANDS,DERBYSHIRE COMMUNITY HEALTH SERVICES NHS FOUNDATION TRUST,0,5893,0,33,0,0,0.9944001357542848,
2024-09-01,RYF,NHS ENGLAND SOUTH WEST,SOUTH WESTERN AMBULANCE SERVICE NHS FOUNDATION TRUST,0,1656,0,117,0,0,0.9293478260869565,
2024-09-01,RYG,NHS ENGLAND MIDLANDS,COVENTRY AND WARWICKSHIRE PARTNERSHIP NHS TRUST,0,0,0,0,0,0,,
2024-09-01,RYJ,NHS ENGLAND LONDON,IMPERIAL COLLEGE HEALTHCARE NHS TRUST,11584,22666,4575,5043,713,221,0.7775081620047648,0.6050587016574586
2024-09-01,RYR,NHS ENGLAND SOUTH EAST,UNIVERSITY HOSPITALS SUSSEX NHS FOUNDATION TRUST,21377,27874,8885,9480,1641,1242,0.6598981129367869,0.5843663750760163
2024-09-01,RYX,NHS ENGLAND LONDON,CENTRAL LONDON COMMUNITY HEALTHCARE NHS TRUST,0,11186,0,222,0,0,0.9801537636331128,
2024-09-01,RYY,NHS ENGLAND SOUTH EAST,KENT COMMUNITY HEALTH NHS FOUNDATION TRUST,0,15014,0,48,0,0,0.9968029838817104,
2024-09-01,Y00751,NHS ENGLAND SOUTH EAST,EAST BERKS PRIMARY CARE OOH(WAM),0,0,0,0,0,0,,
2024-09-01,Y02147,NHS ENGLAND LONDON,URGENT CARE CENTRE (QMS),0,7268,0,175,0,0,0.9759218492019813,
2024-09-01,Y02428,NHS ENGLAND EAST OF ENGLAND,PUTNOE WALK IN CENTRE,0,2396,0,0,0,0,1.0,
2024-09-01,Y02532,NHS ENGLAND NORTH WEST,MIRIAM MINOR EMERGENCY,0,1522,0,0,0,0,1.0,
2024-09-01,Y02615,NHS ENGLAND MIDLANDS,SOUTH BIRMINGHAM GP WALK IN CENTRE,0,6285,0,0,0,0,1.0,
2024-09-01,Y02676,NHS ENGLAND SOUTH EAST,BRIGHTON STATION HEALTH CENTRE,0,1700,0,0,0,0,1.0,
2024-09-01,Y03007,NHS ENGLAND MIDLANDS,ERDINGTON GP HEALTH & WELLBEING WIC,0,0,0,0,0,0,,
2024-09-01,Y03218,NHS ENGLAND LONDON,THE PINN UNREGISTERED WIC,0,1042,0,0,0,0,1.0,
2024-09-01,Y07709,NHS ENGLAND SOUTH EAST,READING URGENT CARE CENTRE,0,2050,0,0,0,0,1.0,
2024-10-01,8J094,NHS ENGLAND MIDLANDS,BADGER LTD,0,0,0,0,0,0,,
2024-10-01,AAH,NHS ENGLAND SOUTH WEST,TETBURY HOSPITAL TRUST LTD,0,499,0,0,0,0,1.0,
2024-10-01,ACH01,NHS ENGLAND SOUTH EAST,WHITSTABLE MEDICAL PRACTICE,0,6208,0,0,0,0,1.0,
2024-10-01,AD913,NHS ENGLAND LONDON,BECKENHAM BEACON UCC,0,3624,0,26,0,0,0.9928256070640177,
2024-10-01,AJN,NHS ENGLAND NORTH EAST AND YORKSHIRE,WORKINGTON HEALTH LIMITED,0,352,0,0,0,0,1.0,
2024-10-01,AQN04,NHS ENGLAND SOUTH EAST,PHL LYMINGTON UTC,0,2755,0,13,0,0,0.9952813067150635,
2024-10-01,ARN03,NHS ENGLAND NORTH EAST AND YORKSHIRE,LOCAL CARE DIRECT,0,2162,0,0,0,0,1.0,
2024-10-01,AXG,NHS ENGLAND SOUTH WEST,WILTSHIRE HEALTH & CARE,0,2461,0,58,0,0,0.9764323445753759,
2024-10-01,C82009,NHS ENGLAND MIDLANDS,MARKET HARBOROUGH MED.CTR,0,266,0,0,0,0,1.0,
2024-10-01,C82038,NHS ENGLAND MIDLANDS,LATHAM HOUSE MEDICAL PRACTICE,0,324,0,0,0,0,1.0,
2024-10-01,C83023,NHS ENGLAND MIDLANDS,SLEAFORD MEDICAL GROUP,0,434,0,0,0,0,1.0,
2024-10-01,DT301,NHS ENGLAND EAST OF ENGLAND,HERTS URGENT CARE (ASCOTS LANE),0,2202,0,60,0,0,0.9727520435967303,
2024-10-01,G0Q0L,NHS ENGLAND LONDON,BARKING HOSPITAL UTC,0,3009,0,8,0,0,0.997341309405118,
2024-10-01,K6K0R,NHS ENGLAND LONDON,HAROLD WOOD POLYCLINIC UTC,0,2924,0,10,0,0,0.9965800273597811,
2024-10-01,L83087,NHS ENGLAND SOUTH WEST,OKEHAMPTON MEDICAL CENTRE,0,82,0,0,0,0,1.0,
2024-10-01,NDJ,NHS ENGLAND SOUTH EAST,FIRST COMMUNITY HEALTH AND CARE CIC,0,2300,0,0,0,0,1.0,
2024-10-01,NL7,NHS ENGLAND MIDLANDS,ASSURA VERTIS URGENT CARE CENTRES (BIRMINGHAM),0,3896,0,0,0,0,1.0,
2024-10-01,NLX,NHS ENGLAND SOUTH WEST,SIRONA CARE & HEALTH,0,8546,0,516,0,0,0.9396208752632811,
2024-10-01,NNF09,NHS ENGLAND NORTH EAST AND YORKSHIRE,BRANSHOLME HEALTH CENTRE,0,3742,0,219,0,0,0.9414751469802245,
2024-10-01,NNF16,NHS ENGLAND NORTH EAST AND YORKSHIRE,BRIDLINGTON HOSPITAL,0,1507,0,8,0,0,0.9946914399469144,
2024-10-01,NNF94,NHS ENGLAND NORTH EAST AND YORKSHIRE,EAST RIDING COMMUNITY HOSPITAL,0,2749,0,129,0,0,0.953073845034558,
2024-10-01,NNFA7,NHS ENGLAND NORTH EAST AND YORKSHIRE,GOOLE & DISTRICT HOSPITAL,0,1612,0,13,0,0,0.9919354838709677,
2024-10-01,NNJ,NHS ENGLAND MIDLANDS,DHU HEALTH CARE C.I.C,0,1960,0,0,0,0,1.0,
2024-10-01,NNJ07,NHS ENGLAND MIDLANDS,LOUGHBOROUGH URGENT CARE CENTRE,0,6146,0,30,0,0,0.9951187764399609,
2024-10-01,NNJ0H,NHS ENGLAND MIDLANDS,LLR EA - THE MERLYN VAZ HEALTH & SOCIAL CARE CENTRE,0,210,0,1,0,0,0.9952380952380953,
2024-10-01,NNJ12,NHS ENGLAND MIDLANDS,MARKET HARBOROUGH,0,85,0,0,0,0,1.0,
2024-10-01,NNJ13,NHS ENGLAND MIDLANDS,MELTON MOWBRAY,0,69,0,0,0,0,1.0,
2024-10-01,NNJ14,NHS ENGLAND MIDLANDS,OADBY,0,526,0,0,0,0,1.0,
2024-10-01,NNJ15,NHS ENGLAND MIDLANDS,OAKHAM,0,57,0,0,0,0,1.0,
2024-10-01,NQT51,NHS ENGLAND SOUTH EAST,STATION PLAZA HEALTH CENTRE,0,1138,0,0,0,0,1.0,
2024-10-01,NQT5F,NHS ENGLAND NORTH WEST,SKELMERSDALE WALK IN CENTRE,0,1873,0,12,0,0,0.99359316604378,
2024-10-01,NQT5H,NHS ENGLAND SOUTH WEST,PAULTON MEMORIAL HOSPITAL,0,1044,0,6,0,0,0.9942528735632183,
2024-10-01,NQTE4,NHS ENGLAND MIDLANDS,SUMMERFIELD URGENT CARE CENTRE,0,3204,0,0,0,0,1.0,
2024-10-01,NR3,NHS ENGLAND MIDLANDS,NOTTINGHAM CITYCARE PARTNERSHIP,0,5696,0,381,0,0,0.9331109550561798,
2024-10-01,NTP11,NHS ENGLAND SOUTH EAST,PRACTICE PLUS GROUP HOSPITAL - SOUTHAMPTON,0,5533,0,126,0,0,0.9772275438279414,
2024-10-01,NTPAD,NHS ENGLAND SOUTH EAST,PRACTICE PLUS GROUP SURGICAL CENTRE - ST MARYS PORTSMOUTH,0,5788,0,88,0,0,0.9847961299239807,
2024-10-01,NTV0B,NHS ENGLAND SOUTH EAST,ASHFORD WALK-IN-CENTRE,0,2395,0,47,0,0,0.9803757828810021,
2024-10-01,NTV0W,NHS ENGLAND SOUTH EAST,WOKING WALK IN CENTRE,0,2422,0,47,0,0,0.9805945499587118,
2024-10-01,NV693,NHS ENGLAND NORTH WEST,ROSSENDALE MIU & OOH,0,1037,0,0,0,0,1.0,
2024-10-01,R0A,NHS ENGLAND NORTH WEST,MANCHESTER UNIVERSITY NHS FOUNDATION TRUST,25876,40781,12120,12827,4129,278,0.6854662710576003,0.5316123048384603
2024-10-01,R0B,NHS ENGLAND NORTH EAST AND YORKSHIRE,SOUTH TYNESIDE AND SUNDERLAND NHS FOUNDATION TRUST,12481,19731,5966,6294,925,2,0.6810095788353352,0.5219934300136206
2024-10-01,R0D,NHS ENGLAND SOUTH WEST,UNIVERSITY HOSPITALS DORSET NHS FOUNDATION TRUST,13526,18351,5454,5454,898,214,0.702795487984306,0.59677657844152
2024-10-01,R1D,NHS ENGLAND MIDLANDS,SHROPSHIRE COMMUNITY HEALTH NHS TRUST,0,3110,0,12,0,0,0.9961414790996784,
2024-10-01,R1F,NHS ENGLAND SOUTH EAST,ISLE OF WIGHT NHS TRUST,4072,5720,1920,1920,263,121,0.6643356643356644,0.5284872298624754
2024-10-01,R1H,NHS ENGLAND LONDON,BARTS HEALTH NHS TRUST,25988,44666,11891,13247,1195,1199,0.7034209465812923,0.542442665845775
2024-10-01,R1K,NHS ENGLAND LONDON,LONDON NORTH WEST UNIVERSITY HEALTHCARE NHS TRUST,13495,28449,7150,7250,691,674,0.7451580020387361,0.4701741385698407
2024-10-01,RA2,NHS ENGLAND SOUTH EAST,ROYAL SURREY COUNTY HOSPITAL NHS FOUNDATION TRUST,6970,8381,2175,2175,378,30,0.740484429065744,0.687948350071736
2024-10-01,RA7,NHS ENGLAND SOUTH WEST,UNIVERSITY HOSPITALS BRISTOL AND WESTON NHS FOUNDATION TRUST,16097,18485,5977,6209,1286,440,0.6641060319177712,0.6286885755109648
2024-10-01,RA9,NHS ENGLAND SOUTH WEST,TORBAY AND SOUTH DEVON NHS FOUNDATION TRUST,6217,9481,2976,2988,397,149,0.6848433709524312,0.5213125301592407
2024-10-01,RAE,NHS ENGLAND NORTH EAST AND YORKSHIRE,BRADFORD TEACHING HOSPITALS NHS FOUNDATION TRUST,9611,13885,2598,2598,754,62,0.8128916096507022,0.7296847362397253
2024-10-01,RAJ,NHS ENGLAND EAST OF ENGLAND,MID AND SOUTH ESSEX NHS FOUNDATION TRUST,31183,36853,10649,10923,3190,40,0.7036062193037202,0.6584998236218452
2024-10-01,RAL,NHS ENGLAND LONDON,ROYAL FREE LONDON NHS FOUNDATION TRUST,17893,26792,6677,6796,1116,835,0.7463421916990146,0.6268373106801542
2024-10-01,RAN,NHS ENGLAND LONDON,ROYAL NATIONAL ORTHOPAEDIC HOSPITAL NHS TRUST,0,0,0,0,0,0,,
2024-10-01,RAP,NHS ENGLAND LONDON,NORTH MIDDLESEX UNIVERSITY HOSPITAL NHS TRUST,8680,16003,4763,5396,285,848,0.6628132225207773,0.4512672811059908
2024-10-01,RAS,NHS ENGLAND LONDON,THE HILLINGDON HOSPITALS NHS FOUNDATION TRUST,6235,12823,3739,3802,468,13,0.7035015207049833,0.4003207698476343
2024-10-01,RAX,NHS ENGLAND LONDON,KINGSTON HOSPITAL NHS FOUNDATION TRUST,7198,15355,3440,3711,264,421,0.7583197655486812,0.5220894692970269
2024-10-01,RBD,NHS ENGLAND SOUTH WEST,DORSET COUNTY HOSPITAL NHS FOUNDATION TRUST,4194,4194,1726,1726,213,41,0.5884597043395327,0.5884597043395327
2024-10-01,RBK,NHS ENGLAND MIDLANDS,WALSALL HEALTHCARE NHS TRUST,10098,14584,3507,3792,1168,100,0.7399890290729567,0.6527035056446822
2024-10-01,RBL,NHS ENGLAND NORTH WEST,WIRRAL UNIVERSITY TEACHING HOSPITAL NHS FOUNDATION TRUST,8011,11144,4446,4459,471,878,0.5998743718592965,0.4450131069779054
2024-10-01,RBN,NHS ENGLAND NORTH WEST,MERSEY AND WEST LANCASHIRE TEACHING HOSPITALS NHS TRUST,17574,25017,6758,6905,610,393,0.7239876883719071,0.6154546489131671
2024-10-01,RBQ,NHS ENGLAND NORTH WEST,LIVERPOOL HEART AND CHEST HOSPITAL NHS FOUNDATION TRUST,0,0,0,0,0,0,,
2024-10-01,RBS,NHS ENGLAND NORTH WEST,ALDER HEY CHILDREN'S NHS FOUNDATION TRUST,5891,5891,1058,1058,0,0,0.8204040061110168,0.8204040061110168
2024-10-01,RBT,NHS ENGLAND NORTH WEST,MID CHESHIRE HOSPITALS NHS FOUNDATION TRUST,7453,10333,4423,4466,605,636,0.5677925094357883,0.4065476989131893
2024-10-01,RBV,NHS ENGLAND NORTH WEST,THE CHRISTIE NHS FOUNDATION TRUST,0,0,0,0,0,0,,
2024-10-01,RC9,NHS ENGLAND EAST OF ENGLAND,BEDFORDSHIRE HOSPITALS NHS FOUNDATION TRUST,16766,24973,6847,6847,81,49,0.725823889800985,0.5916139806751759
2024-10-01,RCB,NHS ENGLAND NORTH EAST AND YORKSHIRE,YORK AND SCARBOROUGH TEACHING HOSPITALS NHS FOUNDATION TRUST,11390,18345,6641,6881,969,785,0.6249114200054511,0.4169446883230904
2024-10-01,RCD,NHS ENGLAND NORTH EAST AND YORKSHIRE,HARROGATE AND DISTRICT NHS FOUNDATION TRUST,5070,5970,1663,1663,430,52,0.7214405360134004,0.6719921104536489
2024-10-01,RCF,NHS ENGLAND NORTH EAST AND YORKSHIRE,AIREDALE NHS FOUNDATION TRUST,6010,6253,2557,2557,509,212,0.5910762833839757,0.5745424292845258
2024-10-01,RCU,NHS ENGLAND NORTH EAST AND YORKSHIRE,SHEFFIELD CHILDREN'S NHS FOUNDATION TRUST,4852,5186,420,420,7,0,0.9190127265715388,0.9134377576257213
2024-10-01,RCX,NHS ENGLAND EAST OF ENGLAND,"THE QUEEN ELIZABETH HOSPITAL, KING'S LYNN, NHS FOUNDATION TRUST",6749,7919,2652,2652,328,95,0.6651092309635055,0.6070528967254408
2024-10-01,RD1,NHS ENGLAND SOUTH WEST,ROYAL UNITED HOSPITALS BATH NHS FOUNDATION TRUST,8824,8824,3593,3593,742,123,0.5928150498640072,0.5928150498640072
2024-10-01,RD8,NHS ENGLAND EAST OF ENGLAND,MILTON KEYNES UNIVERSITY HOSPITAL NHS FOUNDATION TRUST,8699,13735,3453,3580,758,0,0.7393520203858754,0.6030578227382457
2024-10-01,RDE,NHS ENGLAND EAST OF ENGLAND,EAST SUFFOLK AND NORTH ESSEX NHS FOUNDATION TRUST,14759,26949,7564,7846,1263,541,0.7088574715202791,0.48749915305915037
2024-10-01,RDR,NHS ENGLAND SOUTH EAST,SUSSEX COMMUNITY NHS FOUNDATION TRUST,0,11958,0,86,0,0,0.9928081618999832,
2024-10-01,RDU,NHS ENGLAND SOUTH EAST,FRIMLEY HEALTH NHS FOUNDATION TRUST,23210,35644,11292,11428,2018,259,0.6793850297385254,0.5134855665661353
2024-10-01,RDY,NHS ENGLAND SOUTH WEST,DORSET HEALTHCARE UNIVERSITY NHS FOUNDATION TRUST,0,0,0,0,0,0,,
2024-10-01,REF,NHS ENGLAND SOUTH WEST,ROYAL CORNWALL HOSPITALS NHS TRUST,6319,18239,3890,4745,565,689,0.7398431931575196,0.38439626523184045
2024-10-01,REM,NHS ENGLAND NORTH WEST,LIVERPOOL UNIVERSITY HOSPITALS NHS FOUNDATION TRUST,16042,26608,8082,8502,2014,1021,0.6804720384846663,0.4961974816107717
2024-10-01,REP,NHS ENGLAND NORTH WEST,LIVERPOOL WOMEN'S NHS FOUNDATION TRUST,0,1427,0,146,0,0,0.897687456201822,
2024-10-01,RET,NHS ENGLAND NORTH WEST,THE WALTON CENTRE NHS FOUNDATION TRUST,0,0,0,0,0,0,,
2024-10-01,RF4,NHS ENGLAND LONDON,"BARKING, HAVERING AND REDBRIDGE UNIVERSITY HOSPITALS NHS TRUST",13771,29531,6197,6672,759,753,0.7740679286173852,0.5499963691816135
2024-10-01,RFF,NHS ENGLAND NORTH EAST AND YORKSHIRE,BARNSLEY HOSPITAL NHS FOUNDATION TRUST,9029,9029,3373,3373,511,0,0.6264259607930003,0.6264259607930003
2024-10-01,RFR,NHS ENGLAND NORTH EAST AND YORKSHIRE,THE ROTHERHAM NHS FOUNDATION TRUST,9227,9227,3451,3451,788,24,0.6259889454860734,0.6259889454860734
2024-10-01,RFS,NHS ENGLAND MIDLANDS,CHESTERFIELD ROYAL HOSPITAL NHS FOUNDATION TRUST,7336,13360,4047,4354,1195,213,0.6741017964071856,0.44833696837513637
2024-10-01,RGN,NHS ENGLAND EAST OF ENGLAND,NORTH WEST ANGLIA NHS FOUNDATION TRUST,14981,19381,6417,6625,516,847,0.6581703730457664,0.5716574327481476
2024-10-01,RGP,NHS ENGLAND EAST OF ENGLAND,JAMES PAGET UNIVERSITY HOSPITALS NHS FOUNDATION TRUST,7574,8956,3200,3200,637,444,0.6426976328718178,0.5775019804594665
2024-10-01,RGR,NHS ENGLAND EAST OF ENGLAND,WEST SUFFOLK NHS FOUNDATION TRUST,7823,8473,2997,2997,511,512,0.6462882096069869,0.6168988878946695
2024-10-01,RGT,NHS ENGLAND EAST OF ENGLAND,CAMBRIDGE UNIVERSITY HOSPITALS NHS FOUNDATION TRUST,11235,16981,5553,5676,676,573,0.6657440668982981,0.5057409879839787
2024-10-01,RH5,NHS ENGLAND SOUTH WEST,SOMERSET NHS FOUNDATION TRUST,13140,22657,5631,5867,491,78,0.7410513307145694,0.5714611872146118
2024-10-01,RH8,NHS ENGLAND SOUTH WEST,ROYAL DEVON UNIVERSITY HEALTHCARE NHS FOUNDATION TRUST,12376,17011,5046,5051,1712,109,0.7030744812180354,0.5922753716871364
2024-10-01,RHM,NHS ENGLAND SOUTH EAST,UNIVERSITY HOSPITAL SOUTHAMPTON NHS FOUNDATION TRUST,12497,13740,4456,4580,382,16,0.6666666666666667,0.6434344242618228
2024-10-01,RHQ,NHS ENGLAND NORTH EAST AND YORKSHIRE,SHEFFIELD TEACHING HOSPITALS NHS FOUNDATION TRUST,9401,18551,5243,5436,1514,18,0.7069699746644386,0.4422933730454207
2024-10-01,RHU,NHS ENGLAND SOUTH EAST,PORTSMOUTH HOSPITALS UNIVERSITY NATIONAL HEALTH SERVICE TRUST,10460,14370,6042,6146,1594,131,0.5723034098816979,0.4223709369024856
2024-10-01,RHW,NHS ENGLAND SOUTH EAST,ROYAL BERKSHIRE NHS FOUNDATION TRUST,11638,15507,4294,4315,539,0,0.7217385696782098,0.6310362605258635
2024-10-01,RJ1,NHS ENGLAND LONDON,GUY'S AND ST THOMAS' NHS FOUNDATION TRUST,10724,18734,4889,5309,189,76,0.7166115084872424,0.5441066766132041
2024-10-01,RJ2,NHS ENGLAND LONDON,LEWISHAM AND GREENWICH NHS TRUST,14416,25411,7615,9123,1215,802,0.6409822517807249,0.47176748057713647
2024-10-01,RJ6,NHS ENGLAND LONDON,CROYDON HEALTH SERVICES NHS TRUST,12732,17734,5066,5066,313,692,0.7143340475921958,0.60210493245366
2024-10-01,RJ7,NHS ENGLAND LONDON,ST GEORGE'S UNIVERSITY HOSPITALS NHS FOUNDATION TRUST,9297,12650,2771,2775,635,798,0.7806324110671936,0.701946864579972
2024-10-01,RJ8,NHS ENGLAND SOUTH WEST,CORNWALL PARTNERSHIP NHS FOUNDATION TRUST,0,0,0,0,0,0,,
2024-10-01,RJC,NHS ENGLAND MIDLANDS,SOUTH WARWICKSHIRE UNIVERSITY NHS FOUNDATION TRUST,8720,9162,3373,3373,441,1,0.6318489412791967,0.6131880733944954
2024-10-01,RJE,NHS ENGLAND MIDLANDS,UNIVERSITY HOSPITALS OF NORTH MIDLANDS NHS TRUST,13787,22777,7662,7745,998,1126,0.6599639987706898,0.44425908464495534
2024-10-01,RJL,NHS ENGLAND NORTH EAST AND YORKSHIRE,NORTHERN LINCOLNSHIRE AND GOOLE NHS FOUNDATION TRUST,8854,15385,4323,4363,653,859,0.7164120896977575,0.5117461034560651
2024-10-01,RJN,NHS ENGLAND NORTH WEST,EAST CHESHIRE NHS TRUST,4608,4608,2299,2299,220,252,0.5010850694444444,0.5010850694444444
2024-10-01,RJR,NHS ENGLAND NORTH WEST,COUNTESS OF CHESTER HOSPITAL NHS FOUNDATION TRUST,5106,7531,2859,3067,253,717,0.5927499668038774,0.4400705052878966
2024-10-01,RJZ,NHS ENGLAND LONDON,KING'S COLLEGE HOSPITAL NHS FOUNDATION TRUST,15923,24763,7443,7985,1818,828,0.6775431086701935,0.532562959241349
2024-10-01,RK5,NHS ENGLAND MIDLANDS,SHERWOOD FOREST HOSPITALS NHS FOUNDATION TRUST,10856,16478,4824,5080,812,150,0.6917101589998786,0.5556374355195284
2024-10-01,RK9,NHS ENGLAND SOUTH WEST,UNIVERSITY HOSPITALS PLYMOUTH NHS TRUST,9604,14966,4906,5012,577,718,0.6651075771749299,0.4891711786755518
2024-10-01,RKB,NHS ENGLAND MIDLANDS,UNIVERSITY HOSPITALS COVENTRY AND WARWICKSHIRE NHS TRUST,12224,19476,5748,6134,102,39,0.6850482645307044,0.5297774869109948
2024-10-01,RKE,NHS ENGLAND LONDON,WHITTINGTON HEALTH NHS TRUST,9209,9209,2424,2424,237,331,0.7367792377022477,0.7367792377022477
2024-10-01,RL1,NHS ENGLAND MIDLANDS,THE ROBERT JONES AND AGNES HUNT ORTHOPAEDIC HOSPITAL NHS FOUNDATION TRUST,0,0,0,0,0,0,,
2024-10-01,RL4,NHS ENGLAND MIDLANDS,THE ROYAL WOLVERHAMPTON NHS TRUST,13180,21214,4103,4187,984,553,0.8026303384557367,0.6886949924127466
2024-10-01,RLQ,NHS ENGLAND MIDLANDS,WYE VALLEY NHS TRUST,6115,7393,2555,2555,459,270,0.6544028134722034,0.5821749795584628
2024-10-01,RLT,NHS ENGLAND MIDLANDS,GEORGE ELIOT HOSPITAL NHS TRUST,6953,8687,2358,2387,523,380,0.7252215954875101,0.6608658133179922
2024-10-01,RM1,NHS ENGLAND EAST OF ENGLAND,NORFOLK AND NORWICH UNIVERSITY HOSPITALS NHS FOUNDATION TRUST,12575,21074,4452,4454,1093,306,0.7886495207364526,0.6459642147117296
2024-10-01,RM3,NHS ENGLAND NORTH WEST,NORTHERN CARE ALLIANCE NHS FOUNDATION TRUST,26692,36027,11798,12235,1260,1316,0.6603935936936187,0.5579949048404016
2024-10-01,RMC,NHS ENGLAND NORTH WEST,BOLTON NHS FOUNDATION TRUST,8453,12037,4365,4545,505,675,0.6224142228129932,0.48361528451437363
2024-10-01,RMP,NHS ENGLAND NORTH WEST,TAMESIDE AND GLOSSOP INTEGRATED CARE NHS FOUNDATION TRUST,9228,12045,4461,4461,582,475,0.6296388542963886,0.5165799739921977
2024-10-01,RN3,NHS ENGLAND SOUTH WEST,GREAT WESTERN HOSPITALS NHS FOUNDATION TRUST,5742,11300,2707,3100,683,268,0.7256637168141593,0.5285614768373389
2024-10-01,RN5,NHS ENGLAND SOUTH EAST,HAMPSHIRE HOSPITALS NHS FOUNDATION TRUST,13049,13718,5325,5325,241,23,0.6118238810322205,0.5919227527013564
2024-10-01,RN7,NHS ENGLAND SOUTH EAST,DARTFORD AND GRAVESHAM NHS TRUST,11331,15198,3976,3994,678,168,0.7372022634557178,0.6491042273409231
2024-10-01,RNA,NHS ENGLAND MIDLANDS,THE DUDLEY GROUP NHS FOUNDATION TRUST,10125,14659,2666,2782,2207,70,0.8102189781021898,0.7366913580246914
2024-10-01,RNN,NHS ENGLAND NORTH EAST AND YORKSHIRE,NORTH CUMBRIA INTEGRATED CARE NHS FOUNDATION TRUST,9056,10741,4164,4210,776,725,0.6080439437668745,0.5401943462897527
2024-10-01,RNQ,NHS ENGLAND MIDLANDS,KETTERING GENERAL HOSPITAL NHS FOUNDATION TRUST,9809,18323,3879,3999,1465,0,0.7817497134748677,0.6045468447344275
2024-10-01,RNS,NHS ENGLAND MIDLANDS,NORTHAMPTON GENERAL HOSPITAL NHS TRUST,10232,13120,3859,3980,462,804,0.6966463414634146,0.6228498827208757
2024-10-01,RNU,NHS ENGLAND SOUTH EAST,OXFORD HEALTH NHS FOUNDATION TRUST,0,4116,0,449,0,0,0.890913508260447,
2024-10-01,RNZ,NHS ENGLAND SOUTH WEST,SALISBURY NHS FOUNDATION TRUST,4690,6745,2061,2061,483,3,0.6944403261675315,0.5605543710021321
2024-10-01,RP5,NHS ENGLAND NORTH EAST AND YORKSHIRE,DONCASTER AND BASSETLAW TEACHING HOSPITALS NHS FOUNDATION TRUST,13574,17663,5246,5248,1059,271,0.7028817301704127,0.6135258582584353
2024-10-01,RP6,NHS ENGLAND LONDON,MOORFIELDS EYE HOSPITAL NHS FOUNDATION TRUST,0,5551,0,39,0,0,0.9929742388758782,
2024-10-01,RPA,NHS ENGLAND SOUTH EAST,MEDWAY NHS FOUNDATION TRUST,9262,15596,3029,3498,338,693,0.7757117209540908,0.6729648024184841
2024-10-01,RPC,NHS ENGLAND SOUTH EAST,QUEEN VICTORIA HOSPITAL NHS FOUNDATION TRUST,0,1499,0,19,0,0,0.9873248832555037,
2024-10-01,RQ3,NHS ENGLAND MIDLANDS,BIRMINGHAM WOMEN'S AND CHILDREN'S NHS FOUNDATION TRUST,5637,5637,1136,1136,0,0,0.7984743657974099,0.7984743657974099
2024-10-01,RQM,NHS ENGLAND LONDON,CHELSEA AND WESTMINSTER HOSPITAL NHS FOUNDATION TRUST,19934,26376,6299,6375,1181,72,0.7583030027297544,0.6840072238386676
2024-10-01,RQW,NHS ENGLAND EAST OF ENGLAND,THE PRINCESS ALEXANDRA HOSPITAL NHS TRUST,8389,10442,4590,4590,502,171,0.56042903658303,0.4528549290737871
2024-10-01,RQX,NHS ENGLAND LONDON,HOMERTON HEALTHCARE NHS FOUNDATION TRUST,11338,11338,2134,2134,229,26,0.8117833833127536,0.8117833833127536
2024-10-01,RR7,NHS ENGLAND NORTH EAST AND YORKSHIRE,GATESHEAD HEALTH NHS FOUNDATION TRUST,6465,9808,3128,3154,1151,3,0.6784257748776509,0.5161639597834493
2024-10-01,RR8,NHS ENGLAND NORTH EAST AND YORKSHIRE,LEEDS TEACHING HOSPITALS NHS TRUST,18217,31189,8009,8122,1783,461,0.739587675141877,0.5603557116978646
2024-10-01,RRF,NHS ENGLAND NORTH WEST,"WRIGHTINGTON, WIGAN AND LEIGH NHS FOUNDATION TRUST",7459,12554,3748,3787,1249,429,0.6983431575593436,0.49751977476873577
2024-10-01,RRK,NHS ENGLAND MIDLANDS,UNIVERSITY HOSPITALS BIRMINGHAM NHS FOUNDATION TRUST,35181,37172,13653,13671,2234,2232,0.6322231787366835,0.6119212074699412
2024-10-01,RRV,NHS ENGLAND LONDON,UNIVERSITY COLLEGE LONDON HOSPITALS NHS FOUNDATION TRUST,13764,13764,3880,3880,469,188,0.7181052019761698,0.7181052019761698
2024-10-01,RTD,NHS ENGLAND NORTH EAST AND YORKSHIRE,THE NEWCASTLE UPON TYNE HOSPITALS NHS FOUNDATION TRUST,13523,20826,5402,5559,709,31,0.7330740420628061,0.6005324262367817
2024-10-01,RTE,NHS ENGLAND SOUTH WEST,GLOUCESTERSHIRE HOSPITALS NHS FOUNDATION TRUST,13122,13122,5153,5153,385,597,0.6073007163542143,0.6073007163542143
2024-10-01,RTF,NHS ENGLAND NORTH EAST AND YORKSHIRE,NORTHUMBRIA HEALTHCARE NHS FOUNDATION TRUST,10277,22586,3054,3058,113,1,0.8646063933410078,0.7028315656319938
2024-10-01,RTG,NHS ENGLAND MIDLANDS,UNIVERSITY HOSPITALS OF DERBY AND BURTON NHS FOUNDATION TRUST,20565,30236,9532,9533,970,1095,0.6847135864532345,0.536494043277413
2024-10-01,RTH,NHS ENGLAND SOUTH EAST,OXFORD UNIVERSITY HOSPITALS NHS FOUNDATION TRUST,12988,17237,5258,5261,947,0,0.6947844752567152,0.5951647674776717
2024-10-01,RTK,NHS ENGLAND SOUTH EAST,ASHFORD AND ST PETER'S HOSPITALS NHS FOUNDATION TRUST,10318,10318,3390,3390,465,385,0.6714479550300445,0.6714479550300445
2024-10-01,RTP,NHS ENGLAND SOUTH EAST,SURREY AND SUSSEX HEALTHCARE NHS TRUST,10996,10996,4244,4244,579,582,0.6140414696253182,0.6140414696253182
2024-10-01,RTQ,NHS ENGLAND SOUTH WEST,GLOUCESTERSHIRE HEALTH AND CARE NHS FOUNDATION TRUST,0,7641,0,41,0,0,0.9946342101819133,
2024-10-01,RTR,NHS ENGLAND NORTH EAST AND YORKSHIRE,SOUTH TEES HOSPITALS NHS FOUNDATION TRUST,7962,17074,4212,4879,458,33,0.7142438795829917,0.47098718914845517
2024-10-01,RTX,NHS ENGLAND NORTH WEST,UNIVERSITY HOSPITALS OF MORECAMBE BAY NHS FOUNDATION TRUST,9335,12478,2974,3051,527,387,0.7554896618047764,0.6814140332083556
2024-10-01,RV9,NHS ENGLAND NORTH EAST AND YORKSHIRE,HUMBER TEACHING NHS FOUNDATION TRUST,0,1004,0,14,0,0,0.9860557768924303,
2024-10-01,RVJ,NHS ENGLAND SOUTH WEST,NORTH BRISTOL NHS TRUST,9291,9291,3842,3842,626,419,0.5864815412765041,0.5864815412765041
2024-10-01,RVR,NHS ENGLAND LONDON,EPSOM AND ST HELIER UNIVERSITY HOSPITALS NHS TRUST,11283,12986,3233,3338,299,659,0.7429539504081318,0.7134627315430293
2024-10-01,RVV,NHS ENGLAND SOUTH EAST,EAST KENT HOSPITALS UNIVERSITY NHS FOUNDATION TRUST,13636,26339,6263,6731,531,1171,0.7444473973954971,0.5407010853622763
2024-10-01,RVW,NHS ENGLAND NORTH EAST AND YORKSHIRE,NORTH TEES AND HARTLEPOOL NHS FOUNDATION TRUST,4918,16808,2682,2721,228,3,0.8381128034269396,0.4546563643757625
2024-10-01,RW1,NHS ENGLAND SOUTH EAST,HAMPSHIRE AND ISLE OF WIGHT HEALTHCARE NHS FOUNDATION TRUST,0,2922,0,18,0,0,0.9938398357289527,
2024-10-01,RW4,NHS ENGLAND NORTH WEST,MERSEY CARE NHS FOUNDATION TRUST,0,14327,0,411,0,0,0.9713129057025197,
2024-10-01,RWA,NHS ENGLAND NORTH EAST AND YORKSHIRE,HULL UNIVERSITY TEACHING HOSPITALS NHS TRUST,9919,14647,5907,6014,963,575,0.5894039735099338,0.4044762576872669
2024-10-01,RWD,NHS ENGLAND MIDLANDS,UNITED LINCOLNSHIRE HOSPITALS NHS TRUST,10357,20177,6293,7540,1023,1171,0.6263071814442187,0.3923916191947475
2024-10-01,RWE,NHS ENGLAND MIDLANDS,UNIVERSITY HOSPITALS OF LEICESTER NHS TRUST,22203,24116,9625,9799,1490,1105,0.5936722507878587,0.5665000225194794
2024-10-01,RWF,NHS ENGLAND SOUTH EAST,MAIDSTONE AND TUNBRIDGE WELLS NHS TRUST,18434,20521,3668,3670,887,168,0.8211588129233468,0.8010198546164695
2024-10-01,RWG,NHS ENGLAND EAST OF ENGLAND,WEST HERTFORDSHIRE TEACHING HOSPITALS NHS TRUST,8674,16281,3662,3807,966,27,0.7661691542288558,0.5778187687341481
2024-10-01,RWH,NHS ENGLAND EAST OF ENGLAND,EAST AND NORTH HERTFORDSHIRE NHS TRUST,9362,17088,5240,5388,234,107,0.684691011235955,0.4402905362102115
2024-10-01,RWJ,NHS ENGLAND NORTH WEST,STOCKPORT NHS FOUNDATION TRUST,7968,9012,3404,3439,820,299,0.6183976919662673,0.5727911646586346
2024-10-01,RWP,NHS ENGLAND MIDLANDS,WORCESTERSHIRE ACUTE HOSPITALS NHS TRUST,13269,19047,6573,6645,786,487,0.6511261616002519,0.5046348632150124
2024-10-01,RWW,NHS ENGLAND NORTH WEST,WARRINGTON AND HALTON TEACHING HOSPITALS NHS FOUNDATION TRUST,7216,10281,3728,3821,676,843,0.6283435463476316,0.48337028824833705
2024-10-01,RWX,NHS ENGLAND SOUTH EAST,BERKSHIRE HEALTHCARE NHS FOUNDATION TRUST,0,1470,0,14,0,0,0.9904761904761905,
2024-10-01,RWY,NHS ENGLAND NORTH EAST AND YORKSHIRE,CALDERDALE AND HUDDERSFIELD NHS FOUNDATION TRUST,15686,15686,5137,5137,1329,3,0.6725105189340814,0.6725105189340814
2024-10-01,RX1,NHS ENGLAND MIDLANDS,NOTTINGHAM UNIVERSITY HOSPITALS NHS TRUST,16524,18636,9039,9295,606,481,0.5012341704228376,0.4529774872912128
2024-10-01,RXC,NHS ENGLAND SOUTH EAST,EAST SUSSEX HEALTHCARE NHS TRUST,8782,11265,4124,4185,236,71,0.6284953395472703,0.5304030972443634
2024-10-01,RXF,NHS ENGLAND NORTH EAST AND YORKSHIRE,MID YORKSHIRE TEACHING NHS TRUST,16821,23137,7417,7883,2491,205,0.6592903142153261,0.5590630759170085
2024-10-01,RXG,NHS ENGLAND NORTH EAST AND YORKSHIRE,SOUTH WEST YORKSHIRE PARTNERSHIP NHS FOUNDATION TRUST,0,0,0,0,0,0,,
2024-10-01,RXK,NHS ENGLAND MIDLANDS,SANDWELL AND WEST BIRMINGHAM HOSPITALS NHS TRUST,13983,23850,6437,6853,887,185,0.7126624737945493,0.5396552957162268
2024-10-01,RXL,NHS ENGLAND NORTH WEST,BLACKPOOL TEACHING HOSPITALS NHS FOUNDATION TRUST,8970,19498,4194,4284,379,805,0.7802851574520464,0.5324414715719064
2024-10-01,RXN,NHS ENGLAND NORTH WEST,LANCASHIRE TEACHING HOSPITALS NHS FOUNDATION TRUST,12022,15642,4652,4753,1108,409,0.6961386012018924,0.6130427549492596
2024-10-01,RXP,NHS ENGLAND NORTH EAST AND YORKSHIRE,COUNTY DURHAM AND DARLINGTON NHS FOUNDATION TRUST,13500,17832,5377,5377,2186,23,0.6984634365186182,0.6017037037037036
2024-10-01,RXQ,NHS ENGLAND SOUTH EAST,BUCKINGHAMSHIRE HEALTHCARE NHS TRUST,11010,15951,4402,4689,323,347,0.7060372390445739,0.6001816530426884
2024-10-01,RXR,NHS ENGLAND NORTH WEST,EAST LANCASHIRE HOSPITALS NHS TRUST,13289,23530,4885,5462,476,1119,0.7678708032299193,0.6324027391075325
2024-10-01,RXW,NHS ENGLAND MIDLANDS,THE SHREWSBURY AND TELFORD HOSPITAL NHS TRUST,10608,13067,6001,6245,461,1060,0.5220785184051427,0.4342948717948718
2024-10-01,RY2,NHS ENGLAND NORTH WEST,BRIDGEWATER COMMUNITY HEALTHCARE NHS FOUNDATION TRUST,0,3175,0,48,0,0,0.9848818897637795,
2024-10-01,RY4,NHS ENGLAND EAST OF ENGLAND,HERTFORDSHIRE COMMUNITY NHS TRUST,0,1192,0,45,0,0,0.962248322147651,
2024-10-01,RY5,NHS ENGLAND MIDLANDS,LINCOLNSHIRE COMMUNITY HEALTH SERVICES NHS TRUST,0,8429,0,300,0,0,0.9644085893937596,
2024-10-01,RY7,NHS ENGLAND NORTH WEST,WIRRAL COMMUNITY HEALTH AND CARE NHS FOUNDATION TRUST,0,4591,0,155,0,0,0.9662382923110433,
2024-10-01,RY8,NHS ENGLAND MIDLANDS,DERBYSHIRE COMMUNITY HEALTH SERVICES NHS FOUNDATION TRUST,0,6205,0,48,0,0,0.9922643029814665,
2024-10-01,RYF,NHS ENGLAND SOUTH WEST,SOUTH WESTERN AMBULANCE SERVICE NHS FOUNDATION TRUST,0,1598,0,69,0,0,0.9568210262828536,
2024-10-01,RYG,NHS ENGLAND MIDLANDS,COVENTRY AND WARWICKSHIRE PARTNERSHIP NHS TRUST,0,0,0,0,0,0,,
2024-10-01,RYJ,NHS ENGLAND LONDON,IMPERIAL COLLEGE HEALTHCARE NHS TRUST,12400,23767,5086,5652,655,461,0.7621912736146759,0.5898387096774194
2024-10-01,RYR,NHS ENGLAND SOUTH EAST,UNIVERSITY HOSPITALS SUSSEX NHS FOUNDATION TRUST,22675,29591,9442,9921,1479,1413,0.6647291406170794,0.5835942668136714
2024-10-01,RYX,NHS ENGLAND LONDON,CENTRAL LONDON COMMUNITY HEALTHCARE NHS TRUST,0,11907,0,323,0,0,0.9728730998572268,
2024-10-01,RYY,NHS ENGLAND SOUTH EAST,KENT COMMUNITY HEALTH NHS FOUNDATION TRUST,0,15413,0,61,0,0,0.9960423019528969,
2024-10-01,Y00751,NHS ENGLAND SOUTH EAST,EAST BERKS PRIMARY CARE OOH(WAM),0,0,0,0,0,0,,
2024-10-01,Y02147,NHS ENGLAND LONDON,URGENT CARE CENTRE (QMS),0,7773,0,199,0,0,0.9743985591148848,
2024-10-01,Y02428,NHS ENGLAND EAST OF ENGLAND,PUTNOE WALK IN CENTRE,0,2787,0,0,0,0,1.0,
2024-10-01,Y02532,NHS ENGLAND NORTH WEST,MIRIAM MINOR EMERGENCY,0,1595,0,0,0,0,1.0,
2024-10-01,Y02615,NHS ENGLAND MIDLANDS,SOUTH BIRMINGHAM GP WALK IN CENTRE,0,6852,0,0,0,0,1.0,
2024-10-01,Y02676,NHS ENGLAND SOUTH EAST,BRIGHTON STATION HEALTH CENTRE,0,1902,0,0,0,0,1.0,
2024-10-01,Y03007,NHS ENGLAND MIDLANDS,ERDINGTON GP HEALTH & WELLBEING WIC,0,0,0,0,0,0,,
2024-10-01,Y03218,NHS ENGLAND LONDON,THE PINN UNREGISTERED WIC,0,1107,0,0,0,0,1.0,
2024-10-01,Y07709,NHS ENGLAND SOUTH EAST,READING URGENT CARE CENTRE,0,2043,0,0,0,0,1.0,
2024-11-01,8J094,NHS ENGLAND MIDLANDS,BADGER LTD,0,0,0,0,0,0,,
2024-11-01,AAH,NHS ENGLAND SOUTH WEST,TETBURY HOSPITAL TRUST LTD,0,516,0,0,0,0,1.0,
2024-11-01,ACH01,NHS ENGLAND SOUTH EAST,WHITSTABLE MEDICAL PRACTICE,0,5911,0,0,0,0,1.0,
2024-11-01,AD913,NHS ENGLAND LONDON,BECKENHAM BEACON UCC,0,3498,0,57,0,0,0.983704974271012,
2024-11-01,AJN,NHS ENGLAND NORTH EAST AND YORKSHIRE,WORKINGTON HEALTH LIMITED,0,321,0,0,0,0,1.0,
2024-11-01,AQN04,NHS ENGLAND SOUTH EAST,PHL LYMINGTON UTC,0,2593,0,1,0,0,0.9996143463170073,
2024-11-01,ARN03,NHS ENGLAND NORTH EAST AND YORKSHIRE,LOCAL CARE DIRECT,0,2104,0,0,0,0,1.0,
2024-11-01,AXG,NHS ENGLAND SOUTH WEST,WILTSHIRE HEALTH & CARE,0,2194,0,25,0,0,0.9886052871467639,
2024-11-01,C82009,NHS ENGLAND MIDLANDS,MARKET HARBOROUGH MED.CTR,0,282,0,0,0,0,1.0,
2024-11-01,C82038,NHS ENGLAND MIDLANDS,LATHAM HOUSE MEDICAL PRACTICE,0,303,0,0,0,0,1.0,
2024-11-01,C83023,NHS ENGLAND MIDLANDS,SLEAFORD MEDICAL GROUP,0,496,0,0,0,0,1.0,
2024-11-01,DT301,NHS ENGLAND EAST OF ENGLAND,HERTS URGENT CARE (ASCOTS LANE),0,2106,0,43,0,0,0.9795821462488129,
2024-11-01,G0Q0L,NHS ENGLAND LONDON,BARKING HOSPITAL UTC,0,2882,0,20,0,0,0.993060374739764,
2024-11-01,K6K0R,NHS ENGLAND LONDON,HAROLD WOOD POLYCLINIC UTC,0,2902,0,9,0,0,0.9968986905582357,
2024-11-01,L83087,NHS ENGLAND SOUTH WEST,OKEHAMPTON MEDICAL CENTRE,0,73,0,0,0,0,1.0,
2024-11-01,NDJ,NHS ENGLAND SOUTH EAST,FIRST COMMUNITY HEALTH AND CARE CIC,0,2120,0,0,0,0,1.0,
2024-11-01,NL7,NHS ENGLAND MIDLANDS,ASSURA VERTIS URGENT CARE CENTRES (BIRMINGHAM),0,4350,0,0,0,0,1.0,
2024-11-01,NLX,NHS ENGLAND SOUTH WEST,SIRONA CARE & HEALTH,0,7982,0,447,0,0,0.9439989977449261,
2024-11-01,NNF09,NHS ENGLAND NORTH EAST AND YORKSHIRE,BRANSHOLME HEALTH CENTRE,0,3623,0,250,0,0,0.9309964118134143,
2024-11-01,NNF16,NHS ENGLAND NORTH EAST AND YORKSHIRE,BRIDLINGTON HOSPITAL,0,1362,0,0,0,0,1.0,
2024-11-01,NNF94,NHS ENGLAND NORTH EAST AND YORKSHIRE,EAST RIDING COMMUNITY HOSPITAL,0,2655,0,220,0,0,0.9171374764595104,
2024-11-01,NNFA7,NHS ENGLAND NORTH EAST AND YORKSHIRE,GOOLE & DISTRICT HOSPITAL,0,1560,0,7,0,0,0.9955128205128205,
2024-11-01,NNJ,NHS ENGLAND MIDLANDS,DHU HEALTH CARE C.I.C,0,2044,0,19,0,0,0.9907045009784736,
2024-11-01,NNJ07,NHS ENGLAND MIDLANDS,LOUGHBOROUGH URGENT CARE CENTRE,0,6472,0,38,0,0,0.9941285537700866,
2024-11-01,NNJ0H,NHS ENGLAND MIDLANDS,LLR EA - THE MERLYN VAZ HEALTH & SOCIAL CARE CENTRE,0,198,0,1,0,0,0.9949494949494949,
2024-11-01,NNJ12,NHS ENGLAND MIDLANDS,MARKET HARBOROUGH,0,100,0,0,0,0,1.0,
2024-11-01,NNJ13,NHS ENGLAND MIDLANDS,MELTON MOWBRAY,0,68,0,0,0,0,1.0,
2024-11-01,NNJ14,NHS ENGLAND MIDLANDS,OADBY,0,479,0,0,0,0,1.0,
2024-11-01,NNJ15,NHS ENGLAND MIDLANDS,OAKHAM,0,63,0,0,0,0,1.0,
2024-11-01,NQT51,NHS ENGLAND SOUTH EAST,STATION PLAZA HEALTH CENTRE,0,1008,0,0,0,0,1.0,
2024-11-01,NQT5F,NHS ENGLAND NORTH WEST,SKELMERSDALE WALK IN CENTRE,0,1704,0,15,0,0,0.9911971830985915,
2024-11-01,NQT5H,NHS ENGLAND SOUTH WEST,PAULTON MEMORIAL HOSPITAL,0,932,0,5,0,0,0.9946351931330472,
2024-11-01,NQTE4,NHS ENGLAND MIDLANDS,SUMMERFIELD URGENT CARE CENTRE,0,3160,0,0,0,0,1.0,
2024-11-01,NR3,NHS ENGLAND MIDLANDS,NOTTINGHAM CITYCARE PARTNERSHIP,0,5559,0,358,0,0,0.9355999280446123,
2024-11-01,NTP11,NHS ENGLAND SOUTH EAST,PRACTICE PLUS GROUP HOSPITAL - SOUTHAMPTON,0,5160,0,172,0,0,0.9666666666666667,
2024-11-01,NTPAD,NHS ENGLAND SOUTH EAST,PRACTICE PLUS GROUP SURGICAL CENTRE - ST MARYS PORTSMOUTH,0,5647,0,222,0,0,0.9606870904905259,
2024-11-01,NTV0B,NHS ENGLAND SOUTH EAST,ASHFORD WALK-IN-CENTRE,0,2243,0,17,0,0,0.9924208649130629,
2024-11-01,NTV0W,NHS ENGLAND SOUTH EAST,WOKING WALK IN CENTRE,0,2435,0,25,0,0,0.9897330595482546,
2024-11-01,NV693,NHS ENGLAND NORTH WEST,ROSSENDALE MIU & OOH,0,899,0,0,0,0,1.0,
2024-11-01,R0A,NHS ENGLAND NORTH WEST,MANCHESTER UNIVERSITY NHS FOUNDATION TRUST,26244,40514,13551,14488,4172,263,0.6423952214049464,0.48365340649291266
2024-11-01,R0B,NHS ENGLAND NORTH EAST AND YORKSHIRE,SOUTH TYNESIDE AND SUNDERLAND NHS FOUNDATION TRUST,11925,18922,6023,6367,770,11,0.6635133706796321,0.49492662473794546
2024-11-01,R0D,NHS ENGLAND SOUTH WEST,UNIVERSITY HOSPITALS DORSET NHS FOUNDATION TRUST,13107,17704,5292,5292,752,120,0.7010845006778129,0.5962462806134127
2024-11-01,R1D,NHS ENGLAND MIDLANDS,SHROPSHIRE COMMUNITY HEALTH NHS TRUST,0,2850,0,5,0,0,0.9982456140350877,
2024-11-01,R1F,NHS ENGLAND SOUTH EAST,ISLE OF WIGHT NHS TRUST,4191,5827,1575,1575,144,45,0.7297065385275442,0.6241947029348605
2024-11-01,R1H,NHS ENGLAND LONDON,BARTS HEALTH NHS TRUST,25692,43897,11813,13160,1139,1064,0.7002073034603731,0.5402070683481239
2024-11-01,R1K,NHS ENGLAND LONDON,LONDON NORTH WEST UNIVERSITY HEALTHCARE NHS TRUST,13834,29173,7833,8202,753,557,0.7188496212251054,0.43378632355067226
2024-11-01,RA2,NHS ENGLAND SOUTH EAST,ROYAL SURREY COUNTY HOSPITAL NHS FOUNDATION TRUST,7022,8410,1933,1933,182,3,0.7701545778834721,0.7247223013386499
2024-11-01,RA7,NHS ENGLAND SOUTH WEST,UNIVERSITY HOSPITALS BRISTOL AND WESTON NHS FOUNDATION TRUST,16427,18761,6438,6599,1332,530,0.648259687649912,0.6080842515371035
2024-11-01,RA9,NHS ENGLAND SOUTH WEST,TORBAY AND SOUTH DEVON NHS FOUNDATION TRUST,6145,9181,2998,3014,355,102,0.6717133209889989,0.5121236777868186
2024-11-01,RAE,NHS ENGLAND NORTH EAST AND YORKSHIRE,BRADFORD TEACHING HOSPITALS NHS FOUNDATION TRUST,9509,13583,2531,2531,731,116,0.813664138997276,0.7338311073719634
2024-11-01,RAJ,NHS ENGLAND EAST OF ENGLAND,MID AND SOUTH ESSEX NHS FOUNDATION TRUST,30826,36242,10484,10844,2760,66,0.7007891396722035,0.6598974891325504
2024-11-01,RAL,NHS ENGLAND LONDON,ROYAL FREE LONDON NHS FOUNDATION TRUST,17661,26449,6401,6612,1076,718,0.7500094521532005,0.6375629919030632
2024-11-01,RAN,NHS ENGLAND LONDON,ROYAL NATIONAL ORTHOPAEDIC HOSPITAL NHS TRUST,0,0,0,0,0,0,,
2024-11-01,RAP,NHS ENGLAND LONDON,NORTH MIDDLESEX UNIVERSITY HOSPITAL NHS TRUST,8411,15582,4967,5680,231,874,0.6354768322423309,0.40946379740815597
2024-11-01,RAS,NHS ENGLAND LONDON,THE HILLINGDON HOSPITALS NHS FOUNDATION TRUST,6270,13274,3743,3965,464,14,0.7012957661594094,0.40303030303030307
2024-11-01,RAX,NHS ENGLAND LONDON,KINGSTON AND RICHMOND NHS FOUNDATION TRUST,7341,15724,3754,4116,254,451,0.7382345459170694,0.4886255278572401
2024-11-01,RBD,NHS ENGLAND SOUTH WEST,DORSET COUNTY HOSPITAL NHS FOUNDATION TRUST,4036,4036,1602,1602,196,44,0.6030723488602576,0.6030723488602576
2024-11-01,RBK,NHS ENGLAND MIDLANDS,WALSALL HEALTHCARE NHS TRUST,9841,14425,3490,3781,1182,133,0.7378856152512998,0.645361243776039
2024-11-01,RBL,NHS ENGLAND NORTH WEST,WIRRAL UNIVERSITY TEACHING HOSPITAL NHS FOUNDATION TRUST,5970,9037,3101,3130,303,693,0.653646121500498,0.480569514237856
2024-11-01,RBN,NHS ENGLAND NORTH WEST,MERSEY AND WEST LANCASHIRE TEACHING HOSPITALS NHS TRUST,17192,24258,6415,6518,617,381,0.731305136449831,0.6268613308515589
2024-11-01,RBQ,NHS ENGLAND NORTH WEST,LIVERPOOL HEART AND CHEST HOSPITAL NHS FOUNDATION TRUST,0,0,0,0,0,0,,
2024-11-01,RBS,NHS ENGLAND NORTH WEST,ALDER HEY CHILDREN'S NHS FOUNDATION TRUST,6277,6277,1663,1663,1,0,0.7350645212681217,0.7350645212681217
2024-11-01,RBT,NHS ENGLAND NORTH WEST,MID CHESHIRE HOSPITALS NHS FOUNDATION TRUST,7229,9875,4248,4297,693,490,0.5648607594936709,0.41236685572001663
2024-11-01,RBV,NHS ENGLAND NORTH WEST,THE CHRISTIE NHS FOUNDATION TRUST,0,0,0,0,0,0,,
2024-11-01,RC9,NHS ENGLAND EAST OF ENGLAND,BEDFORDSHIRE HOSPITALS NHS FOUNDATION TRUST,16716,25150,6826,6826,80,36,0.7285884691848907,0.5916487197894233
2024-11-01,RCB,NHS ENGLAND NORTH EAST AND YORKSHIRE,YORK AND SCARBOROUGH TEACHING HOSPITALS NHS FOUNDATION TRUST,10945,17636,6389,6634,850,883,0.6238376048990701,0.4162631338510735
2024-11-01,RCD,NHS ENGLAND NORTH EAST AND YORKSHIRE,HARROGATE AND DISTRICT NHS FOUNDATION TRUST,5062,5951,1889,1890,406,96,0.6824063182658378,0.6268273409719478
2024-11-01,RCF,NHS ENGLAND NORTH EAST AND YORKSHIRE,AIREDALE NHS FOUNDATION TRUST,5652,5864,2577,2577,528,135,0.5605388813096862,0.5440552016985138
2024-11-01,RCU,NHS ENGLAND NORTH EAST AND YORKSHIRE,SHEFFIELD CHILDREN'S NHS FOUNDATION TRUST,5219,5737,654,654,15,0,0.8860031375283249,0.8746886376700518
2024-11-01,RCX,NHS ENGLAND EAST OF ENGLAND,"THE QUEEN ELIZABETH HOSPITAL, KING'S LYNN, NHS FOUNDATION TRUST",6813,8013,2912,2912,294,97,0.6365905403718957,0.5725818288565977
2024-11-01,RD1,NHS ENGLAND SOUTH WEST,ROYAL UNITED HOSPITALS BATH NHS FOUNDATION TRUST,8488,8488,3715,3715,785,131,0.5623232799245994,0.5623232799245994
2024-11-01,RD8,NHS ENGLAND EAST OF ENGLAND,MILTON KEYNES UNIVERSITY HOSPITAL NHS FOUNDATION TRUST,8345,13638,3457,3671,717,0,0.7308256342572225,0.5857399640503296
2024-11-01,RDE,NHS ENGLAND EAST OF ENGLAND,EAST SUFFOLK AND NORTH ESSEX NHS FOUNDATION TRUST,12745,27534,7100,7551,1105,440,0.7257572455872738,0.44291879168301296
2024-11-01,RDR,NHS ENGLAND SOUTH EAST,SUSSEX COMMUNITY NHS FOUNDATION TRUST,0,11428,0,77,0,0,0.9932621631081554,
2024-11-01,RDU,NHS ENGLAND SOUTH EAST,FRIMLEY HEALTH NHS FOUNDATION TRUST,22368,33836,10181,10349,1825,360,0.6941423336091737,0.5448408440629471
2024-11-01,RDY,NHS ENGLAND SOUTH WEST,DORSET HEALTHCARE UNIVERSITY NHS FOUNDATION TRUST,0,0,0,0,0,0,,
2024-11-01,REF,NHS ENGLAND SOUTH WEST,ROYAL CORNWALL HOSPITALS NHS TRUST,5764,16471,3047,3712,579,607,0.7746342055734321,0.47137404580152675
2024-11-01,REM,NHS ENGLAND NORTH WEST,LIVERPOOL UNIVERSITY HOSPITALS NHS FOUNDATION TRUST,15519,25333,8126,8400,2060,1092,0.6684166896932855,0.4763837876151814
2024-11-01,REP,NHS ENGLAND NORTH WEST,LIVERPOOL WOMEN'S NHS FOUNDATION TRUST,0,1231,0,113,0,0,0.9082047116165719,
2024-11-01,RET,NHS ENGLAND NORTH WEST,THE WALTON CENTRE NHS FOUNDATION TRUST,0,0,0,0,0,0,,
2024-11-01,RF4,NHS ENGLAND LONDON,"BARKING, HAVERING AND REDBRIDGE UNIVERSITY HOSPITALS NHS TRUST",13817,29993,6410,6894,728,709,0.7701463674857467,0.5360787435767533
2024-11-01,RFF,NHS ENGLAND NORTH EAST AND YORKSHIRE,BARNSLEY HOSPITAL NHS FOUNDATION TRUST,9113,9113,3569,3569,470,0,0.6083616811148909,0.6083616811148909
2024-11-01,RFR,NHS ENGLAND NORTH EAST AND YORKSHIRE,THE ROTHERHAM NHS FOUNDATION TRUST,8946,8946,3391,3391,612,16,0.6209479096803041,0.6209479096803041
2024-11-01,RFS,NHS ENGLAND MIDLANDS,CHESTERFIELD ROYAL HOSPITAL NHS FOUNDATION TRUST,6922,12783,3553,3876,961,192,0.6967847923022765,0.4867090436290089
2024-11-01,RGN,NHS ENGLAND EAST OF ENGLAND,NORTH WEST ANGLIA NHS FOUNDATION TRUST,14924,19250,6609,6873,526,809,0.642961038961039,0.5571562583757705
2024-11-01,RGP,NHS ENGLAND EAST OF ENGLAND,JAMES PAGET UNIVERSITY HOSPITALS NHS FOUNDATION TRUST,7287,8613,3175,3175,525,339,0.631371183095321,0.5642925758199533
2024-11-01,RGR,NHS ENGLAND EAST OF ENGLAND,WEST SUFFOLK NHS FOUNDATION TRUST,7755,8350,2998,2998,464,524,0.6409580838323353,0.613410702772405
2024-11-01,RGT,NHS ENGLAND EAST OF ENGLAND,CAMBRIDGE UNIVERSITY HOSPITALS NHS FOUNDATION TRUST,10816,16220,5423,5544,553,527,0.6581997533908754,0.4986131656804734
2024-11-01,RH5,NHS ENGLAND SOUTH WEST,SOMERSET NHS FOUNDATION TRUST,12368,21359,5926,6074,620,114,0.7156233906081746,0.5208602846054333
2024-11-01,RH8,NHS ENGLAND SOUTH WEST,ROYAL DEVON UNIVERSITY HEALTHCARE NHS FOUNDATION TRUST,12241,16423,5101,5126,1445,87,0.6878767582049565,0.5832856792745691
2024-11-01,RHM,NHS ENGLAND SOUTH EAST,UNIVERSITY HOSPITAL SOUTHAMPTON NHS FOUNDATION TRUST,12029,13205,5287,5359,433,5,0.5941688754259751,0.560478842796575
2024-11-01,RHQ,NHS ENGLAND NORTH EAST AND YORKSHIRE,SHEFFIELD TEACHING HOSPITALS NHS FOUNDATION TRUST,9085,17871,5323,5561,1482,16,0.6888254714341671,0.4140891579526692
2024-11-01,RHU,NHS ENGLAND SOUTH EAST,PORTSMOUTH HOSPITALS UNIVERSITY NATIONAL HEALTH SERVICE TRUST,9838,13425,4855,4914,1441,58,0.6339664804469274,0.5065053872738361
2024-11-01,RHW,NHS ENGLAND SOUTH EAST,ROYAL BERKSHIRE NHS FOUNDATION TRUST,11076,14667,4378,4393,545,1,0.7004840799072749,0.6047309498013723
2024-11-01,RJ1,NHS ENGLAND LONDON,GUY'S AND ST THOMAS' NHS FOUNDATION TRUST,10740,18592,4483,4765,144,75,0.7437069707401033,0.5825884543761639
2024-11-01,RJ2,NHS ENGLAND LONDON,LEWISHAM AND GREENWICH NHS TRUST,14664,25398,7608,8998,1166,795,0.6457201354437357,0.48117839607201307
2024-11-01,RJ6,NHS ENGLAND LONDON,CROYDON HEALTH SERVICES NHS TRUST,13200,18454,5194,5194,464,503,0.7185434052237998,0.6065151515151515
2024-11-01,RJ7,NHS ENGLAND LONDON,ST GEORGE'S UNIVERSITY HOSPITALS NHS FOUNDATION TRUST,9271,12513,3019,3019,574,689,0.7587309198433629,0.6743609103656564
2024-11-01,RJ8,NHS ENGLAND SOUTH WEST,CORNWALL PARTNERSHIP NHS FOUNDATION TRUST,0,0,0,0,0,0,,
2024-11-01,RJC,NHS ENGLAND MIDLANDS,SOUTH WARWICKSHIRE UNIVERSITY NHS FOUNDATION TRUST,8706,9046,3167,3167,434,39,0.6499005085120495,0.6362278888123134
2024-11-01,RJE,NHS ENGLAND MIDLANDS,UNIVERSITY HOSPITALS OF NORTH MIDLANDS NHS TRUST,13436,21777,7449,7705,881,1077,0.646186343389815,0.44559392676391785
2024-11-01,RJL,NHS ENGLAND NORTH EAST AND YORKSHIRE,NORTHERN LINCOLNSHIRE AND GOOLE NHS FOUNDATION TRUST,8858,15821,4148,4203,607,699,0.7343404336009102,0.5317227365093701
2024-11-01,RJN,NHS ENGLAND NORTH WEST,EAST CHESHIRE NHS TRUST,4281,4281,2006,2006,171,168,0.5314178930156506,0.5314178930156506
2024-11-01,RJR,NHS ENGLAND NORTH WEST,COUNTESS OF CHESTER HOSPITAL NHS FOUNDATION TRUST,5109,7401,2886,3132,203,700,0.5768139440616133,0.43511450381679384
2024-11-01,RJZ,NHS ENGLAND LONDON,KING'S COLLEGE HOSPITAL NHS FOUNDATION TRUST,15478,24337,6876,7296,1662,776,0.7002095574639438,0.5557565576947926
2024-11-01,RK5,NHS ENGLAND MIDLANDS,SHERWOOD FOREST HOSPITALS NHS FOUNDATION TRUST,10534,16194,4958,5393,814,162,0.6669754229961714,0.5293335864818682
2024-11-01,RK9,NHS ENGLAND SOUTH WEST,UNIVERSITY HOSPITALS PLYMOUTH NHS TRUST,9116,14016,4665,4758,567,604,0.6605308219178082,0.4882623957876262
2024-11-01,RKB,NHS ENGLAND MIDLANDS,UNIVERSITY HOSPITALS COVENTRY AND WARWICKSHIRE NHS TRUST,12296,19476,6019,6601,104,32,0.6610700349147669,0.5104912166558231
2024-11-01,RKE,NHS ENGLAND LONDON,WHITTINGTON HEALTH NHS TRUST,9302,9302,2715,2715,251,233,0.708127284454956,0.708127284454956
2024-11-01,RL1,NHS ENGLAND MIDLANDS,THE ROBERT JONES AND AGNES HUNT ORTHOPAEDIC HOSPITAL NHS FOUNDATION TRUST,0,0,0,0,0,0,,
2024-11-01,RL4,NHS ENGLAND MIDLANDS,THE ROYAL WOLVERHAMPTON NHS TRUST,12780,21340,4285,4674,861,644,0.780974695407685,0.6647104851330203
2024-11-01,RLQ,NHS ENGLAND MIDLANDS,WYE VALLEY NHS TRUST,6074,7276,2581,2581,408,257,0.6452721275426059,0.5750740862693448
2024-11-01,RLT,NHS ENGLAND MIDLANDS,GEORGE ELIOT HOSPITAL NHS TRUST,7489,9199,2619,2679,678,141,0.7087726926839875,0.6502870877286687
2024-11-01,RM1,NHS ENGLAND EAST OF ENGLAND,NORFOLK AND NORWICH UNIVERSITY HOSPITALS NHS FOUNDATION TRUST,12235,20482,3991,3992,981,213,0.8050971584806171,0.6738046587658357
2024-11-01,RM3,NHS ENGLAND NORTH WEST,NORTHERN CARE ALLIANCE NHS FOUNDATION TRUST,26130,35245,12047,12606,1252,1166,0.6423322457086111,0.5389590508993494
2024-11-01,RMC,NHS ENGLAND NORTH WEST,BOLTON NHS FOUNDATION TRUST,8295,11893,4308,4478,512,585,0.6234759942823509,0.48065099457504523
2024-11-01,RMP,NHS ENGLAND NORTH WEST,TAMESIDE AND GLOSSOP INTEGRATED CARE NHS FOUNDATION TRUST,8628,11813,4077,4085,419,541,0.6541945314484043,0.5274687065368567
2024-11-01,RN3,NHS ENGLAND SOUTH WEST,GREAT WESTERN HOSPITALS NHS FOUNDATION TRUST,5572,10928,2443,2840,568,241,0.7401171303074671,0.5615577889447236
2024-11-01,RN5,NHS ENGLAND SOUTH EAST,HAMPSHIRE HOSPITALS NHS FOUNDATION TRUST,11951,13360,5735,5795,432,128,0.5662425149700598,0.5201238390092879
2024-11-01,RN7,NHS ENGLAND SOUTH EAST,DARTFORD AND GRAVESHAM NHS TRUST,11574,15418,3989,4004,638,276,0.7403035413153457,0.655348194228443
2024-11-01,RNA,NHS ENGLAND MIDLANDS,THE DUDLEY GROUP NHS FOUNDATION TRUST,9439,14453,2494,2749,2171,93,0.8097972739223691,0.7357770950312533
2024-11-01,RNN,NHS ENGLAND NORTH EAST AND YORKSHIRE,NORTH CUMBRIA INTEGRATED CARE NHS FOUNDATION TRUST,8745,10399,3829,3874,740,451,0.6274641792480047,0.562149799885649
2024-11-01,RNQ,NHS ENGLAND MIDLANDS,KETTERING GENERAL HOSPITAL NHS FOUNDATION TRUST,10036,19093,4244,4437,1557,0,0.7676111663960614,0.5771223595057792
2024-11-01,RNS,NHS ENGLAND MIDLANDS,NORTHAMPTON GENERAL HOSPITAL NHS TRUST,9745,12791,4460,4774,482,825,0.6267688218278478,0.5423293996921499
2024-11-01,RNU,NHS ENGLAND SOUTH EAST,OXFORD HEALTH NHS FOUNDATION TRUST,0,3746,0,339,0,0,0.909503470368393,
2024-11-01,RNZ,NHS ENGLAND SOUTH WEST,SALISBURY NHS FOUNDATION TRUST,4604,6627,1982,1982,478,17,0.7009204768371813,0.5695047784535187
2024-11-01,RP5,NHS ENGLAND NORTH EAST AND YORKSHIRE,DONCASTER AND BASSETLAW TEACHING HOSPITALS NHS FOUNDATION TRUST,13455,17516,4740,4740,946,153,0.7293902717515415,0.6477146042363433
2024-11-01,RP6,NHS ENGLAND LONDON,MOORFIELDS EYE HOSPITAL NHS FOUNDATION TRUST,0,5659,0,92,0,0,0.9837427107262767,
2024-11-01,RPA,NHS ENGLAND SOUTH EAST,MEDWAY NHS FOUNDATION TRUST,9121,15517,3152,3798,327,771,0.7552361925629955,0.65442385703322
2024-11-01,RPC,NHS ENGLAND SOUTH EAST,QUEEN VICTORIA HOSPITAL NHS FOUNDATION TRUST,0,1350,0,12,0,0,0.9911111111111112,
2024-11-01,RQ3,NHS ENGLAND MIDLANDS,BIRMINGHAM WOMEN'S AND CHILDREN'S NHS FOUNDATION TRUST,6522,6522,2458,2458,2,52,0.6231217417969948,0.6231217417969948
2024-11-01,RQM,NHS ENGLAND LONDON,CHELSEA AND WESTMINSTER HOSPITAL NHS FOUNDATION TRUST,19742,26261,6684,6902,1324,52,0.7371768021019763,0.6614324789788268
2024-11-01,RQW,NHS ENGLAND EAST OF ENGLAND,THE PRINCESS ALEXANDRA HOSPITAL NHS TRUST,7812,9667,4639,4639,556,117,0.5201199958622116,0.4061699948796723
2024-11-01,RQX,NHS ENGLAND LONDON,HOMERTON HEALTHCARE NHS FOUNDATION TRUST,10909,10909,2475,2475,260,36,0.7731231093592447,0.7731231093592447
2024-11-01,RR7,NHS ENGLAND NORTH EAST AND YORKSHIRE,GATESHEAD HEALTH NHS FOUNDATION TRUST,6257,9608,2570,2589,1028,1,0.7305370524562864,0.58926002876778
2024-11-01,RR8,NHS ENGLAND NORTH EAST AND YORKSHIRE,LEEDS TEACHING HOSPITALS NHS TRUST,18099,30854,7911,8178,1826,403,0.7349452259026382,0.5629040278468423
2024-11-01,RRF,NHS ENGLAND NORTH WEST,"WRIGHTINGTON, WIGAN AND LEIGH NHS FOUNDATION TRUST",7061,12414,3765,3900,1245,474,0.6858385693571774,0.46678940659963175
2024-11-01,RRK,NHS ENGLAND MIDLANDS,UNIVERSITY HOSPITALS BIRMINGHAM NHS FOUNDATION TRUST,35046,36955,15409,15465,2475,1853,0.5815180625084562,0.5603207213376704
2024-11-01,RRV,NHS ENGLAND LONDON,UNIVERSITY COLLEGE LONDON HOSPITALS NHS FOUNDATION TRUST,13190,13190,4164,4164,436,208,0.6843062926459439,0.6843062926459439
2024-11-01,RTD,NHS ENGLAND NORTH EAST AND YORKSHIRE,THE NEWCASTLE UPON TYNE HOSPITALS NHS FOUNDATION TRUST,12663,19571,5288,5369,685,32,0.7256655255224567,0.5824054331517018
2024-11-01,RTE,NHS ENGLAND SOUTH WEST,GLOUCESTERSHIRE HOSPITALS NHS FOUNDATION TRUST,13057,13057,4981,4981,411,403,0.6185188021750785,0.6185188021750785
2024-11-01,RTF,NHS ENGLAND NORTH EAST AND YORKSHIRE,NORTHUMBRIA HEALTHCARE NHS FOUNDATION TRUST,9857,21491,2621,2631,56,0,0.8775766599972081,0.7340975956173278
2024-11-01,RTG,NHS ENGLAND MIDLANDS,UNIVERSITY HOSPITALS OF DERBY AND BURTON NHS FOUNDATION TRUST,20055,29901,9733,9738,1167,1228,0.6743252734022274,0.5146846173024183
2024-11-01,RTH,NHS ENGLAND SOUTH EAST,OXFORD UNIVERSITY HOSPITALS NHS FOUNDATION TRUST,12714,16881,5265,5270,1032,0,0.6878147029204431,0.5858895705521472
2024-11-01,RTK,NHS ENGLAND SOUTH EAST,ASHFORD AND ST PETER'S HOSPITALS NHS FOUNDATION TRUST,10468,10468,3559,3559,539,329,0.6600114635078334,0.6600114635078334
2024-11-01,RTP,NHS ENGLAND SOUTH EAST,SURREY AND SUSSEX HEALTHCARE NHS TRUST,11192,11192,4397,4397,659,549,0.6071300929235168,0.6071300929235168
2024-11-01,RTQ,NHS ENGLAND SOUTH WEST,GLOUCESTERSHIRE HEALTH AND CARE NHS FOUNDATION TRUST,0,7118,0,62,0,0,0.9912896881146389,
2024-11-01,RTR,NHS ENGLAND NORTH EAST AND YORKSHIRE,SOUTH TEES HOSPITALS NHS FOUNDATION TRUST,7812,16803,3855,4586,345,17,0.7270725465690651,0.5065284178187404
2024-11-01,RTX,NHS ENGLAND NORTH WEST,UNIVERSITY HOSPITALS OF MORECAMBE BAY NHS FOUNDATION TRUST,9073,11994,3095,3169,592,377,0.7357845589461398,0.65887798963959
2024-11-01,RV9,NHS ENGLAND NORTH EAST AND YORKSHIRE,HUMBER TEACHING NHS FOUNDATION TRUST,0,1013,0,1,0,0,0.9990128331688055,
2024-11-01,RVJ,NHS ENGLAND SOUTH WEST,NORTH BRISTOL NHS TRUST,9087,9087,4072,4072,518,526,0.551887311543964,0.551887311543964
2024-11-01,RVR,NHS ENGLAND LONDON,EPSOM AND ST HELIER UNIVERSITY HOSPITALS NHS TRUST,11520,13188,3620,3719,381,652,0.7180012132241431,0.6857638888888888
2024-11-01,RVV,NHS ENGLAND SOUTH EAST,EAST KENT HOSPITALS UNIVERSITY NHS FOUNDATION TRUST,13201,25938,6113,6707,618,1121,0.741421852108875,0.5369290205287478
2024-11-01,RVW,NHS ENGLAND NORTH EAST AND YORKSHIRE,NORTH TEES AND HARTLEPOOL NHS FOUNDATION TRUST,5092,16645,2971,3016,273,25,0.8188044457795134,0.41653574234092694
2024-11-01,RW1,NHS ENGLAND SOUTH EAST,HAMPSHIRE AND ISLE OF WIGHT HEALTHCARE NHS FOUNDATION TRUST,0,2822,0,40,0,0,0.9858256555634302,
2024-11-01,RW4,NHS ENGLAND NORTH WEST,MERSEY CARE NHS FOUNDATION TRUST,0,13642,0,262,0,0,0.9807946048966427,
2024-11-01,RWA,NHS ENGLAND NORTH EAST AND YORKSHIRE,HULL UNIVERSITY TEACHING HOSPITALS NHS TRUST,9659,14374,5741,6012,976,481,0.58174481703075,0.40563205300755767
2024-11-01,RWD,NHS ENGLAND MIDLANDS,UNITED LINCOLNSHIRE TEACHING HOSPITALS NHS TRUST,10824,20608,6337,7718,1214,874,0.625485248447205,0.4145417590539542
2024-11-01,RWE,NHS ENGLAND MIDLANDS,UNIVERSITY HOSPITALS OF LEICESTER NHS TRUST,23225,25177,10469,10588,1556,1108,0.5794574413154864,0.5492357373519914
2024-11-01,RWF,NHS ENGLAND SOUTH EAST,MAIDSTONE AND TUNBRIDGE WELLS NHS TRUST,18553,20677,3865,3873,964,80,0.8126904289790589,0.7916778957580984
2024-11-01,RWG,NHS ENGLAND EAST OF ENGLAND,WEST HERTFORDSHIRE TEACHING HOSPITALS NHS TRUST,8588,16044,3719,4049,847,21,0.7476315133383196,0.5669538891476479
2024-11-01,RWH,NHS ENGLAND EAST OF ENGLAND,EAST AND NORTH HERTFORDSHIRE NHS TRUST,9357,17026,5297,5583,179,86,0.6720897450957359,0.4338997541947205
2024-11-01,RWJ,NHS ENGLAND NORTH WEST,STOCKPORT NHS FOUNDATION TRUST,7857,8936,3311,3349,712,397,0.6252238137869293,0.5785923380425099
2024-11-01,RWP,NHS ENGLAND MIDLANDS,WORCESTERSHIRE ACUTE HOSPITALS NHS TRUST,13411,18614,8428,8500,681,261,0.5433544643816481,0.3715606591603907
2024-11-01,RWW,NHS ENGLAND NORTH WEST,WARRINGTON AND HALTON TEACHING HOSPITALS NHS FOUNDATION TRUST,6927,9839,3572,3679,745,498,0.6260798861672934,0.4843366536740291
2024-11-01,RWX,NHS ENGLAND SOUTH EAST,BERKSHIRE HEALTHCARE NHS FOUNDATION TRUST,0,1313,0,7,0,0,0.9946686976389947,
2024-11-01,RWY,NHS ENGLAND NORTH EAST AND YORKSHIRE,CALDERDALE AND HUDDERSFIELD NHS FOUNDATION TRUST,15295,15295,5422,5422,1160,16,0.6455050670153645,0.6455050670153645
2024-11-01,RX1,NHS ENGLAND MIDLANDS,NOTTINGHAM UNIVERSITY HOSPITALS NHS TRUST,16379,18360,8610,8907,381,387,0.5148692810457516,0.4743268819830271
2024-11-01,RXC,NHS ENGLAND SOUTH EAST,EAST SUSSEX HEALTHCARE NHS TRUST,8336,10597,3998,4077,250,42,0.6152684722091157,0.5203934740882917
2024-11-01,RXF,NHS ENGLAND NORTH EAST AND YORKSHIRE,MID YORKSHIRE TEACHING NHS TRUST,16762,22794,7212,7608,2286,736,0.6662279547249277,0.5697410810165852
2024-11-01,RXG,NHS ENGLAND NORTH EAST AND YORKSHIRE,SOUTH WEST YORKSHIRE PARTNERSHIP NHS FOUNDATION TRUST,0,0,0,0,0,0,,
2024-11-01,RXK,NHS ENGLAND MIDLANDS,SANDWELL AND WEST BIRMINGHAM HOSPITALS NHS TRUST,12424,22951,5856,6579,962,113,0.7133458237113851,0.5286542176432711
2024-11-01,RXL,NHS ENGLAND NORTH WEST,BLACKPOOL TEACHING HOSPITALS NHS FOUNDATION TRUST,8663,18436,4055,4126,393,652,0.7761987415925363,0.5319173496479279
2024-11-01,RXN,NHS ENGLAND NORTH WEST,LANCASHIRE TEACHING HOSPITALS NHS FOUNDATION TRUST,12214,15745,4689,4785,1071,358,0.6960939980946332,0.6160962829539872
2024-11-01,RXP,NHS ENGLAND NORTH EAST AND YORKSHIRE,COUNTY DURHAM AND DARLINGTON NHS FOUNDATION TRUST,13207,17333,5892,5892,2087,13,0.660070385968961,0.5538729461649126
2024-11-01,RXQ,NHS ENGLAND SOUTH EAST,BUCKINGHAMSHIRE HEALTHCARE NHS TRUST,10655,15333,4531,4888,271,264,0.6812104610969804,0.5747536367902393
2024-11-01,RXR,NHS ENGLAND NORTH WEST,EAST LANCASHIRE HOSPITALS NHS TRUST,13334,23178,4741,5369,430,1164,0.7683579256191215,0.6444427778611069
2024-11-01,RXW,NHS ENGLAND MIDLANDS,THE SHREWSBURY AND TELFORD HOSPITAL NHS TRUST,10500,12921,6116,6366,358,1562,0.5073136754121198,0.4175238095238095
2024-11-01,RY2,NHS ENGLAND NORTH WEST,BRIDGEWATER COMMUNITY HEALTHCARE NHS FOUNDATION TRUST,0,2989,0,72,0,0,0.9759116761458682,
2024-11-01,RY4,NHS ENGLAND EAST OF ENGLAND,HERTFORDSHIRE COMMUNITY NHS TRUST,0,1002,0,12,0,0,0.9880239520958084,
2024-11-01,RY5,NHS ENGLAND MIDLANDS,LINCOLNSHIRE COMMUNITY HEALTH SERVICES NHS TRUST,0,7988,0,180,0,0,0.9774661992989484,
2024-11-01,RY7,NHS ENGLAND NORTH WEST,WIRRAL COMMUNITY HEALTH AND CARE NHS FOUNDATION TRUST,0,4293,0,153,0,0,0.9643605870020965,
2024-11-01,RY8,NHS ENGLAND MIDLANDS,DERBYSHIRE COMMUNITY HEALTH SERVICES NHS FOUNDATION TRUST,0,6119,0,36,0,0,0.9941166857329629,
2024-11-01,RYF,NHS ENGLAND SOUTH WEST,SOUTH WESTERN AMBULANCE SERVICE NHS FOUNDATION TRUST,0,1581,0,95,0,0,0.9399114484503479,
2024-11-01,RYG,NHS ENGLAND MIDLANDS,COVENTRY AND WARWICKSHIRE PARTNERSHIP NHS TRUST,0,0,0,0,0,0,,
2024-11-01,RYJ,NHS ENGLAND LONDON,IMPERIAL COLLEGE HEALTHCARE NHS TRUST,11799,22805,4774,5280,628,312,0.7684718263538698,0.5953894397830324
2024-11-01,RYR,NHS ENGLAND SOUTH EAST,UNIVERSITY HOSPITALS SUSSEX NHS FOUNDATION TRUST,22593,29331,10126,10742,764,908,0.6337663223210936,0.5518080821493383
2024-11-01,RYX,NHS ENGLAND LONDON,CENTRAL LONDON COMMUNITY HEALTHCARE NHS TRUST,0,12011,0,190,0,0,0.9841811672633419,
2024-11-01,RYY,NHS ENGLAND SOUTH EAST,KENT COMMUNITY HEALTH NHS FOUNDATION TRUST,0,9426,0,20,0,0,0.9978782092085721,
2024-11-01,Y00751,NHS ENGLAND SOUTH EAST,EAST BERKS PRIMARY CARE OOH(WAM),0,0,0,0,0,0,,
2024-11-01,Y02147,NHS ENGLAND LONDON,URGENT CARE CENTRE (QMS),0,7837,0,252,0,0,0.9678448385861937,
2024-11-01,Y02428,NHS ENGLAND EAST OF ENGLAND,PUTNOE WALK IN CENTRE,0,3372,0,0,0,0,1.0,
2024-11-01,Y02532,NHS ENGLAND NORTH WEST,MIRIAM MINOR EMERGENCY,0,1654,0,0,0,0,1.0,
2024-11-01,Y02615,NHS ENGLAND MIDLANDS,SOUTH BIRMINGHAM GP WALK IN CENTRE,0,7178,0,0,0,0,1.0,
2024-11-01,Y02676,NHS ENGLAND SOUTH EAST,BRIGHTON STATION HEALTH CENTRE,0,1925,0,16,0,0,0.9916883116883117,
2024-11-01,Y03007,NHS ENGLAND MIDLANDS,ERDINGTON GP HEALTH & WELLBEING WIC,0,0,0,0,0,0,,
2024-11-01,Y03218,NHS ENGLAND LONDON,THE PINN UNREGISTERED WIC,0,1106,0,0,0,0,1.0,
2024-11-01,Y07709,NHS ENGLAND SOUTH EAST,READING URGENT CARE CENTRE,0,1973,0,0,0,0,1.0,
2024-12-01,8J094,NHS ENGLAND MIDLANDS,BADGER LTD,0,0,0,0,0,0,,
2024-12-01,AAH,NHS ENGLAND SOUTH WEST,TETBURY HOSPITAL TRUST LTD,0,547,0,0,0,0,1.0,
2024-12-01,ACH01,NHS ENGLAND SOUTH EAST,WHITSTABLE MEDICAL PRACTICE,0,5496,0,0,0,0,1.0,
2024-12-01,AD913,NHS ENGLAND LONDON,BECKENHAM BEACON UCC,0,3976,0,76,0,0,0.9808853118712274,
2024-12-01,AJN,NHS ENGLAND NORTH EAST AND YORKSHIRE,WORKINGTON HEALTH LIMITED,0,259,0,0,0,0,1.0,
2024-12-01,AQN04,NHS ENGLAND SOUTH EAST,PHL LYMINGTON UTC,0,2808,0,4,0,0,0.9985754985754985,
2024-12-01,ARN03,NHS ENGLAND NORTH EAST AND YORKSHIRE,LOCAL CARE DIRECT,0,2385,0,9,0,0,0.9962264150943396,
2024-12-01,AXG,NHS ENGLAND SOUTH WEST,WILTSHIRE HEALTH & CARE,0,2149,0,59,0,0,0.9725453699395068,
2024-12-01,C82009,NHS ENGLAND MIDLANDS,MARKET HARBOROUGH MED.CTR,0,228,0,0,0,0,1.0,
2024-12-01,C82038,NHS ENGLAND MIDLANDS,LATHAM HOUSE MEDICAL PRACTICE,0,255,0,0,0,0,1.0,
2024-12-01,C83023,NHS ENGLAND MIDLANDS,SLEAFORD MEDICAL GROUP,0,691,0,0,0,0,1.0,
2024-12-01,DT301,NHS ENGLAND EAST OF ENGLAND,HERTS URGENT CARE (ASCOTS LANE),0,1884,0,38,0,0,0.9798301486199575,
2024-12-01,G0Q0L,NHS ENGLAND LONDON,BARKING HOSPITAL UTC,0,2841,0,35,0,0,0.9876803942273847,
2024-12-01,K6K0R,NHS ENGLAND LONDON,HAROLD WOOD POLYCLINIC UTC,0,2880,0,18,0,0,0.99375,
2024-12-01,L83087,NHS ENGLAND SOUTH WEST,OKEHAMPTON MEDICAL CENTRE,0,62,0,0,0,0,1.0,
2024-12-01,NDJ,NHS ENGLAND SOUTH EAST,FIRST COMMUNITY HEALTH AND CARE CIC,0,2047,0,0,0,0,1.0,
2024-12-01,NL7,NHS ENGLAND MIDLANDS,ASSURA VERTIS URGENT CARE CENTRES (BIRMINGHAM),0,4899,0,0,0,0,1.0,
2024-12-01,NLX,NHS ENGLAND SOUTH WEST,SIRONA CARE & HEALTH,0,7664,0,348,0,0,0.9545929018789144,
2024-12-01,NNF09,NHS ENGLAND NORTH EAST AND YORKSHIRE,BRANSHOLME HEALTH CENTRE,0,3600,0,470,0,0,0.8694444444444445,
2024-12-01,NNF16,NHS ENGLAND NORTH EAST AND YORKSHIRE,BRIDLINGTON HOSPITAL,0,1383,0,65,0,0,0.953000723065799,
2024-12-01,NNF94,NHS ENGLAND NORTH EAST AND YORKSHIRE,EAST RIDING COMMUNITY HOSPITAL,0,2643,0,214,0,0,0.9190314037079077,
2024-12-01,NNFA7,NHS ENGLAND NORTH EAST AND YORKSHIRE,GOOLE & DISTRICT HOSPITAL,0,1536,0,24,0,0,0.984375,
2024-12-01,NNJ,NHS ENGLAND MIDLANDS,DHU HEALTH CARE C.I.C,0,2279,0,0,0,0,1.0,
2024-12-01,NNJ07,NHS ENGLAND MIDLANDS,LOUGHBOROUGH URGENT CARE CENTRE,0,6414,0,38,0,0,0.9940754599314001,
2024-12-01,NNJ0H,NHS ENGLAND MIDLANDS,LLR EA - THE MERLYN VAZ HEALTH & SOCIAL CARE CENTRE,0,172,0,0,0,0,1.0,
2024-12-01,NNJ12,NHS ENGLAND MIDLANDS,MARKET HARBOROUGH,0,134,0,0,0,0,1.0,
2024-12-01,NNJ13,NHS ENGLAND MIDLANDS,MELTON MOWBRAY,0,98,0,0,0,0,1.0,
2024-12-01,NNJ14,NHS ENGLAND MIDLANDS,OADBY,0,529,0,0,0,0,1.0,
2024-12-01,NNJ15,NHS ENGLAND MIDLANDS,OAKHAM,0,74,0,0,0,0,1.0,
2024-12-01,NQT51,NHS ENGLAND SOUTH EAST,STATION PLAZA HEALTH CENTRE,0,1158,0,0,0,0,1.0,
2024-12-01,NQT5F,NHS ENGLAND NORTH WEST,SKELMERSDALE WALK IN CENTRE,0,1855,0,13,0,0,0.9929919137466308,
2024-12-01,NQT5H,NHS ENGLAND SOUTH WEST,PAULTON MEMORIAL HOSPITAL,0,919,0,2,0,0,0.9978237214363439,
2024-12-01,NQTE4,NHS ENGLAND MIDLANDS,SUMMERFIELD URGENT CARE CENTRE,0,3187,0,0,0,0,1.0,
2024-12-01,NR3,NHS ENGLAND MIDLANDS,NOTTINGHAM CITYCARE PARTNERSHIP,0,5522,0,857,0,0,0.844802607750815,
2024-12-01,NTP11,NHS ENGLAND SOUTH EAST,PRACTICE PLUS GROUP HOSPITAL - SOUTHAMPTON,0,5058,0,235,0,0,0.9535389482008699,
2024-12-01,NTPAD,NHS ENGLAND SOUTH EAST,PRACTICE PLUS GROUP SURGICAL CENTRE - ST MARYS PORTSMOUTH,0,5427,0,288,0,0,0.9469320066334992,
2024-12-01,NTV0B,NHS ENGLAND SOUTH EAST,ASHFORD WALK-IN-CENTRE,0,2372,0,170,0,0,0.9283305227655987,
2024-12-01,NTV0W,NHS ENGLAND SOUTH EAST,WOKING WALK IN CENTRE,0,2564,0,45,0,0,0.9824492979719188,
2024-12-01,NV693,NHS ENGLAND NORTH WEST,ROSSENDALE MIU & OOH,0,869,0,0,0,0,1.0,
2024-12-01,R0A,NHS ENGLAND NORTH WEST,MANCHESTER UNIVERSITY NHS FOUNDATION TRUST,25547,38923,12940,13713,4259,462,0.6476890270534131,0.493482600696755
2024-12-01,R0B,NHS ENGLAND NORTH EAST AND YORKSHIRE,SOUTH TYNESIDE AND SUNDERLAND NHS FOUNDATION TRUST,12083,18913,7095,7351,1558,30,0.611325543277111,0.4128113879003559
2024-12-01,R0D,NHS ENGLAND SOUTH WEST,UNIVERSITY HOSPITALS DORSET NHS FOUNDATION TRUST,13366,18240,6548,6548,1155,399,0.6410087719298245,0.510100254376777
2024-12-01,R1D,NHS ENGLAND MIDLANDS,SHROPSHIRE COMMUNITY HEALTH NHS TRUST,0,2692,0,1,0,0,0.99962852897474,
2024-12-01,R1F,NHS ENGLAND SOUTH EAST,ISLE OF WIGHT NHS TRUST,4774,6510,1766,1766,253,91,0.7287250384024577,0.6300795978215333
2024-12-01,R1H,NHS ENGLAND LONDON,BARTS HEALTH NHS TRUST,25805,45008,11989,13365,1156,1199,0.7030527906150017,0.5354001162565394
2024-12-01,R1K,NHS ENGLAND LONDON,LONDON NORTH WEST UNIVERSITY HEALTHCARE NHS TRUST,14095,29158,8643,9007,808,615,0.6910967830441046,0.3868038311457964
2024-12-01,RA2,NHS ENGLAND SOUTH EAST,ROYAL SURREY COUNTY HOSPITAL NHS FOUNDATION TRUST,6551,7821,2291,2291,429,4,0.7070707070707071,0.6502823996336438
2024-12-01,RA7,NHS ENGLAND SOUTH WEST,UNIVERSITY HOSPITALS BRISTOL AND WESTON NHS FOUNDATION TRUST,15827,17953,6647,6772,1326,695,0.6227928479919791,0.5800214822771214
2024-12-01,RA9,NHS ENGLAND SOUTH WEST,TORBAY AND SOUTH DEVON NHS FOUNDATION TRUST,6285,9225,3208,3250,374,80,0.6476964769647697,0.4895783611774065
2024-12-01,RAE,NHS ENGLAND NORTH EAST AND YORKSHIRE,BRADFORD TEACHING HOSPITALS NHS FOUNDATION TRUST,10047,14180,2711,2711,766,120,0.8088152327221438,0.730168209415746
2024-12-01,RAJ,NHS ENGLAND EAST OF ENGLAND,MID AND SOUTH ESSEX NHS FOUNDATION TRUST,31192,36497,12755,13038,3044,256,0.6427651587801737,0.5910810464221595
2024-12-01,RAL,NHS ENGLAND LONDON,ROYAL FREE LONDON NHS FOUNDATION TRUST,17780,26975,5720,5922,1067,934,0.7804633920296571,0.6782902137232846
2024-12-01,RAN,NHS ENGLAND LONDON,ROYAL NATIONAL ORTHOPAEDIC HOSPITAL NHS TRUST,0,0,0,0,0,0,,
2024-12-01,RAP,NHS ENGLAND LONDON,NORTH MIDDLESEX UNIVERSITY HOSPITAL NHS TRUST,8518,16474,4980,6000,250,853,0.6357897292703654,0.4153557173045316
2024-12-01,RAS,NHS ENGLAND LONDON,THE HILLINGDON HOSPITALS NHS FOUNDATION TRUST,6404,13118,3832,3987,724,43,0.6960664735477969,0.40162398500936913
2024-12-01,RAX,NHS ENGLAND LONDON,KINGSTON AND RICHMOND NHS FOUNDATION TRUST,7469,15857,4007,4245,274,478,0.7322948855395094,0.4635158655777213
2024-12-01,RBD,NHS ENGLAND SOUTH WEST,DORSET COUNTY HOSPITAL NHS FOUNDATION TRUST,4150,4150,2053,2053,264,42,0.5053012048192771,0.5053012048192771
2024-12-01,RBK,NHS ENGLAND MIDLANDS,WALSALL HEALTHCARE NHS TRUST,9777,14427,3739,3886,1297,240,0.7306439315172939,0.6175718523064335
2024-12-01,RBL,NHS ENGLAND NORTH WEST,WIRRAL UNIVERSITY TEACHING HOSPITAL NHS FOUNDATION TRUST,7469,10625,4066,4159,401,794,0.6085647058823529,0.4556165484000535
2024-12-01,RBN,NHS ENGLAND NORTH WEST,MERSEY AND WEST LANCASHIRE TEACHING HOSPITALS NHS TRUST,16950,24131,6749,6963,594,426,0.7114500020720236,0.6018289085545723
2024-12-01,RBQ,NHS ENGLAND NORTH WEST,LIVERPOOL HEART AND CHEST HOSPITAL NHS FOUNDATION TRUST,0,0,0,0,0,0,,
2024-12-01,RBS,NHS ENGLAND NORTH WEST,ALDER HEY CHILDREN'S NHS FOUNDATION TRUST,6181,6181,1180,1180,0,0,0.8090923798738068,0.8090923798738068
2024-12-01,RBT,NHS ENGLAND NORTH WEST,MID CHESHIRE HOSPITALS NHS FOUNDATION TRUST,7274,9958,4418,4555,683,609,0.5425788310905804,0.39263128952433324
2024-12-01,RBV,NHS ENGLAND NORTH WEST,THE CHRISTIE NHS FOUNDATION TRUST,0,0,0,0,0,0,,
2024-12-01,RC9,NHS ENGLAND EAST OF ENGLAND,BEDFORDSHIRE HOSPITALS NHS FOUNDATION TRUST,16743,26366,7825,7825,81,82,0.703216263369491,0.5326405064803201
2024-12-01,RCB,NHS ENGLAND NORTH EAST AND YORKSHIRE,YORK AND SCARBOROUGH TEACHING HOSPITALS NHS FOUNDATION TRUST,10763,16698,6317,6512,772,1057,0.6100131752305665,0.413081854501533
2024-12-01,RCD,NHS ENGLAND NORTH EAST AND YORKSHIRE,HARROGATE AND DISTRICT NHS FOUNDATION TRUST,5167,6006,1999,1999,436,108,0.6671661671661672,0.6131217340816721
2024-12-01,RCF,NHS ENGLAND NORTH EAST AND YORKSHIRE,AIREDALE NHS FOUNDATION TRUST,5809,6011,2489,2489,453,150,0.5859258026950591,0.5715269409536925
2024-12-01,RCU,NHS ENGLAND NORTH EAST AND YORKSHIRE,SHEFFIELD CHILDREN'S NHS FOUNDATION TRUST,4994,5638,601,609,26,0,0.8919829726853494,0.8796555867040449
2024-12-01,RCX,NHS ENGLAND EAST OF ENGLAND,"THE QUEEN ELIZABETH HOSPITAL, KING'S LYNN, NHS FOUNDATION TRUST",7060,8368,3458,3458,352,129,0.5867590822179732,0.5101983002832862
2024-12-01,RD1,NHS ENGLAND SOUTH WEST,ROYAL UNITED HOSPITALS BATH NHS FOUNDATION TRUST,8580,8580,3891,3891,798,142,0.5465034965034965,0.5465034965034965
2024-12-01,RD8,NHS ENGLAND EAST OF ENGLAND,MILTON KEYNES UNIVERSITY HOSPITAL NHS FOUNDATION TRUST,8531,14377,4004,4542,916,0,0.6840787368713919,0.5306529129058727
2024-12-01,RDE,NHS ENGLAND EAST OF ENGLAND,EAST SUFFOLK AND NORTH ESSEX NHS FOUNDATION TRUST,13344,28950,7644,8015,1239,851,0.7231433506044904,0.427158273381295
2024-12-01,RDR,NHS ENGLAND SOUTH EAST,SUSSEX COMMUNITY NHS FOUNDATION TRUST,0,11386,0,139,0,0,0.9877920252942209,
2024-12-01,RDU,NHS ENGLAND SOUTH EAST,FRIMLEY HEALTH NHS FOUNDATION TRUST,23744,35788,9813,10161,1562,328,0.7160780149770873,0.5867166442048517
2024-12-01,RDY,NHS ENGLAND SOUTH WEST,DORSET HEALTHCARE UNIVERSITY NHS FOUNDATION TRUST,0,0,0,0,0,0,,
2024-12-01,REF,NHS ENGLAND SOUTH WEST,ROYAL CORNWALL HOSPITALS NHS TRUST,6184,17054,3081,3897,597,468,0.7714905593995544,0.5017787839586029
2024-12-01,REM,NHS ENGLAND NORTH WEST,LIVERPOOL UNIVERSITY HOSPITALS NHS FOUNDATION TRUST,15507,24872,7663,7981,2090,1167,0.6791170794467675,0.5058360740310828
2024-12-01,REP,NHS ENGLAND NORTH WEST,LIVERPOOL WOMEN'S NHS FOUNDATION TRUST,0,1416,0,168,0,0,0.8813559322033898,
2024-12-01,RET,NHS ENGLAND NORTH WEST,THE WALTON CENTRE NHS FOUNDATION TRUST,0,0,0,0,0,0,,
2024-12-01,RF4,NHS ENGLAND LONDON,"BARKING, HAVERING AND REDBRIDGE UNIVERSITY HOSPITALS NHS TRUST",14055,30834,6446,6804,727,951,0.7793345008756567,0.5413731768054073
2024-12-01,RFF,NHS ENGLAND NORTH EAST AND YORKSHIRE,BARNSLEY HOSPITAL NHS FOUNDATION TRUST,9184,9184,3487,3487,841,5,0.6203179442508711,0.6203179442508711
2024-12-01,RFR,NHS ENGLAND NORTH EAST AND YORKSHIRE,THE ROTHERHAM NHS FOUNDATION TRUST,9222,9222,3883,3883,727,74,0.5789416612448492,0.5789416612448492
2024-12-01,RFS,NHS ENGLAND MIDLANDS,CHESTERFIELD ROYAL HOSPITAL NHS FOUNDATION TRUST,6779,13120,3605,3887,1051,235,0.703734756097561,0.4682106505384275
2024-12-01,RGN,NHS ENGLAND EAST OF ENGLAND,NORTH WEST ANGLIA NHS FOUNDATION TRUST,15552,19854,7545,7833,591,710,0.6054699304925959,0.5148533950617284
2024-12-01,RGP,NHS ENGLAND EAST OF ENGLAND,JAMES PAGET UNIVERSITY HOSPITALS NHS FOUNDATION TRUST,7082,8549,3242,3242,532,428,0.6207743595742192,0.542219711945778
2024-12-01,RGR,NHS ENGLAND EAST OF ENGLAND,WEST SUFFOLK NHS FOUNDATION TRUST,7916,8701,3316,3316,441,696,0.6188943799563269,0.5811015664477008
2024-12-01,RGT,NHS ENGLAND EAST OF ENGLAND,CAMBRIDGE UNIVERSITY HOSPITALS NHS FOUNDATION TRUST,10649,16049,5205,5289,605,606,0.6704467568072777,0.5112217109587756
2024-12-01,RH5,NHS ENGLAND SOUTH WEST,SOMERSET NHS FOUNDATION TRUST,12984,22191,6927,7169,754,349,0.6769411022486593,0.4664972273567468
2024-12-01,RH8,NHS ENGLAND SOUTH WEST,ROYAL DEVON UNIVERSITY HEALTHCARE NHS FOUNDATION TRUST,12262,16226,5734,5746,1768,135,0.6458769875508443,0.5323764475615723
2024-12-01,RHM,NHS ENGLAND SOUTH EAST,UNIVERSITY HOSPITAL SOUTHAMPTON NHS FOUNDATION TRUST,12323,13418,5590,5672,355,9,0.5772842450439708,0.5463766939868538
2024-12-01,RHQ,NHS ENGLAND NORTH EAST AND YORKSHIRE,SHEFFIELD TEACHING HOSPITALS NHS FOUNDATION TRUST,9084,17582,5322,5815,1469,14,0.6692640200204755,0.4141347424042272
2024-12-01,RHU,NHS ENGLAND SOUTH EAST,PORTSMOUTH HOSPITALS UNIVERSITY NATIONAL HEALTH SERVICE TRUST,10244,13699,5116,5228,1513,118,0.6183663041097891,0.500585708707536
2024-12-01,RHW,NHS ENGLAND SOUTH EAST,ROYAL BERKSHIRE NHS FOUNDATION TRUST,11028,14884,4966,4976,847,7,0.6656812684762161,0.5496916938701487
2024-12-01,RJ1,NHS ENGLAND LONDON,GUY'S AND ST THOMAS' NHS FOUNDATION TRUST,10355,17305,4559,4831,239,87,0.7208321294423576,0.5597295992274264
2024-12-01,RJ2,NHS ENGLAND LONDON,LEWISHAM AND GREENWICH NHS TRUST,14817,26110,7982,9364,1245,731,0.6413634622749904,0.4612944590672876
2024-12-01,RJ6,NHS ENGLAND LONDON,CROYDON HEALTH SERVICES NHS TRUST,13668,19204,5528,5528,370,666,0.712143303478442,0.5955516534972198
2024-12-01,RJ7,NHS ENGLAND LONDON,ST GEORGE'S UNIVERSITY HOSPITALS NHS FOUNDATION TRUST,9025,12100,2419,2419,622,747,0.8000826446280992,0.7319667590027701
2024-12-01,RJ8,NHS ENGLAND SOUTH WEST,CORNWALL PARTNERSHIP NHS FOUNDATION TRUST,0,0,0,0,0,0,,
2024-12-01,RJC,NHS ENGLAND MIDLANDS,SOUTH WARWICKSHIRE UNIVERSITY NHS FOUNDATION TRUST,8418,8694,3584,3584,493,136,0.5877616747181964,0.5742456640532193
2024-12-01,RJE,NHS ENGLAND MIDLANDS,UNIVERSITY HOSPITALS OF NORTH MIDLANDS NHS TRUST,13450,22223,8022,8374,964,1235,0.6231831885883994,0.4035687732342007
2024-12-01,RJL,NHS ENGLAND NORTH EAST AND YORKSHIRE,NORTHERN LINCOLNSHIRE AND GOOLE NHS FOUNDATION TRUST,9302,16031,5160,5207,584,879,0.6751918158567776,0.44528058482046873
2024-12-01,RJN,NHS ENGLAND NORTH WEST,EAST CHESHIRE NHS TRUST,4448,4448,2292,2292,209,407,0.4847122302158273,0.4847122302158273
2024-12-01,RJR,NHS ENGLAND NORTH WEST,COUNTESS OF CHESTER HOSPITAL NHS FOUNDATION TRUST,5166,7320,2975,3261,258,647,0.5545081967213115,0.42411924119241196
2024-12-01,RJZ,NHS ENGLAND LONDON,KING'S COLLEGE HOSPITAL NHS FOUNDATION TRUST,15408,24662,6995,7288,1695,972,0.7044846322277187,0.5460150571131879
2024-12-01,RK5,NHS ENGLAND MIDLANDS,SHERWOOD FOREST HOSPITALS NHS FOUNDATION TRUST,10440,16315,5527,6259,886,294,0.6163653079987741,0.47059386973180073
2024-12-01,RK9,NHS ENGLAND SOUTH WEST,UNIVERSITY HOSPITALS PLYMOUTH NHS TRUST,9586,14332,5072,5206,488,627,0.6367569076193134,0.470895055288963
2024-12-01,RKB,NHS ENGLAND MIDLANDS,UNIVERSITY HOSPITALS COVENTRY AND WARWICKSHIRE NHS TRUST,12631,19959,5975,6638,77,27,0.6674182073250163,0.5269574855514212
2024-12-01,RKE,NHS ENGLAND LONDON,WHITTINGTON HEALTH NHS TRUST,9388,9388,3013,3013,233,381,0.6790583723902854,0.6790583723902854
2024-12-01,RL1,NHS ENGLAND MIDLANDS,THE ROBERT JONES AND AGNES HUNT ORTHOPAEDIC HOSPITAL NHS FOUNDATION TRUST,0,0,0,0,0,0,,
2024-12-01,RL4,NHS ENGLAND MIDLANDS,THE ROYAL WOLVERHAMPTON NHS TRUST,12259,21972,4342,4822,791,809,0.780538867649736,0.6458112407211029
2024-12-01,RLQ,NHS ENGLAND MIDLANDS,WYE VALLEY NHS TRUST,6159,7208,2675,2675,436,232,0.6288845726970034,0.5656762461438545
2024-12-01,RLT,NHS ENGLAND MIDLANDS,GEORGE ELIOT HOSPITAL NHS TRUST,7472,9098,2886,2891,507,345,0.6822378544735106,0.6137580299785867
2024-12-01,RM1,NHS ENGLAND EAST OF ENGLAND,NORFOLK AND NORWICH UNIVERSITY HOSPITALS NHS FOUNDATION TRUST,12479,21215,4166,4167,1004,372,0.8035823709639406,0.6661591473675775
2024-12-01,RM3,NHS ENGLAND NORTH WEST,NORTHERN CARE ALLIANCE NHS FOUNDATION TRUST,25637,35185,11892,12466,1228,1213,0.6457012931647008,0.5361391738502945
2024-12-01,RMC,NHS ENGLAND NORTH WEST,BOLTON NHS FOUNDATION TRUST,8125,11680,4308,4492,462,638,0.6154109589041096,0.46978461538461536
2024-12-01,RMP,NHS ENGLAND NORTH WEST,TAMESIDE AND GLOSSOP INTEGRATED CARE NHS FOUNDATION TRUST,8801,12329,4686,4801,317,805,0.6105929110227918,0.46756050448812636
2024-12-01,RN3,NHS ENGLAND SOUTH WEST,GREAT WESTERN HOSPITALS NHS FOUNDATION TRUST,5708,11067,2406,2799,549,292,0.7470859311466522,0.5784863349684652
2024-12-01,RN5,NHS ENGLAND SOUTH EAST,HAMPSHIRE HOSPITALS NHS FOUNDATION TRUST,11092,13741,5667,5755,366,115,0.5811804089949786,0.4890912369275153
2024-12-01,RN7,NHS ENGLAND SOUTH EAST,DARTFORD AND GRAVESHAM NHS TRUST,12287,16288,4429,4492,589,304,0.7242141453831041,0.6395377227964516
2024-12-01,RNA,NHS ENGLAND MIDLANDS,THE DUDLEY GROUP NHS FOUNDATION TRUST,9333,14604,2747,3364,1961,93,0.7696521500958642,0.7056680595735563
2024-12-01,RNN,NHS ENGLAND NORTH EAST AND YORKSHIRE,NORTH CUMBRIA INTEGRATED CARE NHS FOUNDATION TRUST,8890,10736,3988,4018,823,407,0.6257451564828613,0.5514060742407199
2024-12-01,RNQ,NHS ENGLAND MIDLANDS,KETTERING GENERAL HOSPITAL NHS FOUNDATION TRUST,10450,20273,4357,4787,1454,0,0.7638731317515908,0.5830622009569377
2024-12-01,RNS,NHS ENGLAND MIDLANDS,NORTHAMPTON GENERAL HOSPITAL NHS TRUST,9144,12303,4028,4443,500,874,0.6388685686417948,0.5594925634295713
2024-12-01,RNU,NHS ENGLAND SOUTH EAST,OXFORD HEALTH NHS FOUNDATION TRUST,0,3042,0,256,0,0,0.9158448389217619,
2024-12-01,RNZ,NHS ENGLAND SOUTH WEST,SALISBURY NHS FOUNDATION TRUST,4682,7112,2262,2262,401,11,0.6819460067491563,0.5168731311405382
2024-12-01,RP5,NHS ENGLAND NORTH EAST AND YORKSHIRE,DONCASTER AND BASSETLAW TEACHING HOSPITALS NHS FOUNDATION TRUST,13547,17876,5359,5361,1212,288,0.7001006936674872,0.6044142614601018
2024-12-01,RP6,NHS ENGLAND LONDON,MOORFIELDS EYE HOSPITAL NHS FOUNDATION TRUST,0,5063,0,81,0,0,0.9840015800908553,
2024-12-01,RPA,NHS ENGLAND SOUTH EAST,MEDWAY NHS FOUNDATION TRUST,8605,15343,3619,4324,341,771,0.7181776705989702,0.579430563625799
2024-12-01,RPC,NHS ENGLAND SOUTH EAST,QUEEN VICTORIA HOSPITAL NHS FOUNDATION TRUST,0,1316,0,5,0,0,0.9962006079027356,
2024-12-01,RQ3,NHS ENGLAND MIDLANDS,BIRMINGHAM WOMEN'S AND CHILDREN'S NHS FOUNDATION TRUST,5924,5924,2003,2003,1,44,0.661883862255233,0.661883862255233
2024-12-01,RQM,NHS ENGLAND LONDON,CHELSEA AND WESTMINSTER HOSPITAL NHS FOUNDATION TRUST,20077,26808,6433,6672,1078,62,0.7511190689346463,0.6795836031279574
2024-12-01,RQW,NHS ENGLAND EAST OF ENGLAND,THE PRINCESS ALEXANDRA HOSPITAL NHS TRUST,8022,10251,4949,4949,584,289,0.5172178324065945,0.3830715532286213
2024-12-01,RQX,NHS ENGLAND LONDON,HOMERTON HEALTHCARE NHS FOUNDATION TRUST,11152,11152,2904,2904,275,30,0.7395982783357246,0.7395982783357246
2024-12-01,RR7,NHS ENGLAND NORTH EAST AND YORKSHIRE,GATESHEAD HEALTH NHS FOUNDATION TRUST,6573,9847,3334,3384,1227,30,0.6563420331065299,0.49277346721436177
2024-12-01,RR8,NHS ENGLAND NORTH EAST AND YORKSHIRE,LEEDS TEACHING HOSPITALS NHS TRUST,17787,30763,8073,8279,1622,678,0.7308780027955661,0.5461291954798448
2024-12-01,RRF,NHS ENGLAND NORTH WEST,"WRIGHTINGTON, WIGAN AND LEIGH NHS FOUNDATION TRUST",7302,12914,4001,4090,1155,508,0.683289453306489,0.45206792659545325
2024-12-01,RRK,NHS ENGLAND MIDLANDS,UNIVERSITY HOSPITALS BIRMINGHAM NHS FOUNDATION TRUST,35503,37216,15632,15651,2940,1894,0.5794550730868444,0.5596991803509563
2024-12-01,RRV,NHS ENGLAND LONDON,UNIVERSITY COLLEGE LONDON HOSPITALS NHS FOUNDATION TRUST,12822,12822,3911,3911,392,184,0.6949773826236156,0.6949773826236156
2024-12-01,RTD,NHS ENGLAND NORTH EAST AND YORKSHIRE,THE NEWCASTLE UPON TYNE HOSPITALS NHS FOUNDATION TRUST,12259,19262,5013,5080,639,53,0.7362683002803447,0.5910759442042581
2024-12-01,RTE,NHS ENGLAND SOUTH WEST,GLOUCESTERSHIRE HOSPITALS NHS FOUNDATION TRUST,13604,13604,5318,5318,444,536,0.6090855630696854,0.6090855630696854
2024-12-01,RTF,NHS ENGLAND NORTH EAST AND YORKSHIRE,NORTHUMBRIA HEALTHCARE NHS FOUNDATION TRUST,10600,22902,3335,3343,145,6,0.8540302157016855,0.685377358490566
2024-12-01,RTG,NHS ENGLAND MIDLANDS,UNIVERSITY HOSPITALS OF DERBY AND BURTON NHS FOUNDATION TRUST,19558,29794,9741,9745,1043,1279,0.6729207222930791,0.501942938950813
2024-12-01,RTH,NHS ENGLAND SOUTH EAST,OXFORD UNIVERSITY HOSPITALS NHS FOUNDATION TRUST,12478,16517,5477,5492,977,0,0.6674940969909791,0.5610674787626222
2024-12-01,RTK,NHS ENGLAND SOUTH EAST,ASHFORD AND ST PETER'S HOSPITALS NHS FOUNDATION TRUST,10917,10917,4022,4022,558,336,0.6315837684345516,0.6315837684345516
2024-12-01,RTP,NHS ENGLAND SOUTH EAST,SURREY AND SUSSEX HEALTHCARE NHS TRUST,11305,11305,5040,5040,662,525,0.5541795665634675,0.5541795665634675
2024-12-01,RTQ,NHS ENGLAND SOUTH WEST,GLOUCESTERSHIRE HEALTH AND CARE NHS FOUNDATION TRUST,0,7577,0,56,0,0,0.9926092120892174,
2024-12-01,RTR,NHS ENGLAND NORTH EAST AND YORKSHIRE,SOUTH TEES HOSPITALS NHS FOUNDATION TRUST,7836,16823,4422,5165,622,104,0.6929798490162278,0.43568147013782543
2024-12-01,RTX,NHS ENGLAND NORTH WEST,UNIVERSITY HOSPITALS OF MORECAMBE BAY NHS FOUNDATION TRUST,9034,12250,3256,3342,670,550,0.7271836734693877,0.6395837945539075
2024-12-01,RV9,NHS ENGLAND NORTH EAST AND YORKSHIRE,HUMBER TEACHING NHS FOUNDATION TRUST,0,1102,0,5,0,0,0.9954627949183303,
2024-12-01,RVJ,NHS ENGLAND SOUTH WEST,NORTH BRISTOL NHS TRUST,8633,8633,3596,3596,564,352,0.583458820803892,0.583458820803892
2024-12-01,RVR,NHS ENGLAND LONDON,EPSOM AND ST HELIER UNIVERSITY HOSPITALS NHS TRUST,11728,13319,3726,3843,357,741,0.711464824686538,0.6822987721691678
2024-12-01,RVV,NHS ENGLAND SOUTH EAST,EAST KENT HOSPITALS UNIVERSITY NHS FOUNDATION TRUST,14042,26670,6359,6815,587,1326,0.744469441319835,0.54714428144139
2024-12-01,RVW,NHS ENGLAND NORTH EAST AND YORKSHIRE,NORTH TEES AND HARTLEPOOL NHS FOUNDATION TRUST,5315,17631,3315,3359,265,36,0.8094832964664511,0.3762935089369709
2024-12-01,RW1,NHS ENGLAND SOUTH EAST,HAMPSHIRE AND ISLE OF WIGHT HEALTHCARE NHS FOUNDATION TRUST,0,2915,0,51,0,0,0.9825042881646655,
2024-12-01,RW4,NHS ENGLAND NORTH WEST,MERSEY CARE NHS FOUNDATION TRUST,0,13451,0,346,0,0,0.9742770054271058,
2024-12-01,RWA,NHS ENGLAND NORTH EAST AND YORKSHIRE,HULL UNIVERSITY TEACHING HOSPITALS NHS TRUST,9511,14063,6118,6448,890,776,0.5414918580672687,0.3567448217853012
2024-12-01,RWD,NHS ENGLAND MIDLANDS,UNITED LINCOLNSHIRE TEACHING HOSPITALS NHS TRUST,11294,21219,6830,8394,1093,1049,0.6044111409585748,0.39525411723038784
2024-12-01,RWE,NHS ENGLAND MIDLANDS,UNIVERSITY HOSPITALS OF LEICESTER NHS TRUST,22293,24149,9688,9849,1588,953,0.5921570251356163,0.5654241241645359
2024-12-01,RWF,NHS ENGLAND SOUTH EAST,MAIDSTONE AND TUNBRIDGE WELLS NHS TRUST,19326,21538,4476,4507,938,171,0.7907419444702386,0.7683949084135362
2024-12-01,RWG,NHS ENGLAND EAST OF ENGLAND,WEST HERTFORDSHIRE TEACHING HOSPITALS NHS TRUST,8756,15999,3605,3986,808,21,0.7508594287142947,0.588282320694381
2024-12-01,RWH,NHS ENGLAND EAST OF ENGLAND,EAST AND NORTH HERTFORDSHIRE NHS TRUST,9297,16900,5480,5648,681,247,0.6657988165680473,0.41056254705819084
2024-12-01,RWJ,NHS ENGLAND NORTH WEST,STOCKPORT NHS FOUNDATION TRUST,7831,8882,3273,3320,720,479,0.6262103129925692,0.5820457157451155
2024-12-01,RWP,NHS ENGLAND MIDLANDS,WORCESTERSHIRE ACUTE HOSPITALS NHS TRUST,13483,18359,8592,8630,1186,525,0.5299308241189608,0.3627530964918787
2024-12-01,RWW,NHS ENGLAND NORTH WEST,WARRINGTON AND HALTON TEACHING HOSPITALS NHS FOUNDATION TRUST,6888,9784,3615,3662,772,687,0.6257154538021259,0.4751742160278746
2024-12-01,RWX,NHS ENGLAND SOUTH EAST,BERKSHIRE HEALTHCARE NHS FOUNDATION TRUST,0,1133,0,11,0,0,0.9902912621359223,
2024-12-01,RWY,NHS ENGLAND NORTH EAST AND YORKSHIRE,CALDERDALE AND HUDDERSFIELD NHS FOUNDATION TRUST,16032,16032,5838,5838,1353,19,0.6358532934131736,0.6358532934131736
2024-12-01,RX1,NHS ENGLAND MIDLANDS,NOTTINGHAM UNIVERSITY HOSPITALS NHS TRUST,16345,18238,9494,9653,309,578,0.47072047373615533,0.41914958702967264
2024-12-01,RXC,NHS ENGLAND SOUTH EAST,EAST SUSSEX HEALTHCARE NHS TRUST,8642,10690,4456,4545,275,42,0.5748362956033677,0.484378616061097
2024-12-01,RXF,NHS ENGLAND NORTH EAST AND YORKSHIRE,MID YORKSHIRE TEACHING NHS TRUST,16641,22636,7307,7857,2316,923,0.6528980385227072,0.5609037918394327
2024-12-01,RXG,NHS ENGLAND NORTH EAST AND YORKSHIRE,SOUTH WEST YORKSHIRE PARTNERSHIP NHS FOUNDATION TRUST,0,0,0,0,0,0,,
2024-12-01,RXK,NHS ENGLAND MIDLANDS,SANDWELL AND WEST BIRMINGHAM HOSPITALS NHS TRUST,11365,21682,5386,6316,750,228,0.7086984595517019,0.5260888693356798
2024-12-01,RXL,NHS ENGLAND NORTH WEST,BLACKPOOL TEACHING HOSPITALS NHS FOUNDATION TRUST,9075,18759,4300,4410,438,748,0.7649128418359188,0.5261707988980716
2024-12-01,RXN,NHS ENGLAND NORTH WEST,LANCASHIRE TEACHING HOSPITALS NHS FOUNDATION TRUST,12019,15682,4565,4681,1040,454,0.701504910087999,0.6201847075463849
2024-12-01,RXP,NHS ENGLAND NORTH EAST AND YORKSHIRE,COUNTY DURHAM AND DARLINGTON NHS FOUNDATION TRUST,12913,17327,5933,5933,2346,17,0.6575864258094304,0.5405405405405406
2024-12-01,RXQ,NHS ENGLAND SOUTH EAST,BUCKINGHAMSHIRE HEALTHCARE NHS TRUST,10785,15552,4498,4911,313,274,0.6842206790123457,0.5829392675011591
2024-12-01,RXR,NHS ENGLAND NORTH WEST,EAST LANCASHIRE HOSPITALS NHS TRUST,13318,23141,5103,5925,596,1156,0.7439609351367702,0.6168343595134405
2024-12-01,RXW,NHS ENGLAND MIDLANDS,THE SHREWSBURY AND TELFORD HOSPITAL NHS TRUST,10473,13308,6330,6615,408,1494,0.5029305680793508,0.39558865654540243
2024-12-01,RY2,NHS ENGLAND NORTH WEST,BRIDGEWATER COMMUNITY HEALTHCARE NHS FOUNDATION TRUST,0,3029,0,155,0,0,0.9488279960382965,
2024-12-01,RY4,NHS ENGLAND EAST OF ENGLAND,HERTFORDSHIRE COMMUNITY NHS TRUST,0,899,0,20,0,0,0.9777530589543938,
2024-12-01,RY5,NHS ENGLAND MIDLANDS,LINCOLNSHIRE COMMUNITY HEALTH SERVICES NHS TRUST,0,8592,0,324,0,0,0.9622905027932961,
2024-12-01,RY7,NHS ENGLAND NORTH WEST,WIRRAL COMMUNITY HEALTH AND CARE NHS FOUNDATION TRUST,0,4247,0,236,0,0,0.9444313633152813,
2024-12-01,RY8,NHS ENGLAND MIDLANDS,DERBYSHIRE COMMUNITY HEALTH SERVICES NHS FOUNDATION TRUST,0,6211,0,43,0,0,0.9930767992271776,
2024-12-01,RYF,NHS ENGLAND SOUTH WEST,SOUTH WESTERN AMBULANCE SERVICE NHS FOUNDATION TRUST,0,1608,0,127,0,0,0.9210199004975125,
2024-12-01,RYG,NHS ENGLAND MIDLANDS,COVENTRY AND WARWICKSHIRE PARTNERSHIP NHS TRUST,0,0,0,0,0,0,,
2024-12-01,RYJ,NHS ENGLAND LONDON,IMPERIAL COLLEGE HEALTHCARE NHS TRUST,12417,23154,5230,5872,726,409,0.7463937116696899,0.57880325360393
2024-12-01,RYR,NHS ENGLAND SOUTH EAST,UNIVERSITY HOSPITALS SUSSEX NHS FOUNDATION TRUST,23249,28837,10412,10904,600,800,0.6218746748968339,0.5521527807647642
2024-12-01,RYX,NHS ENGLAND LONDON,CENTRAL LONDON COMMUNITY HEALTHCARE NHS TRUST,0,12179,0,342,0,0,0.9719188767550702,
2024-12-01,RYY,NHS ENGLAND SOUTH EAST,KENT COMMUNITY HEALTH NHS FOUNDATION TRUST,0,9337,0,43,0,0,0.9953946663810646,
2024-12-01,Y00751,NHS ENGLAND SOUTH EAST,EAST BERKS PRIMARY CARE OOH(WAM),0,0,0,0,0,0,,
2024-12-01,Y02147,NHS ENGLAND LONDON,URGENT CARE CENTRE (QMS),0,8134,0,240,0,0,0.9704942217850996,
2024-12-01,Y02428,NHS ENGLAND EAST OF ENGLAND,PUTNOE WALK IN CENTRE,0,4070,0,0,0,0,1.0,
2024-12-01,Y02532,NHS ENGLAND NORTH WEST,MIRIAM MINOR EMERGENCY,0,1687,0,0,0,0,1.0,
2024-12-01,Y02615,NHS ENGLAND MIDLANDS,SOUTH BIRMINGHAM GP WALK IN CENTRE,0,7704,0,0,0,0,1.0,
2024-12-01,Y02676,NHS ENGLAND SOUTH EAST,BRIGHTON STATION HEALTH CENTRE,0,1820,0,0,0,0,1.0,
2024-12-01,Y03007,NHS ENGLAND MIDLANDS,ERDINGTON GP HEALTH & WELLBEING WIC,0,0,0,0,0,0,,
2024-12-01,Y03218,NHS ENGLAND LONDON,THE PINN UNREGISTERED WIC,0,1035,0,0,0,0,1.0,
2024-12-01,Y07709,NHS ENGLAND SOUTH EAST,READING URGENT CARE CENTRE,0,2022,0,0,0,0,1.0,
2025-01-01,8J094,NHS ENGLAND MIDLANDS,BADGER LTD,0,0,0,0,0,0,,
2025-01-01,AAH,NHS ENGLAND SOUTH WEST,TETBURY HOSPITAL TRUST LTD,0,599,0,0,0,0,1.0,
2025-01-01,ACH01,NHS ENGLAND SOUTH EAST,WHITSTABLE MEDICAL PRACTICE,0,5162,0,0,0,0,1.0,
2025-01-01,AD913,NHS ENGLAND LONDON,BECKENHAM BEACON UCC,0,3770,0,33,0,0,0.9912466843501326,
2025-01-01,AJN,NHS ENGLAND NORTH EAST AND YORKSHIRE,WORKINGTON HEALTH LIMITED,0,313,0,0,0,0,1.0,
2025-01-01,AQN04,NHS ENGLAND SOUTH EAST,PHL LYMINGTON UTC,0,2652,0,3,0,0,0.998868778280543,
2025-01-01,ARN03,NHS ENGLAND NORTH EAST AND YORKSHIRE,LOCAL CARE DIRECT,0,2035,0,9,0,0,0.9955773955773956,
2025-01-01,AXG,NHS ENGLAND SOUTH WEST,WILTSHIRE HEALTH & CARE,0,2116,0,9,0,0,0.9957466918714556,
2025-01-01,C82009,NHS ENGLAND MIDLANDS,MARKET HARBOROUGH MED.CTR,0,247,0,0,0,0,1.0,
2025-01-01,C82038,NHS ENGLAND MIDLANDS,LATHAM HOUSE MEDICAL PRACTICE,0,305,0,0,0,0,1.0,
2025-01-01,C83023,NHS ENGLAND MIDLANDS,SLEAFORD MEDICAL GROUP,0,495,0,0,0,0,1.0,
2025-01-01,DT301,NHS ENGLAND EAST OF ENGLAND,HERTS URGENT CARE (ASCOTS LANE),0,2063,0,56,0,0,0.9728550654386815,
2025-01-01,G0Q0L,NHS ENGLAND LONDON,BARKING HOSPITAL UTC,0,2777,0,12,0,0,0.9956787900612172,
2025-01-01,K6K0R,NHS ENGLAND LONDON,HAROLD WOOD POLYCLINIC UTC,0,2825,0,4,0,0,0.9985840707964602,
2025-01-01,L83087,NHS ENGLAND SOUTH WEST,OKEHAMPTON MEDICAL CENTRE,0,77,0,0,0,0,1.0,
2025-01-01,NDJ,NHS ENGLAND SOUTH EAST,FIRST COMMUNITY HEALTH AND CARE CIC,0,2070,0,0,0,0,1.0,
2025-01-01,NL7,NHS ENGLAND MIDLANDS,ASSURA VERTIS URGENT CARE CENTRES (BIRMINGHAM),0,4432,0,0,0,0,1.0,
2025-01-01,NLX,NHS ENGLAND SOUTH WEST,SIRONA CARE & HEALTH,0,7710,0,333,0,0,0.9568093385214008,
2025-01-01,NNF09,NHS ENGLAND NORTH EAST AND YORKSHIRE,BRANSHOLME HEALTH CENTRE,0,3572,0,339,0,0,0.9050951847704367,
2025-01-01,NNF16,NHS ENGLAND NORTH EAST AND YORKSHIRE,BRIDLINGTON HOSPITAL,0,1306,0,26,0,0,0.9800918836140888,
2025-01-01,NNF94,NHS ENGLAND NORTH EAST AND YORKSHIRE,EAST RIDING COMMUNITY HOSPITAL,0,2563,0,128,0,0,0.9500585251658213,
2025-01-01,NNFA7,NHS ENGLAND NORTH EAST AND YORKSHIRE,GOOLE & DISTRICT HOSPITAL,0,1387,0,6,0,0,0.9956741167988464,
2025-01-01,NNJ,NHS ENGLAND MIDLANDS,DHU HEALTH CARE C.I.C,0,1813,0,0,0,0,1.0,
2025-01-01,NNJ07,NHS ENGLAND MIDLANDS,LOUGHBOROUGH URGENT CARE CENTRE,0,6973,0,44,0,0,0.9936899469381901,
2025-01-01,NNJ0H,NHS ENGLAND MIDLANDS,LLR EA - THE MERLYN VAZ HEALTH & SOCIAL CARE CENTRE,0,195,0,0,0,0,1.0,
2025-01-01,NNJ12,NHS ENGLAND MIDLANDS,MARKET HARBOROUGH,0,102,0,0,0,0,1.0,
2025-01-01,NNJ13,NHS ENGLAND MIDLANDS,MELTON MOWBRAY,0,69,0,0,0,0,1.0,
2025-01-01,NNJ14,NHS ENGLAND MIDLANDS,OADBY,0,499,0,0,0,0,1.0,
2025-01-01,NNJ15,NHS ENGLAND MIDLANDS,OAKHAM,0,59,0,0,0,0,1.0,
2025-01-01,NQT51,NHS ENGLAND SOUTH EAST,STATION PLAZA HEALTH CENTRE,0,1090,0,0,0,0,1.0,
2025-01-01,NQT5F,NHS ENGLAND NORTH WEST,SKELMERSDALE WALK IN CENTRE,0,1730,0,6,0,0,0.9965317919075144,
2025-01-01,NQT5H,NHS ENGLAND SOUTH WEST,PAULTON MEMORIAL HOSPITAL,0,913,0,5,0,0,0.9945235487404163,
2025-01-01,NQTE4,NHS ENGLAND MIDLANDS,SUMMERFIELD URGENT CARE CENTRE,0,3194,0,0,0,0,1.0,
2025-01-01,NR3,NHS ENGLAND MIDLANDS,NOTTINGHAM CITYCARE PARTNERSHIP,0,5135,0,604,0,0,0.8823758519961051,
2025-01-01,NTP11,NHS ENGLAND SOUTH EAST,PRACTICE PLUS GROUP HOSPITAL - SOUTHAMPTON,0,5148,0,268,0,0,0.947940947940948,
2025-01-01,NTPAD,NHS ENGLAND SOUTH EAST,PRACTICE PLUS GROUP SURGICAL CENTRE - ST MARYS PORTSMOUTH,0,5187,0,125,0,0,0.9759012916907653,
2025-01-01,NTV0B,NHS ENGLAND SOUTH EAST,ASHFORD WALK-IN-CENTRE,0,2292,0,91,0,0,0.9602966841186736,
2025-01-01,NTV0W,NHS ENGLAND SOUTH EAST,WOKING WALK IN CENTRE,0,2535,0,48,0,0,0.9810650887573964,
2025-01-01,NV693,NHS ENGLAND NORTH WEST,ROSSENDALE MIU & OOH,0,920,0,1,0,0,0.9989130434782608,
2025-01-01,R0A,NHS ENGLAND NORTH WEST,MANCHESTER UNIVERSITY NHS FOUNDATION TRUST,24310,38134,11707,12468,4456,749,0.6730476739917135,0.5184286301933361
2025-01-01,R0B,NHS ENGLAND NORTH EAST AND YORKSHIRE,SOUTH TYNESIDE AND SUNDERLAND NHS FOUNDATION TRUST,10809,17173,6163,6413,1224,55,0.6265649566179468,0.4298269960218336
2025-01-01,R0D,NHS ENGLAND SOUTH WEST,UNIVERSITY HOSPITALS DORSET NHS FOUNDATION TRUST,12296,17022,4996,4996,1043,484,0.7064974738573611,0.5936890045543266
2025-01-01,R1D,NHS ENGLAND MIDLANDS,SHROPSHIRE COMMUNITY HEALTH NHS TRUST,0,2889,0,3,0,0,0.9989615784008308,
2025-01-01,R1F,NHS ENGLAND SOUTH EAST,ISLE OF WIGHT NHS TRUST,4428,6024,1822,1822,293,169,0.6975431606905711,0.5885275519421861
2025-01-01,R1H,NHS ENGLAND LONDON,BARTS HEALTH NHS TRUST,25012,43836,11280,12830,1025,1319,0.7073181859658728,0.5490164720933952
2025-01-01,R1K,NHS ENGLAND LONDON,LONDON NORTH WEST UNIVERSITY HEALTHCARE NHS TRUST,13728,28482,7460,7622,769,738,0.7323923881749876,0.4565850815850816
2025-01-01,RA2,NHS ENGLAND SOUTH EAST,ROYAL SURREY COUNTY HOSPITAL NHS FOUNDATION TRUST,6385,7745,1892,1892,414,13,0.7557133634602969,0.7036805011746281
2025-01-01,RA7,NHS ENGLAND SOUTH WEST,UNIVERSITY HOSPITALS BRISTOL AND WESTON NHS FOUNDATION TRUST,14626,17002,5610,5787,968,909,0.659628279025997,0.6164364829755231
2025-01-01,RA9,NHS ENGLAND SOUTH WEST,TORBAY AND SOUTH DEVON NHS FOUNDATION TRUST,5843,8722,2900,2914,396,70,0.6659023159825728,0.5036796166352902
2025-01-01,RAE,NHS ENGLAND NORTH EAST AND YORKSHIRE,BRADFORD TEACHING HOSPITALS NHS FOUNDATION TRUST,8851,12759,2289,2289,710,122,0.8205972254878909,0.7413851542198622
2025-01-01,RAJ,NHS ENGLAND EAST OF ENGLAND,MID AND SOUTH ESSEX NHS FOUNDATION TRUST,28930,32810,11052,11298,3247,451,0.655653764096312,0.6179744210162461
2025-01-01,RAL,NHS ENGLAND LONDON,ROYAL FREE LONDON NHS FOUNDATION TRUST,24850,40497,9848,10758,1218,1939,0.7343506926438996,0.6037022132796781
2025-01-01,RAN,NHS ENGLAND LONDON,ROYAL NATIONAL ORTHOPAEDIC HOSPITAL NHS TRUST,0,0,0,0,0,0,,
2025-01-01,RAS,NHS ENGLAND LONDON,THE HILLINGDON HOSPITALS NHS FOUNDATION TRUST,5973,12551,3503,3689,731,79,0.7060791968767428,0.4135275405993638
2025-01-01,RAT,NHS ENGLAND LONDON,NORTH EAST LONDON NHS FOUNDATION TRUST,0,1674,0,46,0,0,0.972520908004779,
2025-01-01,RAX,NHS ENGLAND LONDON,KINGSTON AND RICHMOND NHS FOUNDATION TRUST,7258,15055,3722,3984,341,439,0.7353703088674859,0.48718655276935796
2025-01-01,RBD,NHS ENGLAND SOUTH WEST,DORSET COUNTY HOSPITAL NHS FOUNDATION TRUST,3841,3841,1873,1873,225,93,0.5123665712054153,0.5123665712054153
2025-01-01,RBK,NHS ENGLAND MIDLANDS,WALSALL HEALTHCARE NHS TRUST,9044,12949,3512,3574,1337,324,0.7239941308209128,0.6116762494471473
2025-01-01,RBL,NHS ENGLAND NORTH WEST,WIRRAL UNIVERSITY TEACHING HOSPITAL NHS FOUNDATION TRUST,7439,10185,3996,4059,393,976,0.6014727540500736,0.46283102567549406
2025-01-01,RBN,NHS ENGLAND NORTH WEST,MERSEY AND WEST LANCASHIRE TEACHING HOSPITALS NHS TRUST,16188,22830,6164,6217,452,482,0.727682873412177,0.6192241166296022
2025-01-01,RBQ,NHS ENGLAND NORTH WEST,LIVERPOOL HEART AND CHEST HOSPITAL NHS FOUNDATION TRUST,0,0,0,0,0,0,,
2025-01-01,RBS,NHS ENGLAND NORTH WEST,ALDER HEY CHILDREN'S NHS FOUNDATION TRUST,5771,5771,1222,1222,1,0,0.7882516028417952,0.7882516028417952
2025-01-01,RBT,NHS ENGLAND NORTH WEST,MID CHESHIRE HOSPITALS NHS FOUNDATION TRUST,6632,9342,4017,4065,545,724,0.5648683365446372,0.3943003618817853
2025-01-01,RBV,NHS ENGLAND NORTH WEST,THE CHRISTIE NHS FOUNDATION TRUST,0,0,0,0,0,0,,
2025-01-01,RC9,NHS ENGLAND EAST OF ENGLAND,BEDFORDSHIRE HOSPITALS NHS FOUNDATION TRUST,15468,24120,7204,7204,83,22,0.7013266998341625,0.5342642875614172
2025-01-01,RCB,NHS ENGLAND NORTH EAST AND YORKSHIRE,YORK AND SCARBOROUGH TEACHING HOSPITALS NHS FOUNDATION TRUST,10119,16074,5742,5934,833,949,0.6308324001493095,0.43255262377705306
2025-01-01,RCD,NHS ENGLAND NORTH EAST AND YORKSHIRE,HARROGATE AND DISTRICT NHS FOUNDATION TRUST,4739,5575,1550,1550,460,90,0.7219730941704036,0.6729267778012239
2025-01-01,RCF,NHS ENGLAND NORTH EAST AND YORKSHIRE,AIREDALE NHS FOUNDATION TRUST,5350,5600,2341,2341,480,237,0.5819642857142857,0.5624299065420562
2025-01-01,RCU,NHS ENGLAND NORTH EAST AND YORKSHIRE,SHEFFIELD CHILDREN'S NHS FOUNDATION TRUST,4046,4470,278,278,10,0,0.9378076062639821,0.9312901631240732
2025-01-01,RCX,NHS ENGLAND EAST OF ENGLAND,"THE QUEEN ELIZABETH HOSPITAL, KING'S LYNN, NHS FOUNDATION TRUST",6370,7501,2953,2953,265,122,0.6063191574456739,0.5364207221350079
2025-01-01,RD1,NHS ENGLAND SOUTH WEST,ROYAL UNITED HOSPITALS BATH NHS FOUNDATION TRUST,7900,7900,3122,3122,836,204,0.6048101265822785,0.6048101265822785
2025-01-01,RD8,NHS ENGLAND EAST OF ENGLAND,MILTON KEYNES UNIVERSITY HOSPITAL NHS FOUNDATION TRUST,7840,12630,3214,3450,1025,0,0.7268408551068883,0.5900510204081633
2025-01-01,RDE,NHS ENGLAND EAST OF ENGLAND,EAST SUFFOLK AND NORTH ESSEX NHS FOUNDATION TRUST,11834,25761,6231,6519,980,885,0.7469430534528939,0.4734662835896569
2025-01-01,RDR,NHS ENGLAND SOUTH EAST,SUSSEX COMMUNITY NHS FOUNDATION TRUST,0,11327,0,87,0,0,0.9923192372207998,
2025-01-01,RDU,NHS ENGLAND SOUTH EAST,FRIMLEY HEALTH NHS FOUNDATION TRUST,22829,36061,8728,8956,1745,633,0.7516430492776129,0.6176792675982303
2025-01-01,RDY,NHS ENGLAND SOUTH WEST,DORSET HEALTHCARE UNIVERSITY NHS FOUNDATION TRUST,0,0,0,0,0,0,,
2025-01-01,REF,NHS ENGLAND SOUTH WEST,ROYAL CORNWALL HOSPITALS NHS TRUST,5987,16669,3231,3888,778,545,0.7667526546283521,0.46033071655253044
2025-01-01,REM,NHS ENGLAND NORTH WEST,LIVERPOOL UNIVERSITY HOSPITALS NHS FOUNDATION TRUST,14224,23398,6639,6785,2034,1117,0.7100179502521583,0.5332536557930259
2025-01-01,REP,NHS ENGLAND NORTH WEST,LIVERPOOL WOMEN'S NHS FOUNDATION TRUST,0,1429,0,155,0,0,0.8915325402379286,
2025-01-01,RET,NHS ENGLAND NORTH WEST,THE WALTON CENTRE NHS FOUNDATION TRUST,0,0,0,0,0,0,,
2025-01-01,RF4,NHS ENGLAND LONDON,"BARKING, HAVERING AND REDBRIDGE UNIVERSITY HOSPITALS NHS TRUST",13814,30468,6286,6789,698,1064,0.7771760535643955,0.5449543940929491
2025-01-01,RFF,NHS ENGLAND NORTH EAST AND YORKSHIRE,BARNSLEY HOSPITAL NHS FOUNDATION TRUST,8663,8663,3459,3459,795,0,0.6007156874062103,0.6007156874062103
2025-01-01,RFR,NHS ENGLAND NORTH EAST AND YORKSHIRE,THE ROTHERHAM NHS FOUNDATION TRUST,8708,8708,3595,3595,947,109,0.5871612310519063,0.5871612310519063
2025-01-01,RFS,NHS ENGLAND MIDLANDS,CHESTERFIELD ROYAL HOSPITAL NHS FOUNDATION TRUST,6401,11996,3389,3678,1224,392,0.6933977992664222,0.47055147633182315
2025-01-01,RGN,NHS ENGLAND EAST OF ENGLAND,NORTH WEST ANGLIA NHS FOUNDATION TRUST,14196,18115,6058,6201,584,883,0.6576869997239856,0.5732600732600732
2025-01-01,RGP,NHS ENGLAND EAST OF ENGLAND,JAMES PAGET UNIVERSITY HOSPITALS NHS FOUNDATION TRUST,6535,8050,3057,3057,606,456,0.620248447204969,0.5322111706197399
2025-01-01,RGR,NHS ENGLAND EAST OF ENGLAND,WEST SUFFOLK NHS FOUNDATION TRUST,7423,8092,2959,2959,475,707,0.634330202669303,0.6013741075037047
2025-01-01,RGT,NHS ENGLAND EAST OF ENGLAND,CAMBRIDGE UNIVERSITY HOSPITALS NHS FOUNDATION TRUST,9799,15325,4602,4644,520,646,0.6969657422512234,0.530360240840902
2025-01-01,RH5,NHS ENGLAND SOUTH WEST,SOMERSET NHS FOUNDATION TRUST,11562,20848,5403,5536,830,329,0.7344589409056024,0.5326933056564609
2025-01-01,RH8,NHS ENGLAND SOUTH WEST,ROYAL DEVON UNIVERSITY HEALTHCARE NHS FOUNDATION TRUST,11393,15545,5065,5070,1774,261,0.6738501125763912,0.555428772053015
2025-01-01,RHM,NHS ENGLAND SOUTH EAST,UNIVERSITY HOSPITAL SOUTHAMPTON NHS FOUNDATION TRUST,11405,12490,4425,4505,506,14,0.6393114491593275,0.612012275317843
2025-01-01,RHQ,NHS ENGLAND NORTH EAST AND YORKSHIRE,SHEFFIELD TEACHING HOSPITALS NHS FOUNDATION TRUST,8814,16795,5022,5310,1534,22,0.6838344745459959,0.43022464261402316
2025-01-01,RHU,NHS ENGLAND SOUTH EAST,PORTSMOUTH HOSPITALS UNIVERSITY NATIONAL HEALTH SERVICE TRUST,9971,13676,4829,4938,1377,349,0.6389295115530857,0.5156955169992979
2025-01-01,RHW,NHS ENGLAND SOUTH EAST,ROYAL BERKSHIRE NHS FOUNDATION TRUST,10473,15091,4345,4363,916,37,0.7108872838115433,0.5851236512938032
2025-01-01,RJ1,NHS ENGLAND LONDON,GUY'S AND ST THOMAS' NHS FOUNDATION TRUST,9690,16875,3843,4004,174,71,0.7627259259259259,0.603405572755418
2025-01-01,RJ2,NHS ENGLAND LONDON,LEWISHAM AND GREENWICH NHS TRUST,14126,25080,7503,8801,1152,834,0.6490829346092504,0.46885176270706497
2025-01-01,RJ6,NHS ENGLAND LONDON,CROYDON HEALTH SERVICES NHS TRUST,12997,18209,5139,5139,289,441,0.7177769234993685,0.6046010617834885
2025-01-01,RJ7,NHS ENGLAND LONDON,ST GEORGE'S UNIVERSITY HOSPITALS NHS FOUNDATION TRUST,8811,12133,2673,2673,574,838,0.7796917497733454,0.696629213483146
2025-01-01,RJ8,NHS ENGLAND SOUTH WEST,CORNWALL PARTNERSHIP NHS FOUNDATION TRUST,0,0,0,0,0,0,,
2025-01-01,RJC,NHS ENGLAND MIDLANDS,SOUTH WARWICKSHIRE UNIVERSITY NHS FOUNDATION TRUST,7498,7828,2820,2820,480,122,0.6397547266223812,0.6238997065884235
2025-01-01,RJE,NHS ENGLAND MIDLANDS,UNIVERSITY HOSPITALS OF NORTH MIDLANDS NHS TRUST,13301,21681,7150,7386,915,1318,0.6593330565933306,0.4624464325990527
2025-01-01,RJL,NHS ENGLAND NORTH EAST AND YORKSHIRE,NORTHERN LINCOLNSHIRE AND GOOLE NHS FOUNDATION TRUST,8659,15281,4696,4743,544,1018,0.6896145540213336,0.4576740963159718
2025-01-01,RJN,NHS ENGLAND NORTH WEST,EAST CHESHIRE NHS TRUST,4011,4011,2049,2049,154,451,0.4891548242333582,0.4891548242333582
2025-01-01,RJR,NHS ENGLAND NORTH WEST,COUNTESS OF CHESTER HOSPITAL NHS FOUNDATION TRUST,4792,6939,2606,2826,226,717,0.5927367055771725,0.45617696160267107
2025-01-01,RJZ,NHS ENGLAND LONDON,KING'S COLLEGE HOSPITAL NHS FOUNDATION TRUST,15093,23792,7166,7553,1419,1279,0.6825403496973772,0.5252103624196647
2025-01-01,RK5,NHS ENGLAND MIDLANDS,SHERWOOD FOREST HOSPITALS NHS FOUNDATION TRUST,10068,15416,4836,5315,898,189,0.6552283341982357,0.5196662693682956
2025-01-01,RK9,NHS ENGLAND SOUTH WEST,UNIVERSITY HOSPITALS PLYMOUTH NHS TRUST,8603,13738,4558,4652,327,860,0.661377201921677,0.47018481924909916
2025-01-01,RKB,NHS ENGLAND MIDLANDS,UNIVERSITY HOSPITALS COVENTRY AND WARWICKSHIRE NHS TRUST,11610,19263,5201,5536,96,30,0.7126096661994497,0.5520241171403962
2025-01-01,RKE,NHS ENGLAND LONDON,WHITTINGTON HEALTH NHS TRUST,9061,9061,2865,2865,131,466,0.683809734024942,0.683809734024942
2025-01-01,RL1,NHS ENGLAND MIDLANDS,THE ROBERT JONES AND AGNES HUNT ORTHOPAEDIC HOSPITAL NHS FOUNDATION TRUST,0,0,0,0,0,0,,
2025-01-01,RL4,NHS ENGLAND MIDLANDS,THE ROYAL WOLVERHAMPTON NHS TRUST,12006,20061,3674,3810,591,847,0.8100792582623,0.6939863401632518
2025-01-01,RLQ,NHS ENGLAND MIDLANDS,WYE VALLEY NHS TRUST,5515,6779,2460,2460,439,323,0.6371146186753208,0.5539437896645512
2025-01-01,RLT,NHS ENGLAND MIDLANDS,GEORGE ELIOT HOSPITAL NHS TRUST,6748,8275,2378,2397,566,224,0.7103323262839879,0.6475992886781268
2025-01-01,RM1,NHS ENGLAND EAST OF ENGLAND,NORFOLK AND NORWICH UNIVERSITY HOSPITALS NHS FOUNDATION TRUST,12018,20424,4148,4154,1037,379,0.7966118292205249,0.6548510567482111
2025-01-01,RM3,NHS ENGLAND NORTH WEST,NORTHERN CARE ALLIANCE NHS FOUNDATION TRUST,24521,33541,10941,11365,1164,1488,0.6611609671745029,0.553811019126463
2025-01-01,RMC,NHS ENGLAND NORTH WEST,BOLTON NHS FOUNDATION TRUST,7790,11404,3727,3884,535,504,0.6594177481585408,0.5215661103979461
2025-01-01,RMP,NHS ENGLAND NORTH WEST,TAMESIDE AND GLOSSOP INTEGRATED CARE NHS FOUNDATION TRUST,8430,11584,4007,4013,231,798,0.6535738950276243,0.5246737841043891
2025-01-01,RN3,NHS ENGLAND SOUTH WEST,GREAT WESTERN HOSPITALS NHS FOUNDATION TRUST,5176,10177,2581,2690,422,498,0.7356784907143559,0.5013523956723338
2025-01-01,RN5,NHS ENGLAND SOUTH EAST,HAMPSHIRE HOSPITALS NHS FOUNDATION TRUST,10341,13087,4889,4972,428,195,0.6200809964086498,0.5272217387099893
2025-01-01,RN7,NHS ENGLAND SOUTH EAST,DARTFORD AND GRAVESHAM NHS TRUST,11094,14986,3552,3564,613,449,0.7621780328306419,0.6798269334775555
2025-01-01,RNA,NHS ENGLAND MIDLANDS,THE DUDLEY GROUP NHS FOUNDATION TRUST,8787,12963,2924,3044,1921,95,0.7651778137776749,0.6672356890861499
2025-01-01,RNN,NHS ENGLAND NORTH EAST AND YORKSHIRE,NORTH CUMBRIA INTEGRATED CARE NHS FOUNDATION TRUST,8129,9759,4039,4069,770,657,0.5830515421662055,0.5031369172099889
2025-01-01,RNQ,NHS ENGLAND MIDLANDS,KETTERING GENERAL HOSPITAL NHS FOUNDATION TRUST,9817,18359,3720,3875,1388,0,0.7889318590337164,0.6210654986248345
2025-01-01,RNS,NHS ENGLAND MIDLANDS,NORTHAMPTON GENERAL HOSPITAL NHS TRUST,8461,11117,3466,3606,456,938,0.675631915085005,0.590355749911358
2025-01-01,RNU,NHS ENGLAND SOUTH EAST,OXFORD HEALTH NHS FOUNDATION TRUST,0,3531,0,314,0,0,0.9110733503256868,
2025-01-01,RNZ,NHS ENGLAND SOUTH WEST,SALISBURY NHS FOUNDATION TRUST,4372,6413,1699,1699,470,19,0.7350693903009512,0.6113906678865508
2025-01-01,RP5,NHS ENGLAND NORTH EAST AND YORKSHIRE,DONCASTER AND BASSETLAW TEACHING HOSPITALS NHS FOUNDATION TRUST,13236,17076,5143,5148,1148,255,0.6985242445537596,0.6114385010577214
2025-01-01,RP6,NHS ENGLAND LONDON,MOORFIELDS EYE HOSPITAL NHS FOUNDATION TRUST,0,5778,0,117,0,0,0.9797507788161994,
2025-01-01,RPA,NHS ENGLAND SOUTH EAST,MEDWAY NHS FOUNDATION TRUST,8263,15015,3239,3931,388,756,0.7381951381951382,0.6080116180563959
2025-01-01,RPC,NHS ENGLAND SOUTH EAST,QUEEN VICTORIA HOSPITAL NHS FOUNDATION TRUST,0,1279,0,1,0,0,0.9992181391712275,
2025-01-01,RQ3,NHS ENGLAND MIDLANDS,BIRMINGHAM WOMEN'S AND CHILDREN'S NHS FOUNDATION TRUST,4731,4731,744,744,0,11,0.8427393785668992,0.8427393785668992
2025-01-01,RQM,NHS ENGLAND LONDON,CHELSEA AND WESTMINSTER HOSPITAL NHS FOUNDATION TRUST,19579,25748,6626,6786,1454,56,0.7364455491688675,0.6615761785586598
2025-01-01,RQW,NHS ENGLAND EAST OF ENGLAND,THE PRINCESS ALEXANDRA HOSPITAL NHS TRUST,7889,9672,4506,4506,553,190,0.5341191066997519,0.4288249461275193
2025-01-01,RQX,NHS ENGLAND LONDON,HOMERTON HEALTHCARE NHS FOUNDATION TRUST,10961,10961,2378,2378,351,24,0.7830489918803029,0.7830489918803029
2025-01-01,RR7,NHS ENGLAND NORTH EAST AND YORKSHIRE,GATESHEAD HEALTH NHS FOUNDATION TRUST,5878,9009,2555,2592,1033,0,0.7122877122877123,0.5653283429738006
2025-01-01,RR8,NHS ENGLAND NORTH EAST AND YORKSHIRE,LEEDS TEACHING HOSPITALS NHS TRUST,16895,28750,7386,7484,1637,679,0.7396869565217391,0.5628292394199468
2025-01-01,RRF,NHS ENGLAND NORTH WEST,"WRIGHTINGTON, WIGAN AND LEIGH NHS FOUNDATION TRUST",7069,11740,3999,4069,1163,569,0.6534071550255537,0.434290564436271
2025-01-01,RRK,NHS ENGLAND MIDLANDS,UNIVERSITY HOSPITALS BIRMINGHAM NHS FOUNDATION TRUST,33067,35047,13753,13785,2671,1847,0.6066710417439438,0.5840868539631656
2025-01-01,RRV,NHS ENGLAND LONDON,UNIVERSITY COLLEGE LONDON HOSPITALS NHS FOUNDATION TRUST,12580,12580,3457,3457,394,244,0.7251987281399046,0.7251987281399046
2025-01-01,RTD,NHS ENGLAND NORTH EAST AND YORKSHIRE,THE NEWCASTLE UPON TYNE HOSPITALS NHS FOUNDATION TRUST,11656,18146,4559,4710,749,41,0.7404386641684118,0.6088709677419355
2025-01-01,RTE,NHS ENGLAND SOUTH WEST,GLOUCESTERSHIRE HOSPITALS NHS FOUNDATION TRUST,12179,12179,4551,4551,392,569,0.6263240003284343,0.6263240003284343
2025-01-01,RTF,NHS ENGLAND NORTH EAST AND YORKSHIRE,NORTHUMBRIA HEALTHCARE NHS FOUNDATION TRUST,9372,20364,2780,2783,106,7,0.8633372618346101,0.7033717456252668
2025-01-01,RTG,NHS ENGLAND MIDLANDS,UNIVERSITY HOSPITALS OF DERBY AND BURTON NHS FOUNDATION TRUST,17941,27175,8790,8796,944,1028,0.6763201471941123,0.5100607546959478
2025-01-01,RTH,NHS ENGLAND SOUTH EAST,OXFORD UNIVERSITY HOSPITALS NHS FOUNDATION TRUST,11828,16090,4444,4449,1049,0,0.7234928527035426,0.6242813662495772
2025-01-01,RTK,NHS ENGLAND SOUTH EAST,ASHFORD AND ST PETER'S HOSPITALS NHS FOUNDATION TRUST,10059,10059,3370,3370,441,521,0.6649766378367631,0.6649766378367631
2025-01-01,RTP,NHS ENGLAND SOUTH EAST,SURREY AND SUSSEX HEALTHCARE NHS TRUST,9612,9612,3640,3640,527,703,0.6213066999583854,0.6213066999583854
2025-01-01,RTQ,NHS ENGLAND SOUTH WEST,GLOUCESTERSHIRE HEALTH AND CARE NHS FOUNDATION TRUST,0,7168,0,42,0,0,0.994140625,
2025-01-01,RTR,NHS ENGLAND NORTH EAST AND YORKSHIRE,SOUTH TEES HOSPITALS NHS FOUNDATION TRUST,7207,15358,4011,4355,521,94,0.7164344315666102,0.4434577494102956
2025-01-01,RTX,NHS ENGLAND NORTH WEST,UNIVERSITY HOSPITALS OF MORECAMBE BAY NHS FOUNDATION TRUST,8682,10961,3255,3287,666,560,0.7001186023173068,0.625086385625432
2025-01-01,RV9,NHS ENGLAND NORTH EAST AND YORKSHIRE,HUMBER TEACHING NHS FOUNDATION TRUST,0,974,0,6,0,0,0.9938398357289527,
2025-01-01,RVJ,NHS ENGLAND SOUTH WEST,NORTH BRISTOL NHS TRUST,8183,8183,3292,3292,477,545,0.5977025540755224,0.5977025540755224
2025-01-01,RVR,NHS ENGLAND LONDON,EPSOM AND ST HELIER UNIVERSITY HOSPITALS NHS TRUST,10516,12310,3149,3199,251,739,0.7401299756295694,0.7005515405096996
2025-01-01,RVV,NHS ENGLAND SOUTH EAST,EAST KENT HOSPITALS UNIVERSITY NHS FOUNDATION TRUST,12952,25175,6343,6700,446,1380,0.733862959285005,0.5102686843730697
2025-01-01,RVW,NHS ENGLAND NORTH EAST AND YORKSHIRE,NORTH TEES AND HARTLEPOOL NHS FOUNDATION TRUST,4804,15327,2841,2863,312,49,0.8132054544268285,0.4086178184845962
2025-01-01,RW1,NHS ENGLAND SOUTH EAST,HAMPSHIRE AND ISLE OF WIGHT HEALTHCARE NHS FOUNDATION TRUST,0,2632,0,56,0,0,0.9787234042553191,
2025-01-01,RW4,NHS ENGLAND NORTH WEST,MERSEY CARE NHS FOUNDATION TRUST,0,12806,0,162,0,0,0.9873496798375762,
2025-01-01,RWA,NHS ENGLAND NORTH EAST AND YORKSHIRE,HULL UNIVERSITY TEACHING HOSPITALS NHS TRUST,8707,13502,5136,5577,1076,614,0.586950081469412,0.4101297806362697
2025-01-01,RWD,NHS ENGLAND MIDLANDS,UNITED LINCOLNSHIRE TEACHING HOSPITALS NHS TRUST,15569,19137,6284,6998,877,1317,0.6343209489470658,0.5963774166613142
2025-01-01,RWE,NHS ENGLAND MIDLANDS,UNIVERSITY HOSPITALS OF LEICESTER NHS TRUST,21070,23047,9121,9223,1513,1178,0.5998177637002646,0.567109634551495
2025-01-01,RWF,NHS ENGLAND SOUTH EAST,MAIDSTONE AND TUNBRIDGE WELLS NHS TRUST,17894,19928,3826,3861,982,274,0.806252509032517,0.7861853135129093
2025-01-01,RWG,NHS ENGLAND EAST OF ENGLAND,WEST HERTFORDSHIRE TEACHING HOSPITALS NHS TRUST,8229,14884,3010,3102,919,28,0.7915882827196989,0.6342204399076437
2025-01-01,RWH,NHS ENGLAND EAST OF ENGLAND,EAST AND NORTH HERTFORDSHIRE NHS TRUST,8687,15878,4818,4846,275,340,0.6947978334802871,0.4453781512605042
2025-01-01,RWJ,NHS ENGLAND NORTH WEST,STOCKPORT NHS FOUNDATION TRUST,7893,8880,3490,3546,789,500,0.6006756756756757,0.5578360572659318
2025-01-01,RWP,NHS ENGLAND MIDLANDS,WORCESTERSHIRE ACUTE HOSPITALS NHS TRUST,12351,17440,7172,7209,969,713,0.5866399082568807,0.4193182738239819
2025-01-01,RWW,NHS ENGLAND NORTH WEST,WARRINGTON AND HALTON TEACHING HOSPITALS NHS FOUNDATION TRUST,6551,9181,3508,3525,535,1131,0.61605489598083,0.4645092352312624
2025-01-01,RWX,NHS ENGLAND SOUTH EAST,BERKSHIRE HEALTHCARE NHS FOUNDATION TRUST,0,1264,0,16,0,0,0.9873417721518988,
2025-01-01,RWY,NHS ENGLAND NORTH EAST AND YORKSHIRE,CALDERDALE AND HUDDERSFIELD NHS FOUNDATION TRUST,14485,14485,4954,4954,1427,33,0.6579910251984812,0.6579910251984812
2025-01-01,RX1,NHS ENGLAND MIDLANDS,NOTTINGHAM UNIVERSITY HOSPITALS NHS TRUST,15464,17444,7941,8018,637,779,0.5403577161201559,0.48648473874806
2025-01-01,RXC,NHS ENGLAND SOUTH EAST,EAST SUSSEX HEALTHCARE NHS TRUST,7612,9556,3990,4094,256,129,0.5715780661364588,0.4758276405675249
2025-01-01,RXF,NHS ENGLAND NORTH EAST AND YORKSHIRE,MID YORKSHIRE TEACHING NHS TRUST,15436,20846,6333,6599,2437,1191,0.6834404681953372,0.5897253174397512
2025-01-01,RXG,NHS ENGLAND NORTH EAST AND YORKSHIRE,SOUTH WEST YORKSHIRE PARTNERSHIP NHS FOUNDATION TRUST,0,0,0,0,0,0,,
2025-01-01,RXK,NHS ENGLAND MIDLANDS,SANDWELL AND WEST BIRMINGHAM HOSPITALS NHS TRUST,10692,20120,4832,5309,804,196,0.7361332007952286,0.5480733258511037
2025-01-01,RXL,NHS ENGLAND NORTH WEST,BLACKPOOL TEACHING HOSPITALS NHS FOUNDATION TRUST,8263,18138,4033,4085,410,774,0.774782225162642,0.5119206099479607
2025-01-01,RXN,NHS ENGLAND NORTH WEST,LANCASHIRE TEACHING HOSPITALS NHS FOUNDATION TRUST,11443,14843,4641,4727,978,511,0.6815333827393384,0.5944245390194879
2025-01-01,RXP,NHS ENGLAND NORTH EAST AND YORKSHIRE,COUNTY DURHAM AND DARLINGTON NHS FOUNDATION TRUST,12293,16077,5250,5250,2427,23,0.6734465385333084,0.57292768242089
2025-01-01,RXQ,NHS ENGLAND SOUTH EAST,BUCKINGHAMSHIRE HEALTHCARE NHS TRUST,10375,15090,3310,3528,303,322,0.7662027833001988,0.6809638554216868
2025-01-01,RXR,NHS ENGLAND NORTH WEST,EAST LANCASHIRE HOSPITALS NHS TRUST,12294,22091,4986,5820,354,1310,0.7365442940564031,0.5944363103953147
2025-01-01,RXW,NHS ENGLAND MIDLANDS,THE SHREWSBURY AND TELFORD HOSPITAL NHS TRUST,9443,11813,5433,5635,349,1316,0.5229831541522052,0.42465318225140314
2025-01-01,RY2,NHS ENGLAND NORTH WEST,BRIDGEWATER COMMUNITY HEALTHCARE NHS FOUNDATION TRUST,0,2916,0,38,0,0,0.9869684499314129,
2025-01-01,RY4,NHS ENGLAND EAST OF ENGLAND,HERTFORDSHIRE COMMUNITY NHS TRUST,0,1125,0,37,0,0,0.9671111111111111,
2025-01-01,RY5,NHS ENGLAND MIDLANDS,LINCOLNSHIRE COMMUNITY HEALTH SERVICES NHS TRUST,0,7706,0,273,0,0,0.9645730599532831,
2025-01-01,RY7,NHS ENGLAND NORTH WEST,WIRRAL COMMUNITY HEALTH AND CARE NHS FOUNDATION TRUST,0,4232,0,265,0,0,0.9373818525519849,
2025-01-01,RY8,NHS ENGLAND MIDLANDS,DERBYSHIRE COMMUNITY HEALTH SERVICES NHS FOUNDATION TRUST,0,5873,0,89,0,0,0.9848459049889324,
2025-01-01,RYF,NHS ENGLAND SOUTH WEST,SOUTH WESTERN AMBULANCE SERVICE NHS FOUNDATION TRUST,0,1619,0,35,0,0,0.9783817171093268,
2025-01-01,RYG,NHS ENGLAND MIDLANDS,COVENTRY AND WARWICKSHIRE PARTNERSHIP NHS TRUST,0,0,0,0,0,0,,
2025-01-01,RYJ,NHS ENGLAND LONDON,IMPERIAL COLLEGE HEALTHCARE NHS TRUST,12227,23069,5362,5800,656,551,0.7485803459187654,0.5614623374499059
2025-01-01,RYR,NHS ENGLAND SOUTH EAST,UNIVERSITY HOSPITALS SUSSEX NHS FOUNDATION TRUST,24951,27554,9961,10161,894,1176,0.6312332147782536,0.600777523946936
2025-01-01,RYX,NHS ENGLAND LONDON,CENTRAL LONDON COMMUNITY HEALTHCARE NHS TRUST,0,12079,0,168,0,0,0.9860915638711814,
2025-01-01,RYY,NHS ENGLAND SOUTH EAST,KENT COMMUNITY HEALTH NHS FOUNDATION TRUST,0,9305,0,19,0,0,0.9979580870499731,
2025-01-01,Y00751,NHS ENGLAND SOUTH EAST,EAST BERKS PRIMARY CARE OOH(WAM),0,0,0,0,0,0,,
2025-01-01,Y02147,NHS ENGLAND LONDON,URGENT CARE CENTRE (QMS),0,7684,0,177,0,0,0.9769651223321187,
2025-01-01,Y02428,NHS ENGLAND EAST OF ENGLAND,PUTNOE WALK IN CENTRE,0,3234,0,0,0,0,1.0,
2025-01-01,Y02532,NHS ENGLAND NORTH WEST,MIRIAM MINOR EMERGENCY,0,1666,0,8,0,0,0.9951980792316927,
2025-01-01,Y02615,NHS ENGLAND MIDLANDS,SOUTH BIRMINGHAM GP WALK IN CENTRE,0,7079,0,0,0,0,1.0,
2025-01-01,Y02676,NHS ENGLAND SOUTH EAST,BRIGHTON STATION HEALTH CENTRE,0,1987,0,0,0,0,1.0,
2025-01-01,Y03007,NHS ENGLAND MIDLANDS,ERDINGTON GP HEALTH & WELLBEING WIC,0,0,0,0,0,0,,
2025-01-01,Y03218,NHS ENGLAND LONDON,THE PINN UNREGISTERED WIC,0,897,0,0,0,0,1.0,
2025-01-01,Y07709,NHS ENGLAND SOUTH EAST,READING URGENT CARE CENTRE,0,1959,0,0,0,0,1.0,
2025-02-01,8J094,NHS ENGLAND MIDLANDS,BADGER LTD,0,0,0,0,0,0,,
2025-02-01,AAH,NHS ENGLAND SOUTH WEST,TETBURY HOSPITAL TRUST LTD,0,545,0,0,0,0,1.0,
2025-02-01,ACH01,NHS ENGLAND SOUTH EAST,WHITSTABLE MEDICAL PRACTICE,0,4995,0,0,0,0,1.0,
2025-02-01,AD913,NHS ENGLAND LONDON,BECKENHAM BEACON UCC,0,3301,0,48,0,0,0.985458951832778,
2025-02-01,AJN,NHS ENGLAND NORTH EAST AND YORKSHIRE,WORKINGTON HEALTH LIMITED,0,279,0,0,0,0,1.0,
2025-02-01,AQN04,NHS ENGLAND SOUTH EAST,PHL LYMINGTON UTC,0,2545,0,1,0,0,0.999607072691552,
2025-02-01,ARN03,NHS ENGLAND NORTH EAST AND YORKSHIRE,LOCAL CARE DIRECT,0,2059,0,9,0,0,0.9956289460903351,
2025-02-01,AXG,NHS ENGLAND SOUTH WEST,WILTSHIRE HEALTH & CARE,0,2090,0,17,0,0,0.991866028708134,
2025-02-01,C82009,NHS ENGLAND MIDLANDS,MARKET HARBOROUGH MED.CTR,0,281,0,0,0,0,1.0,
2025-02-01,C82038,NHS ENGLAND MIDLANDS,LATHAM HOUSE MEDICAL PRACTICE,0,278,0,0,0,0,1.0,
2025-02-01,C83023,NHS ENGLAND MIDLANDS,SLEAFORD MEDICAL GROUP,0,490,0,0,0,0,1.0,
2025-02-01,DT301,NHS ENGLAND EAST OF ENGLAND,HERTS URGENT CARE (ASCOTS LANE),0,1895,0,52,0,0,0.9725593667546174,
2025-02-01,G0Q0L,NHS ENGLAND LONDON,BARKING HOSPITAL UTC,0,2673,0,13,0,0,0.9951365506921063,
2025-02-01,K6K0R,NHS ENGLAND LONDON,HAROLD WOOD POLYCLINIC UTC,0,2654,0,7,0,0,0.9973624717407686,
2025-02-01,L83087,NHS ENGLAND SOUTH WEST,OKEHAMPTON MEDICAL CENTRE,0,69,0,0,0,0,1.0,
2025-02-01,NDJ,NHS ENGLAND SOUTH EAST,FIRST COMMUNITY HEALTH AND CARE CIC,0,1941,0,0,0,0,1.0,
2025-02-01,NL7,NHS ENGLAND MIDLANDS,ASSURA VERTIS URGENT CARE CENTRES (BIRMINGHAM),0,3811,0,0,0,0,1.0,
2025-02-01,NLX,NHS ENGLAND SOUTH WEST,SIRONA CARE & HEALTH,0,7473,0,340,0,0,0.9545028770239529,
2025-02-01,NNF09,NHS ENGLAND NORTH EAST AND YORKSHIRE,BRANSHOLME HEALTH CENTRE,0,3281,0,403,0,0,0.8771715940262115,
2025-02-01,NNF16,NHS ENGLAND NORTH EAST AND YORKSHIRE,BRIDLINGTON HOSPITAL,0,1248,0,18,0,0,0.9855769230769231,
2025-02-01,NNF94,NHS ENGLAND NORTH EAST AND YORKSHIRE,EAST RIDING COMMUNITY HOSPITAL,0,2515,0,221,0,0,0.9121272365805169,
2025-02-01,NNFA7,NHS ENGLAND NORTH EAST AND YORKSHIRE,GOOLE & DISTRICT HOSPITAL,0,1361,0,10,0,0,0.9926524614254225,
2025-02-01,NNJ,NHS ENGLAND MIDLANDS,DHU HEALTH CARE C.I.C,0,1821,0,1,0,0,0.99945085118067,
2025-02-01,NNJ07,NHS ENGLAND MIDLANDS,LOUGHBOROUGH URGENT CARE CENTRE,0,5062,0,29,0,0,0.9942710391149743,
2025-02-01,NNJ0H,NHS ENGLAND MIDLANDS,LLR EA - THE MERLYN VAZ HEALTH & SOCIAL CARE CENTRE,0,156,0,0,0,0,1.0,
2025-02-01,NNJ12,NHS ENGLAND MIDLANDS,MARKET HARBOROUGH,0,106,0,0,0,0,1.0,
2025-02-01,NNJ13,NHS ENGLAND MIDLANDS,MELTON MOWBRAY,0,52,0,0,0,0,1.0,
2025-02-01,NNJ14,NHS ENGLAND MIDLANDS,OADBY,0,430,0,1,0,0,0.9976744186046511,
2025-02-01,NNJ15,NHS ENGLAND MIDLANDS,OAKHAM,0,64,0,0,0,0,1.0,
2025-02-01,NQT51,NHS ENGLAND SOUTH EAST,STATION PLAZA HEALTH CENTRE,0,1079,0,0,0,0,1.0,
2025-02-01,NQT5F,NHS ENGLAND NORTH WEST,SKELMERSDALE WALK IN CENTRE,0,1730,0,6,0,0,0.9965317919075144,
2025-02-01,NQT5H,NHS ENGLAND SOUTH WEST,PAULTON MEMORIAL HOSPITAL,0,913,0,5,0,0,0.9945235487404163,
2025-02-01,NQTE4,NHS ENGLAND MIDLANDS,SUMMERFIELD URGENT CARE CENTRE,0,2969,0,0,0,0,1.0,
2025-02-01,NR3,NHS ENGLAND MIDLANDS,NOTTINGHAM CITYCARE PARTNERSHIP,0,5163,0,483,0,0,0.9064497385241139,
2025-02-01,NTP11,NHS ENGLAND SOUTH EAST,PRACTICE PLUS GROUP HOSPITAL - SOUTHAMPTON,0,4752,0,260,0,0,0.9452861952861953,
2025-02-01,NTPAD,NHS ENGLAND SOUTH EAST,PRACTICE PLUS GROUP SURGICAL CENTRE - ST MARYS PORTSMOUTH,0,5036,0,115,0,0,0.9771644162033359,
2025-02-01,NTV0B,NHS ENGLAND SOUTH EAST,ASHFORD WALK-IN-CENTRE,0,2144,0,93,0,0,0.9566231343283582,
2025-02-01,NTV0W,NHS ENGLAND SOUTH EAST,WOKING WALK IN CENTRE,0,2412,0,36,0,0,0.9850746268656716,
2025-02-01,NV693,NHS ENGLAND NORTH WEST,ROSSENDALE MIU & OOH,0,866,0,1,0,0,0.9988452655889145,
2025-02-01,R0A,NHS ENGLAND NORTH WEST,MANCHESTER UNIVERSITY NHS FOUNDATION TRUST,22416,35441,10230,10826,3764,211,0.694534578595412,0.5436295503211992
2025-02-01,R0B,NHS ENGLAND NORTH EAST AND YORKSHIRE,SOUTH TYNESIDE AND SUNDERLAND NHS FOUNDATION TRUST,9989,16059,5171,5397,740,3,0.663926770035494,0.48233056361998194
2025-02-01,R0D,NHS ENGLAND SOUTH WEST,UNIVERSITY HOSPITALS DORSET NHS FOUNDATION TRUST,11840,16181,4892,4892,960,275,0.6976701069155182,0.5868243243243243
2025-02-01,R1D,NHS ENGLAND MIDLANDS,SHROPSHIRE COMMUNITY HEALTH NHS TRUST,0,2653,0,0,0,0,1.0,
2025-02-01,R1F,NHS ENGLAND SOUTH EAST,ISLE OF WIGHT NHS TRUST,4136,5729,1678,1678,207,68,0.7071042066678304,0.594294003868472
2025-02-01,R1H,NHS ENGLAND LONDON,BARTS HEALTH NHS TRUST,22906,40669,10470,12180,1025,962,0.7005089871892596,0.5429145202130445
2025-02-01,R1K,NHS ENGLAND LONDON,LONDON NORTH WEST UNIVERSITY HEALTHCARE NHS TRUST,12788,26414,6764,6895,699,547,0.7389641856591201,0.4710666249609008
2025-02-01,RA2,NHS ENGLAND SOUTH EAST,ROYAL SURREY COUNTY HOSPITAL NHS FOUNDATION TRUST,6118,7361,1866,1866,312,1,0.746501833989947,0.6949983654789147
2025-02-01,RA7,NHS ENGLAND SOUTH WEST,UNIVERSITY HOSPITALS BRISTOL AND WESTON NHS FOUNDATION TRUST,13998,16112,5660,5835,1118,664,0.6378475670307845,0.5956565223603372
2025-02-01,RA9,NHS ENGLAND SOUTH WEST,TORBAY AND SOUTH DEVON NHS FOUNDATION TRUST,5532,8216,2562,2584,315,50,0.6854917234664071,0.5368763557483731
2025-02-01,RAE,NHS ENGLAND NORTH EAST AND YORKSHIRE,BRADFORD TEACHING HOSPITALS NHS FOUNDATION TRUST,8651,12265,2191,2193,574,124,0.8211985324092947,0.7467344815628252
2025-02-01,RAJ,NHS ENGLAND EAST OF ENGLAND,MID AND SOUTH ESSEX NHS FOUNDATION TRUST,26897,30456,9735,9964,2597,275,0.6728395061728395,0.6380637245789493
2025-02-01,RAL,NHS ENGLAND LONDON,ROYAL FREE LONDON NHS FOUNDATION TRUST,23137,38074,9238,10154,1105,1691,0.7333088196669644,0.6007261096944289
2025-02-01,RAN,NHS ENGLAND LONDON,ROYAL NATIONAL ORTHOPAEDIC HOSPITAL NHS TRUST,0,0,0,0,0,0,,
2025-02-01,RAS,NHS ENGLAND LONDON,THE HILLINGDON HOSPITALS NHS FOUNDATION TRUST,5687,11609,3208,3298,624,94,0.7159100697734516,0.4359064533145771
2025-02-01,RAT,NHS ENGLAND LONDON,NORTH EAST LONDON NHS FOUNDATION TRUST,0,1349,0,37,0,0,0.9725722757598221,
2025-02-01,RAX,NHS ENGLAND LONDON,KINGSTON AND RICHMOND NHS FOUNDATION TRUST,6478,14067,3131,3313,239,446,0.7644842539276321,0.5166718122877432
2025-02-01,RBD,NHS ENGLAND SOUTH WEST,DORSET COUNTY HOSPITAL NHS FOUNDATION TRUST,3471,3471,1509,1509,192,24,0.5652549697493519,0.5652549697493519
2025-02-01,RBK,NHS ENGLAND MIDLANDS,WALSALL HEALTHCARE NHS TRUST,8257,12259,3202,3315,1173,358,0.7295864262990456,0.6122078236647692
2025-02-01,RBL,NHS ENGLAND NORTH WEST,WIRRAL UNIVERSITY TEACHING HOSPITAL NHS FOUNDATION TRUST,6626,9441,3677,3704,346,871,0.6076686791653427,0.44506489586477516
2025-02-01,RBN,NHS ENGLAND NORTH WEST,MERSEY AND WEST LANCASHIRE TEACHING HOSPITALS NHS TRUST,15299,21946,5562,5695,499,400,0.740499407636927,0.6364468265899732
2025-02-01,RBQ,NHS ENGLAND NORTH WEST,LIVERPOOL HEART AND CHEST HOSPITAL NHS FOUNDATION TRUST,0,0,0,0,0,0,,
2025-02-01,RBS,NHS ENGLAND NORTH WEST,ALDER HEY CHILDREN'S NHS FOUNDATION TRUST,5570,5570,1182,1182,1,0,0.7877917414721723,0.7877917414721723
2025-02-01,RBT,NHS ENGLAND NORTH WEST,MID CHESHIRE HOSPITALS NHS FOUNDATION TRUST,6236,8790,3576,3620,537,475,0.5881683731513083,0.42655548428479795
2025-02-01,RBV,NHS ENGLAND NORTH WEST,THE CHRISTIE NHS FOUNDATION TRUST,0,0,0,0,0,0,,
2025-02-01,RC9,NHS ENGLAND EAST OF ENGLAND,BEDFORDSHIRE HOSPITALS NHS FOUNDATION TRUST,14688,22730,6486,6486,80,8,0.7146502419709635,0.5584150326797386
2025-02-01,RCB,NHS ENGLAND NORTH EAST AND YORKSHIRE,YORK AND SCARBOROUGH TEACHING HOSPITALS NHS FOUNDATION TRUST,9502,16359,5345,5536,704,433,0.6615930069075127,0.4374868448747632
2025-02-01,RCD,NHS ENGLAND NORTH EAST AND YORKSHIRE,HARROGATE AND DISTRICT NHS FOUNDATION TRUST,4435,5227,1388,1389,206,10,0.7342643964032907,0.6870349492671928
2025-02-01,RCF,NHS ENGLAND NORTH EAST AND YORKSHIRE,AIREDALE NHS FOUNDATION TRUST,5169,5386,2298,2298,446,162,0.5733382844411437,0.5554265815438189
2025-02-01,RCU,NHS ENGLAND NORTH EAST AND YORKSHIRE,SHEFFIELD CHILDREN'S NHS FOUNDATION TRUST,3892,4343,355,355,7,0,0.9182592677872439,0.9087872559095581
2025-02-01,RCX,NHS ENGLAND EAST OF ENGLAND,"THE QUEEN ELIZABETH HOSPITAL, KING'S LYNN, NHS FOUNDATION TRUST",6037,7106,2929,2929,270,127,0.5878131156768928,0.5148252443266523
2025-02-01,RD1,NHS ENGLAND SOUTH WEST,ROYAL UNITED HOSPITALS BATH NHS FOUNDATION TRUST,7674,7674,3269,3269,763,205,0.574016158457128,0.574016158457128
2025-02-01,RD8,NHS ENGLAND EAST OF ENGLAND,MILTON KEYNES UNIVERSITY HOSPITAL NHS FOUNDATION TRUST,7528,12187,2948,3204,735,0,0.7370969065397555,0.6083953241232731
2025-02-01,RDE,NHS ENGLAND EAST OF ENGLAND,EAST SUFFOLK AND NORTH ESSEX NHS FOUNDATION TRUST,11244,24742,6074,6448,993,778,0.739390510063859,0.45980078263963
2025-02-01,RDR,NHS ENGLAND SOUTH EAST,SUSSEX COMMUNITY NHS FOUNDATION TRUST,0,10491,0,101,0,0,0.9903727004098751,
2025-02-01,RDU,NHS ENGLAND SOUTH EAST,FRIMLEY HEALTH NHS FOUNDATION TRUST,19788,32466,8753,9051,1205,472,0.721216041397154,0.5576612088134223
2025-02-01,RDY,NHS ENGLAND SOUTH WEST,DORSET HEALTHCARE UNIVERSITY NHS FOUNDATION TRUST,0,0,0,0,0,0,,
2025-02-01,REF,NHS ENGLAND SOUTH WEST,ROYAL CORNWALL HOSPITALS NHS TRUST,5765,15886,3114,3601,666,253,0.7733224222585925,0.45984388551604505
2025-02-01,REM,NHS ENGLAND NORTH WEST,LIVERPOOL UNIVERSITY HOSPITALS NHS FOUNDATION TRUST,14072,23267,6924,7235,1869,1016,0.6890445695620406,0.5079590676520751
2025-02-01,REP,NHS ENGLAND NORTH WEST,LIVERPOOL WOMEN'S NHS FOUNDATION TRUST,0,1408,0,178,0,0,0.8735795454545454,
2025-02-01,RET,NHS ENGLAND NORTH WEST,THE WALTON CENTRE NHS FOUNDATION TRUST,0,0,0,0,0,0,,
2025-02-01,RF4,NHS ENGLAND LONDON,"BARKING, HAVERING AND REDBRIDGE UNIVERSITY HOSPITALS NHS TRUST",12433,28146,6017,6526,615,816,0.7681375683933773,0.5160460065953512
2025-02-01,RFF,NHS ENGLAND NORTH EAST AND YORKSHIRE,BARNSLEY HOSPITAL NHS FOUNDATION TRUST,7870,7870,3573,3573,572,5,0.545997458703939,0.545997458703939
2025-02-01,RFR,NHS ENGLAND NORTH EAST AND YORKSHIRE,THE ROTHERHAM NHS FOUNDATION TRUST,8181,8181,2971,2971,704,55,0.6368414619239702,0.6368414619239702
2025-02-01,RFS,NHS ENGLAND MIDLANDS,CHESTERFIELD ROYAL HOSPITAL NHS FOUNDATION TRUST,5996,11487,3019,3315,841,151,0.7114129015408723,0.4964976651100734
2025-02-01,RGN,NHS ENGLAND EAST OF ENGLAND,NORTH WEST ANGLIA NHS FOUNDATION TRUST,13225,17140,5764,5923,389,792,0.654434072345391,0.5641587901701324
2025-02-01,RGP,NHS ENGLAND EAST OF ENGLAND,JAMES PAGET UNIVERSITY HOSPITALS NHS FOUNDATION TRUST,6286,7675,2714,2714,516,450,0.6463843648208469,0.5682468978682786
2025-02-01,RGR,NHS ENGLAND EAST OF ENGLAND,WEST SUFFOLK NHS FOUNDATION TRUST,6671,7324,2428,2428,360,489,0.6684871654833424,0.6360365762254534
2025-02-01,RGT,NHS ENGLAND EAST OF ENGLAND,CAMBRIDGE UNIVERSITY HOSPITALS NHS FOUNDATION TRUST,9643,14876,4689,4733,406,630,0.681836515192256,0.513740537177227
2025-02-01,RH5,NHS ENGLAND SOUTH WEST,SOMERSET NHS FOUNDATION TRUST,10816,19417,5066,5234,575,271,0.7304423958386981,0.5316198224852071
2025-02-01,RH8,NHS ENGLAND SOUTH WEST,ROYAL DEVON UNIVERSITY HEALTHCARE NHS FOUNDATION TRUST,10851,14769,4790,4806,1386,79,0.6745886654478976,0.5585660307805732
2025-02-01,RHM,NHS ENGLAND SOUTH EAST,UNIVERSITY HOSPITAL SOUTHAMPTON NHS FOUNDATION TRUST,10784,11906,4900,5059,481,11,0.5750881908281539,0.5456231454005935
2025-02-01,RHQ,NHS ENGLAND NORTH EAST AND YORKSHIRE,SHEFFIELD TEACHING HOSPITALS NHS FOUNDATION TRUST,7927,15606,4223,4518,943,8,0.7104959630911187,0.46726378201084895
2025-02-01,RHU,NHS ENGLAND SOUTH EAST,PORTSMOUTH HOSPITALS UNIVERSITY NATIONAL HEALTH SERVICE TRUST,9534,12949,4265,4341,1127,346,0.6647617576646845,0.552653660583176
2025-02-01,RHW,NHS ENGLAND SOUTH EAST,ROYAL BERKSHIRE NHS FOUNDATION TRUST,9494,13813,3716,3731,528,12,0.7298921306016072,0.6085949020433958
2025-02-01,RJ1,NHS ENGLAND LONDON,GUY'S AND ST THOMAS' NHS FOUNDATION TRUST,9085,15958,3570,3727,140,19,0.7664494297531019,0.6070445789763346
2025-02-01,RJ2,NHS ENGLAND LONDON,LEWISHAM AND GREENWICH NHS TRUST,12884,23252,6709,7968,1081,750,0.6573198004472733,0.4792766221670288
2025-02-01,RJ6,NHS ENGLAND LONDON,CROYDON HEALTH SERVICES NHS TRUST,11931,16520,4204,4204,286,446,0.7455205811138015,0.6476406001173414
2025-02-01,RJ7,NHS ENGLAND LONDON,ST GEORGE'S UNIVERSITY HOSPITALS NHS FOUNDATION TRUST,8065,10951,2134,2134,453,738,0.8051319514199616,0.7353998760074396
2025-02-01,RJ8,NHS ENGLAND SOUTH WEST,CORNWALL PARTNERSHIP NHS FOUNDATION TRUST,0,0,0,0,0,0,,
2025-02-01,RJC,NHS ENGLAND MIDLANDS,SOUTH WARWICKSHIRE UNIVERSITY NHS FOUNDATION TRUST,7205,7542,2448,2448,383,36,0.675417661097852,0.660235947258848
2025-02-01,RJE,NHS ENGLAND MIDLANDS,UNIVERSITY HOSPITALS OF NORTH MIDLANDS NHS TRUST,12461,20521,6989,7326,636,1275,0.6429998538082939,0.4391300858679079
2025-02-01,RJL,NHS ENGLAND NORTH EAST AND YORKSHIRE,NORTHERN LINCOLNSHIRE AND GOOLE NHS FOUNDATION TRUST,8126,14413,4234,4276,570,736,0.7033233886075071,0.47895643613093775
2025-02-01,RJN,NHS ENGLAND NORTH WEST,EAST CHESHIRE NHS TRUST,3848,3848,1970,1970,172,266,0.48804573804573803,0.48804573804573803
2025-02-01,RJR,NHS ENGLAND NORTH WEST,COUNTESS OF CHESTER HOSPITAL NHS FOUNDATION TRUST,4540,6519,2307,2485,195,660,0.6188065654241448,0.49185022026431713
2025-02-01,RJZ,NHS ENGLAND LONDON,KING'S COLLEGE HOSPITAL NHS FOUNDATION TRUST,14118,22271,6639,6810,1404,1069,0.6942211845000225,0.5297492562685933
2025-02-01,RK5,NHS ENGLAND MIDLANDS,SHERWOOD FOREST HOSPITALS NHS FOUNDATION TRUST,9495,14673,4191,4684,653,170,0.6807742111361004,0.558609794628752
2025-02-01,RK9,NHS ENGLAND SOUTH WEST,UNIVERSITY HOSPITALS PLYMOUTH NHS TRUST,8072,12856,4218,4319,483,541,0.6640479153702552,0.4774529236868187
2025-02-01,RKB,NHS ENGLAND MIDLANDS,UNIVERSITY HOSPITALS COVENTRY AND WARWICKSHIRE NHS TRUST,10786,18003,5345,5752,77,25,0.6804976948286396,0.5044502132393844
2025-02-01,RKE,NHS ENGLAND LONDON,WHITTINGTON HEALTH NHS TRUST,8215,8215,2725,2725,215,324,0.6682897139379185,0.6682897139379185
2025-02-01,RL1,NHS ENGLAND MIDLANDS,THE ROBERT JONES AND AGNES HUNT ORTHOPAEDIC HOSPITAL NHS FOUNDATION TRUST,0,0,0,0,0,0,,
2025-02-01,RL4,NHS ENGLAND MIDLANDS,THE ROYAL WOLVERHAMPTON NHS TRUST,11286,18957,3416,3560,733,567,0.812206572769953,0.69732411837675
2025-02-01,RLQ,NHS ENGLAND MIDLANDS,WYE VALLEY NHS TRUST,5233,6355,2184,2184,412,219,0.6563335955940204,0.5826485763424423
2025-02-01,RLT,NHS ENGLAND MIDLANDS,GEORGE ELIOT HOSPITAL NHS TRUST,6292,7758,2296,2358,316,392,0.6960556844547564,0.635092180546726
2025-02-01,RM1,NHS ENGLAND EAST OF ENGLAND,NORFOLK AND NORWICH UNIVERSITY HOSPITALS NHS FOUNDATION TRUST,10792,18193,3503,3503,902,294,0.8074534161490683,0.675407709414381
2025-02-01,RM3,NHS ENGLAND NORTH WEST,NORTHERN CARE ALLIANCE NHS FOUNDATION TRUST,22781,31200,9896,10304,1156,1005,0.6697435897435897,0.5656029147096264
2025-02-01,RMC,NHS ENGLAND NORTH WEST,BOLTON NHS FOUNDATION TRUST,7278,10528,3644,3819,486,454,0.6372530395136777,0.4993129980763946
2025-02-01,RMP,NHS ENGLAND NORTH WEST,TAMESIDE AND GLOSSOP INTEGRATED CARE NHS FOUNDATION TRUST,7669,10503,3540,3593,540,327,0.6579072645910693,0.5384013561090103
2025-02-01,RN3,NHS ENGLAND SOUTH WEST,GREAT WESTERN HOSPITALS NHS FOUNDATION TRUST,4962,9734,2388,2676,403,378,0.7250873227861105,0.5187424425634825
2025-02-01,RN5,NHS ENGLAND SOUTH EAST,HAMPSHIRE HOSPITALS NHS FOUNDATION TRUST,9858,12628,4319,4415,402,147,0.6503801076971809,0.5618786772164739
2025-02-01,RN7,NHS ENGLAND SOUTH EAST,DARTFORD AND GRAVESHAM NHS TRUST,10568,14415,3504,3520,484,497,0.755809920221991,0.668433005299016
2025-02-01,RNA,NHS ENGLAND MIDLANDS,THE DUDLEY GROUP NHS FOUNDATION TRUST,8415,12464,2555,2794,1928,28,0.7758344030808729,0.6963755199049317
2025-02-01,RNN,NHS ENGLAND NORTH EAST AND YORKSHIRE,NORTH CUMBRIA INTEGRATED CARE NHS FOUNDATION TRUST,7764,9389,3698,3713,708,502,0.6045372244115454,0.5236991241628026
2025-02-01,RNQ,NHS ENGLAND MIDLANDS,KETTERING GENERAL HOSPITAL NHS FOUNDATION TRUST,8945,16910,3468,3596,1280,0,0.7873447664104081,0.6122973728339854
2025-02-01,RNS,NHS ENGLAND MIDLANDS,NORTHAMPTON GENERAL HOSPITAL NHS TRUST,7851,10417,3296,3512,578,659,0.6628587885187673,0.5801808686791492
2025-02-01,RNU,NHS ENGLAND SOUTH EAST,OXFORD HEALTH NHS FOUNDATION TRUST,0,3103,0,270,0,0,0.9129874315178859,
2025-02-01,RNZ,NHS ENGLAND SOUTH WEST,SALISBURY NHS FOUNDATION TRUST,4104,5964,1929,1929,477,52,0.6765593561368209,0.5299707602339181
2025-02-01,RP5,NHS ENGLAND NORTH EAST AND YORKSHIRE,DONCASTER AND BASSETLAW TEACHING HOSPITALS NHS FOUNDATION TRUST,12394,16043,4429,4430,1027,124,0.7238671071495356,0.6426496691947716
2025-02-01,RP6,NHS ENGLAND LONDON,MOORFIELDS EYE HOSPITAL NHS FOUNDATION TRUST,0,5007,0,65,0,0,0.9870181745556221,
2025-02-01,RPA,NHS ENGLAND SOUTH EAST,MEDWAY NHS FOUNDATION TRUST,7722,13879,2739,3362,269,707,0.7577635276316738,0.6452991452991452
2025-02-01,RPC,NHS ENGLAND SOUTH EAST,QUEEN VICTORIA HOSPITAL NHS FOUNDATION TRUST,0,1197,0,6,0,0,0.9949874686716792,
2025-02-01,RQ3,NHS ENGLAND MIDLANDS,BIRMINGHAM WOMEN'S AND CHILDREN'S NHS FOUNDATION TRUST,4700,4700,982,982,0,6,0.7910638297872341,0.7910638297872341
2025-02-01,RQM,NHS ENGLAND LONDON,CHELSEA AND WESTMINSTER HOSPITAL NHS FOUNDATION TRUST,17620,23311,6091,6194,1226,43,0.7342885333104543,0.6543132803632237
2025-02-01,RQW,NHS ENGLAND EAST OF ENGLAND,THE PRINCESS ALEXANDRA HOSPITAL NHS TRUST,7328,9241,3762,3762,426,91,0.5929012011687047,0.48662663755458513
2025-02-01,RQX,NHS ENGLAND LONDON,HOMERTON HEALTHCARE NHS FOUNDATION TRUST,10056,10056,2077,2077,278,24,0.7934566428003182,0.7934566428003182
2025-02-01,RR7,NHS ENGLAND NORTH EAST AND YORKSHIRE,GATESHEAD HEALTH NHS FOUNDATION TRUST,5241,8382,2185,2213,822,0,0.7359818659031258,0.5830948292310627
2025-02-01,RR8,NHS ENGLAND NORTH EAST AND YORKSHIRE,LEEDS TEACHING HOSPITALS NHS TRUST,16141,28007,7361,7581,1511,581,0.7293176705823544,0.5439563843628028
2025-02-01,RRF,NHS ENGLAND NORTH WEST,"WRIGHTINGTON, WIGAN AND LEIGH NHS FOUNDATION TRUST",6655,11211,3542,3615,1015,440,0.6775488359646775,0.4677685950413223
2025-02-01,RRK,NHS ENGLAND MIDLANDS,UNIVERSITY HOSPITALS BIRMINGHAM NHS FOUNDATION TRUST,31058,32874,12580,12585,2371,1657,0.6171746669100201,0.594951381286625
2025-02-01,RRV,NHS ENGLAND LONDON,UNIVERSITY COLLEGE LONDON HOSPITALS NHS FOUNDATION TRUST,11981,11981,3195,3195,309,203,0.7333277689675319,0.7333277689675319
2025-02-01,RTD,NHS ENGLAND NORTH EAST AND YORKSHIRE,THE NEWCASTLE UPON TYNE HOSPITALS NHS FOUNDATION TRUST,11293,17705,4249,4364,544,35,0.7535159559446484,0.6237492251837422
2025-02-01,RTE,NHS ENGLAND SOUTH WEST,GLOUCESTERSHIRE HOSPITALS NHS FOUNDATION TRUST,11528,11528,4563,4563,378,423,0.6041811242192922,0.6041811242192922
2025-02-01,RTF,NHS ENGLAND NORTH EAST AND YORKSHIRE,NORTHUMBRIA HEALTHCARE NHS FOUNDATION TRUST,8770,19224,2769,2773,116,3,0.8557532251352475,0.6842645381984036
2025-02-01,RTG,NHS ENGLAND MIDLANDS,UNIVERSITY HOSPITALS OF DERBY AND BURTON NHS FOUNDATION TRUST,16929,25274,7999,8006,905,862,0.6832317796945477,0.5274971941638609
2025-02-01,RTH,NHS ENGLAND SOUTH EAST,OXFORD UNIVERSITY HOSPITALS NHS FOUNDATION TRUST,11154,14917,4359,4361,836,0,0.7076489910839981,0.6091984938138784
2025-02-01,RTK,NHS ENGLAND SOUTH EAST,ASHFORD AND ST PETER'S HOSPITALS NHS FOUNDATION TRUST,9225,9225,3070,3070,464,289,0.6672086720867209,0.6672086720867209
2025-02-01,RTP,NHS ENGLAND SOUTH EAST,SURREY AND SUSSEX HEALTHCARE NHS TRUST,9094,9094,3108,3108,359,661,0.6582361996921047,0.6582361996921047
2025-02-01,RTQ,NHS ENGLAND SOUTH WEST,GLOUCESTERSHIRE HEALTH AND CARE NHS FOUNDATION TRUST,0,6854,0,56,0,0,0.991829588561424,
2025-02-01,RTR,NHS ENGLAND NORTH EAST AND YORKSHIRE,SOUTH TEES HOSPITALS NHS FOUNDATION TRUST,6667,14547,3433,3936,292,11,0.7294287481955042,0.48507574621268934
2025-02-01,RTX,NHS ENGLAND NORTH WEST,UNIVERSITY HOSPITALS OF MORECAMBE BAY NHS FOUNDATION TRUST,8117,10384,2707,2758,558,382,0.7343990755007704,0.6665024023654059
2025-02-01,RV9,NHS ENGLAND NORTH EAST AND YORKSHIRE,HUMBER TEACHING NHS FOUNDATION TRUST,0,965,0,0,0,0,1.0,
2025-02-01,RVJ,NHS ENGLAND SOUTH WEST,NORTH BRISTOL NHS TRUST,7931,7931,3221,3221,379,536,0.5938721472702055,0.5938721472702055
2025-02-01,RVR,NHS ENGLAND LONDON,EPSOM AND ST HELIER UNIVERSITY HOSPITALS NHS TRUST,9712,11293,3009,3081,243,652,0.727176126804215,0.6901771004942339
2025-02-01,RVV,NHS ENGLAND SOUTH EAST,EAST KENT HOSPITALS UNIVERSITY NHS FOUNDATION TRUST,11788,23569,5878,6319,346,1177,0.7318935890364462,0.5013573125212081
2025-02-01,RVW,NHS ENGLAND NORTH EAST AND YORKSHIRE,NORTH TEES AND HARTLEPOOL NHS FOUNDATION TRUST,4546,14777,2115,2143,156,1,0.8549773296338905,0.5347558293004839
2025-02-01,RW1,NHS ENGLAND SOUTH EAST,HAMPSHIRE AND ISLE OF WIGHT HEALTHCARE NHS FOUNDATION TRUST,0,2518,0,37,0,0,0.9853057982525815,
2025-02-01,RW4,NHS ENGLAND NORTH WEST,MERSEY CARE NHS FOUNDATION TRUST,0,13023,0,273,0,0,0.9790370882285188,
2025-02-01,RWA,NHS ENGLAND NORTH EAST AND YORKSHIRE,HULL UNIVERSITY TEACHING HOSPITALS NHS TRUST,8151,12759,4986,5387,924,391,0.5777882279175484,0.3882959146117041
2025-02-01,RWD,NHS ENGLAND MIDLANDS,UNITED LINCOLNSHIRE TEACHING HOSPITALS NHS TRUST,14759,18090,6039,6637,803,1070,0.6331122166943062,0.5908259367165798
2025-02-01,RWE,NHS ENGLAND MIDLANDS,UNIVERSITY HOSPITALS OF LEICESTER NHS TRUST,19778,21585,8352,8464,1303,921,0.6078758397034978,0.5777126099706744
2025-02-01,RWF,NHS ENGLAND SOUTH EAST,MAIDSTONE AND TUNBRIDGE WELLS NHS TRUST,16890,18872,3358,3371,817,189,0.8213755828740992,0.8011841326228537
2025-02-01,RWG,NHS ENGLAND EAST OF ENGLAND,WEST HERTFORDSHIRE TEACHING HOSPITALS NHS TRUST,7727,14237,2887,3024,816,17,0.7875957013415747,0.6263750485311246
2025-02-01,RWH,NHS ENGLAND EAST OF ENGLAND,EAST AND NORTH HERTFORDSHIRE NHS TRUST,8035,14915,4478,4605,254,267,0.6912504190412336,0.44268823895457377
2025-02-01,RWJ,NHS ENGLAND NORTH WEST,STOCKPORT NHS FOUNDATION TRUST,6843,7828,2353,2400,724,240,0.6934082779764946,0.6561449656583369
2025-02-01,RWP,NHS ENGLAND MIDLANDS,WORCESTERSHIRE ACUTE HOSPITALS NHS TRUST,11492,16264,5476,5503,891,669,0.6616453516969996,0.5234946049425687
2025-02-01,RWW,NHS ENGLAND NORTH WEST,WARRINGTON AND HALTON TEACHING HOSPITALS NHS FOUNDATION TRUST,6149,8804,3291,3353,532,908,0.6191503861880963,0.46479102293055785
2025-02-01,RWX,NHS ENGLAND SOUTH EAST,BERKSHIRE HEALTHCARE NHS FOUNDATION TRUST,0,1173,0,9,0,0,0.9923273657289002,
2025-02-01,RWY,NHS ENGLAND NORTH EAST AND YORKSHIRE,CALDERDALE AND HUDDERSFIELD NHS FOUNDATION TRUST,14096,14096,4471,4471,1144,48,0.6828178206583428,0.6828178206583428
2025-02-01,RX1,NHS ENGLAND MIDLANDS,NOTTINGHAM UNIVERSITY HOSPITALS NHS TRUST,14519,17026,7643,8014,214,509,0.5293081169975331,0.47358633514704873
2025-02-01,RXC,NHS ENGLAND SOUTH EAST,EAST SUSSEX HEALTHCARE NHS TRUST,7068,9279,3415,3530,219,76,0.6195710744692315,0.5168364459535937
2025-02-01,RXF,NHS ENGLAND NORTH EAST AND YORKSHIRE,MID YORKSHIRE TEACHING NHS TRUST,14812,20164,6475,6862,2042,458,0.6596905375917477,0.5628544423440454
2025-02-01,RXG,NHS ENGLAND NORTH EAST AND YORKSHIRE,SOUTH WEST YORKSHIRE PARTNERSHIP NHS FOUNDATION TRUST,0,0,0,0,0,0,,
2025-02-01,RXK,NHS ENGLAND MIDLANDS,SANDWELL AND WEST BIRMINGHAM HOSPITALS NHS TRUST,10207,19234,4654,4816,699,354,0.7496100655089946,0.5440384050161653
2025-02-01,RXL,NHS ENGLAND NORTH WEST,BLACKPOOL TEACHING HOSPITALS NHS FOUNDATION TRUST,7854,17708,3654,3770,377,579,0.7871018748588209,0.53475935828877
2025-02-01,RXN,NHS ENGLAND NORTH WEST,LANCASHIRE TEACHING HOSPITALS NHS FOUNDATION TRUST,10449,13585,4239,4401,891,455,0.6760397497239603,0.5943152454780362
2025-02-01,RXP,NHS ENGLAND NORTH EAST AND YORKSHIRE,COUNTY DURHAM AND DARLINGTON NHS FOUNDATION TRUST,11724,15427,4853,4853,1764,16,0.68542166331756,0.5860627772091436
2025-02-01,RXQ,NHS ENGLAND SOUTH EAST,BUCKINGHAMSHIRE HEALTHCARE NHS TRUST,9887,14192,3010,3096,231,348,0.7818489289740699,0.6955598260341863
2025-02-01,RXR,NHS ENGLAND NORTH WEST,EAST LANCASHIRE HOSPITALS NHS TRUST,11973,21470,4297,4945,421,1050,0.7696786213320913,0.6411091622818007
2025-02-01,RXW,NHS ENGLAND MIDLANDS,THE SHREWSBURY AND TELFORD HOSPITAL NHS TRUST,9128,11533,5301,5468,335,1130,0.5258822509321079,0.41925942156003504
2025-02-01,RY2,NHS ENGLAND NORTH WEST,BRIDGEWATER COMMUNITY HEALTHCARE NHS FOUNDATION TRUST,0,2711,0,154,0,0,0.9431943932128366,
2025-02-01,RY4,NHS ENGLAND EAST OF ENGLAND,HERTFORDSHIRE COMMUNITY NHS TRUST,0,1019,0,15,0,0,0.985279685966634,
2025-02-01,RY5,NHS ENGLAND MIDLANDS,LINCOLNSHIRE COMMUNITY HEALTH SERVICES NHS TRUST,0,7310,0,168,0,0,0.9770177838577292,
2025-02-01,RY7,NHS ENGLAND NORTH WEST,WIRRAL COMMUNITY HEALTH AND CARE NHS FOUNDATION TRUST,0,3965,0,191,0,0,0.951828499369483,
2025-02-01,RY8,NHS ENGLAND MIDLANDS,DERBYSHIRE COMMUNITY HEALTH SERVICES NHS FOUNDATION TRUST,0,5791,0,67,0,0,0.9884303229148679,
2025-02-01,RYF,NHS ENGLAND SOUTH WEST,SOUTH WESTERN AMBULANCE SERVICE NHS FOUNDATION TRUST,0,1636,0,18,0,0,0.988997555012225,
2025-02-01,RYG,NHS ENGLAND MIDLANDS,COVENTRY AND WARWICKSHIRE PARTNERSHIP NHS TRUST,0,0,0,0,0,0,,
2025-02-01,RYJ,NHS ENGLAND LONDON,IMPERIAL COLLEGE HEALTHCARE NHS TRUST,11067,20903,4982,5382,617,364,0.7425249964119982,0.5498328363603506
2025-02-01,RYR,NHS ENGLAND SOUTH EAST,UNIVERSITY HOSPITALS SUSSEX NHS FOUNDATION TRUST,23507,25995,9141,9321,799,962,0.6414310444316215,0.6111371080954608
2025-02-01,RYX,NHS ENGLAND LONDON,CENTRAL LONDON COMMUNITY HEALTHCARE NHS TRUST,0,11296,0,257,0,0,0.9772485835694051,
2025-02-01,RYY,NHS ENGLAND SOUTH EAST,KENT COMMUNITY HEALTH NHS FOUNDATION TRUST,0,8561,0,43,0,0,0.9949772222871159,
2025-02-01,Y00751,NHS ENGLAND SOUTH EAST,EAST BERKS PRIMARY CARE OOH(WAM),0,0,0,0,0,0,,
2025-02-01,Y02147,NHS ENGLAND LONDON,URGENT CARE CENTRE (QMS),0,7461,0,113,0,0,0.9848545771344324,
2025-02-01,Y02428,NHS ENGLAND EAST OF ENGLAND,PUTNOE WALK IN CENTRE,0,3152,0,0,0,0,1.0,
2025-02-01,Y02532,NHS ENGLAND NORTH WEST,MIRIAM MINOR EMERGENCY,0,1561,0,0,0,0,1.0,
2025-02-01,Y02615,NHS ENGLAND MIDLANDS,SOUTH BIRMINGHAM GP WALK IN CENTRE,0,6625,0,0,0,0,1.0,
2025-02-01,Y02676,NHS ENGLAND SOUTH EAST,BRIGHTON STATION HEALTH CENTRE,0,1819,0,0,0,0,1.0,
2025-02-01,Y03007,NHS ENGLAND MIDLANDS,ERDINGTON GP HEALTH & WELLBEING WIC,0,0,0,0,0,0,,
2025-02-01,Y03218,NHS ENGLAND LONDON,THE PINN UNREGISTERED WIC,0,695,0,0,0,0,1.0,
2025-02-01,Y07709,NHS ENGLAND SOUTH EAST,READING URGENT CARE CENTRE,0,1843,0,0,0,0,1.0,
2025-03-01,8J094,NHS ENGLAND MIDLANDS,BADGER LTD,0,0,0,0,0,0,,
2025-03-01,A5D4Q,NHS ENGLAND MIDLANDS,NEMS UTC,0,3681,0,1464,0,0,0.602281988590057,
2025-03-01,AAH,NHS ENGLAND SOUTH WEST,TETBURY HOSPITAL TRUST LTD,0,707,0,0,0,0,1.0,
2025-03-01,ACH01,NHS ENGLAND SOUTH EAST,WHITSTABLE MEDICAL PRACTICE,0,5414,0,0,0,0,1.0,
2025-03-01,AD913,NHS ENGLAND LONDON,BECKENHAM BEACON UCC,0,3752,0,11,0,0,0.9970682302771855,
2025-03-01,AJN,NHS ENGLAND NORTH EAST AND YORKSHIRE,WORKINGTON HEALTH LIMITED,0,336,0,0,0,0,1.0,
2025-03-01,AQN04,NHS ENGLAND SOUTH EAST,PHL LYMINGTON UTC,0,3105,0,16,0,0,0.9948470209339775,
2025-03-01,ARN03,NHS ENGLAND NORTH EAST AND YORKSHIRE,LOCAL CARE DIRECT,0,2260,0,9,0,0,0.9960176991150442,
2025-03-01,C82009,NHS ENGLAND MIDLANDS,MARKET HARBOROUGH MED.CTR,0,315,0,0,0,0,1.0,
2025-03-01,C82038,NHS ENGLAND MIDLANDS,LATHAM HOUSE MEDICAL PRACTICE,0,350,0,0,0,0,1.0,
2025-03-01,C83023,NHS ENGLAND MIDLANDS,SLEAFORD MEDICAL GROUP,0,540,0,0,0,0,1.0,
2025-03-01,DT301,NHS ENGLAND EAST OF ENGLAND,HERTS URGENT CARE (ASCOTS LANE),0,2413,0,124,0,0,0.9486116866970576,
2025-03-01,G0Q0L,NHS ENGLAND LONDON,BARKING HOSPITAL UTC,0,2910,0,30,0,0,0.9896907216494846,
2025-03-01,K6K0R,NHS ENGLAND LONDON,HAROLD WOOD POLYCLINIC UTC,0,2364,0,5,0,0,0.9978849407783418,
2025-03-01,L83087,NHS ENGLAND SOUTH WEST,OKEHAMPTON MEDICAL CENTRE,0,87,0,0,0,0,1.0,
2025-03-01,NDJ,NHS ENGLAND SOUTH EAST,FIRST COMMUNITY HEALTH AND CARE CIC,0,2464,0,0,0,0,1.0,
2025-03-01,NL7,NHS ENGLAND MIDLANDS,ASSURA VERTIS URGENT CARE CENTRES (BIRMINGHAM),0,3164,0,0,0,0,1.0,
2025-03-01,NLX,NHS ENGLAND SOUTH WEST,SIRONA CARE & HEALTH,0,9372,0,393,0,0,0.958066581306018,
2025-03-01,NNF09,NHS ENGLAND NORTH EAST AND YORKSHIRE,BRANSHOLME HEALTH CENTRE,0,3661,0,575,0,0,0.8429390876809615,
2025-03-01,NNF16,NHS ENGLAND NORTH EAST AND YORKSHIRE,BRIDLINGTON HOSPITAL,0,1464,0,63,0,0,0.9569672131147541,
2025-03-01,NNF94,NHS ENGLAND NORTH EAST AND YORKSHIRE,EAST RIDING COMMUNITY HOSPITAL,0,2943,0,287,0,0,0.9024804621134896,
2025-03-01,NNFA7,NHS ENGLAND NORTH EAST AND YORKSHIRE,GOOLE & DISTRICT HOSPITAL,0,1680,0,20,0,0,0.9880952380952381,
2025-03-01,NNJ,NHS ENGLAND MIDLANDS,DHU HEALTH CARE C.I.C,0,2055,0,0,0,0,1.0,
2025-03-01,NNJ07,NHS ENGLAND MIDLANDS,LOUGHBOROUGH URGENT CARE CENTRE,0,5526,0,24,0,0,0.995656894679696,
2025-03-01,NNJ0H,NHS ENGLAND MIDLANDS,LLR EA - THE MERLYN VAZ HEALTH & SOCIAL CARE CENTRE,0,204,0,0,0,0,1.0,
2025-03-01,NNJ12,NHS ENGLAND MIDLANDS,MARKET HARBOROUGH,0,112,0,0,0,0,1.0,
2025-03-01,NNJ13,NHS ENGLAND MIDLANDS,MELTON MOWBRAY,0,53,0,0,0,0,1.0,
2025-03-01,NNJ14,NHS ENGLAND MIDLANDS,OADBY,0,512,0,0,0,0,1.0,
2025-03-01,NNJ15,NHS ENGLAND MIDLANDS,OAKHAM,0,52,0,0,0,0,1.0,
2025-03-01,NQT51,NHS ENGLAND SOUTH EAST,STATION PLAZA HEALTH CENTRE,0,1024,0,0,0,0,1.0,
2025-03-01,NQT5F,NHS ENGLAND NORTH WEST,SKELMERSDALE WALK IN CENTRE,0,1730,0,6,0,0,0.9965317919075144,
2025-03-01,NQT5H,NHS ENGLAND SOUTH WEST,PAULTON MEMORIAL HOSPITAL,0,913,0,5,0,0,0.9945235487404163,
2025-03-01,NQTE4,NHS ENGLAND MIDLANDS,SUMMERFIELD URGENT CARE CENTRE,0,3151,0,0,0,0,1.0,
2025-03-01,NR3,NHS ENGLAND MIDLANDS,NOTTINGHAM CITYCARE PARTNERSHIP,0,5780,0,721,0,0,0.8752595155709343,
2025-03-01,NTP11,NHS ENGLAND SOUTH EAST,PRACTICE PLUS GROUP HOSPITAL - SOUTHAMPTON,0,5772,0,350,0,0,0.9393624393624393,
2025-03-01,NTPAD,NHS ENGLAND SOUTH EAST,PRACTICE PLUS GROUP SURGICAL CENTRE - ST MARYS PORTSMOUTH,0,5679,0,146,0,0,0.9742912484592358,
2025-03-01,NTV0B,NHS ENGLAND SOUTH EAST,ASHFORD WALK-IN-CENTRE,0,2374,0,23,0,0,0.9903117101937658,
2025-03-01,NTV0W,NHS ENGLAND SOUTH EAST,WOKING WALK IN CENTRE,0,2683,0,12,0,0,0.995527394707417,
2025-03-01,NV693,NHS ENGLAND NORTH WEST,ROSSENDALE MIU & OOH,0,1122,0,1,0,0,0.9991087344028521,
2025-03-01,R0A,NHS ENGLAND NORTH WEST,MANCHESTER UNIVERSITY NHS FOUNDATION TRUST,25292,40165,9920,10545,2871,101,0.7374579858085397,0.6077811165585956
2025-03-01,R0B,NHS ENGLAND NORTH EAST AND YORKSHIRE,SOUTH TYNESIDE AND SUNDERLAND NHS FOUNDATION TRUST,11463,19076,4812,5076,316,2,0.7339064793457748,0.5802146035069353
2025-03-01,R0D,NHS ENGLAND SOUTH WEST,UNIVERSITY HOSPITALS DORSET NHS FOUNDATION TRUST,13702,19229,5364,5364,1086,288,0.7210463362629362,0.6085243030214567
2025-03-01,R1D,NHS ENGLAND MIDLANDS,SHROPSHIRE COMMUNITY HEALTH NHS TRUST,0,3251,0,6,0,0,0.9981544140264534,
2025-03-01,R1F,NHS ENGLAND SOUTH EAST,ISLE OF WIGHT NHS TRUST,4266,6020,1979,1979,302,186,0.6712624584717608,0.5360993905297703
2025-03-01,R1H,NHS ENGLAND LONDON,BARTS HEALTH NHS TRUST,25830,44872,11735,13067,1242,990,0.7087939026564449,0.5456833139759969
2025-03-01,R1K,NHS ENGLAND LONDON,LONDON NORTH WEST UNIVERSITY HEALTHCARE NHS TRUST,14125,29776,6324,6518,634,367,0.7810988715744224,0.552283185840708
2025-03-01,RA2,NHS ENGLAND SOUTH EAST,ROYAL SURREY COUNTY HOSPITAL NHS FOUNDATION TRUST,6924,8574,2088,2089,267,2,0.7563564264054117,0.6984402079722704
2025-03-01,RA7,NHS ENGLAND SOUTH WEST,UNIVERSITY HOSPITALS BRISTOL AND WESTON NHS FOUNDATION TRUST,16099,18635,5748,5955,1161,534,0.6804400321974778,0.6429591900118019
2025-03-01,RA9,NHS ENGLAND SOUTH WEST,TORBAY AND SOUTH DEVON NHS FOUNDATION TRUST,6650,10008,2977,3024,285,45,0.697841726618705,0.5523308270676692
2025-03-01,RAE,NHS ENGLAND NORTH EAST AND YORKSHIRE,BRADFORD TEACHING HOSPITALS NHS FOUNDATION TRUST,9248,13545,2305,2308,687,97,0.8296050203026948,0.7507569204152249
2025-03-01,RAJ,NHS ENGLAND EAST OF ENGLAND,MID AND SOUTH ESSEX NHS FOUNDATION TRUST,31792,35753,11578,11889,2555,627,0.6674684641848236,0.6358203321590337
2025-03-01,RAL,NHS ENGLAND LONDON,ROYAL FREE LONDON NHS FOUNDATION TRUST,25381,42555,9755,10703,1202,1838,0.7484901891669604,0.6156573815058508
2025-03-01,RAN,NHS ENGLAND LONDON,ROYAL NATIONAL ORTHOPAEDIC HOSPITAL NHS TRUST,0,0,0,0,0,0,,
2025-03-01,RAS,NHS ENGLAND LONDON,THE HILLINGDON HOSPITALS NHS FOUNDATION TRUST,6236,13128,3123,3179,766,69,0.7578458257160268,0.4991982039769083
2025-03-01,RAT,NHS ENGLAND LONDON,NORTH EAST LONDON NHS FOUNDATION TRUST,0,2006,0,75,0,0,0.9626121635094715,
2025-03-01,RAX,NHS ENGLAND LONDON,KINGSTON AND RICHMOND NHS FOUNDATION TRUST,7332,16242,3271,3544,273,406,0.7818002709025982,0.553873431533006
2025-03-01,RBD,NHS ENGLAND SOUTH WEST,DORSET COUNTY HOSPITAL NHS FOUNDATION TRUST,4111,4111,1328,1328,182,66,0.6769642422768183,0.6769642422768183
2025-03-01,RBK,NHS ENGLAND MIDLANDS,WALSALL HEALTHCARE NHS TRUST,9286,13850,3339,3453,957,312,0.7506859205776173,0.6404264484169717
2025-03-01,RBL,NHS ENGLAND NORTH WEST,WIRRAL UNIVERSITY TEACHING HOSPITAL NHS FOUNDATION TRUST,7845,11167,4141,4290,412,893,0.6158323632130385,0.4721478648820905
2025-03-01,RBN,NHS ENGLAND NORTH WEST,MERSEY AND WEST LANCASHIRE TEACHING HOSPITALS NHS TRUST,17832,25390,6436,6583,652,363,0.7407246947617172,0.639075818752804
2025-03-01,RBQ,NHS ENGLAND NORTH WEST,LIVERPOOL HEART AND CHEST HOSPITAL NHS FOUNDATION TRUST,0,0,0,0,0,0,,
2025-03-01,RBS,NHS ENGLAND NORTH WEST,ALDER HEY CHILDREN'S NHS FOUNDATION TRUST,6446,6446,1301,1301,4,0,0.7981694073844244,0.7981694073844244
2025-03-01,RBT,NHS ENGLAND NORTH WEST,MID CHESHIRE HOSPITALS NHS FOUNDATION TRUST,7136,10374,4139,4203,604,541,0.5948525159051474,0.41998318385650224
2025-03-01,RBV,NHS ENGLAND NORTH WEST,THE CHRISTIE NHS FOUNDATION TRUST,0,0,0,0,0,0,,
2025-03-01,RC9,NHS ENGLAND EAST OF ENGLAND,BEDFORDSHIRE HOSPITALS NHS FOUNDATION TRUST,17026,25574,7473,7473,0,9,0.707789160866505,0.5610830494537766
2025-03-01,RCB,NHS ENGLAND NORTH EAST AND YORKSHIRE,YORK AND SCARBOROUGH TEACHING HOSPITALS NHS FOUNDATION TRUST,10854,18401,6123,6425,816,539,0.6508341937938156,0.4358761746821448
2025-03-01,RCD,NHS ENGLAND NORTH EAST AND YORKSHIRE,HARROGATE AND DISTRICT NHS FOUNDATION TRUST,5137,6130,1314,1315,386,23,0.7854812398042414,0.744208682110181
2025-03-01,RCF,NHS ENGLAND NORTH EAST AND YORKSHIRE,AIREDALE NHS FOUNDATION TRUST,5892,6124,2541,2541,440,223,0.5850751143043762,0.5687372708757638
2025-03-01,RCU,NHS ENGLAND NORTH EAST AND YORKSHIRE,SHEFFIELD CHILDREN'S NHS FOUNDATION TRUST,4859,5284,499,499,7,0,0.9055639666919001,0.8973039720107018
2025-03-01,RCX,NHS ENGLAND EAST OF ENGLAND,"THE QUEEN ELIZABETH HOSPITAL, KING'S LYNN, NHS FOUNDATION TRUST",6746,7992,3185,3185,285,128,0.6014764764764764,0.5278683664393715
2025-03-01,RD1,NHS ENGLAND SOUTH WEST,ROYAL UNITED HOSPITALS BATH NHS FOUNDATION TRUST,8762,8762,3632,3632,829,163,0.5854827664916686,0.5854827664916686
2025-03-01,RD8,NHS ENGLAND EAST OF ENGLAND,MILTON KEYNES UNIVERSITY HOSPITAL NHS FOUNDATION TRUST,8545,13889,3119,3511,897,0,0.7472100223198215,0.6349912229373903
2025-03-01,RDE,NHS ENGLAND EAST OF ENGLAND,EAST SUFFOLK AND NORTH ESSEX NHS FOUNDATION TRUST,11802,26672,5648,6203,976,733,0.7674340131973605,0.5214370445687171
2025-03-01,RDR,NHS ENGLAND SOUTH EAST,SUSSEX COMMUNITY NHS FOUNDATION TRUST,0,12570,0,121,0,0,0.9903739061256961,
2025-03-01,RDU,NHS ENGLAND SOUTH EAST,FRIMLEY HEALTH NHS FOUNDATION TRUST,22632,36779,9616,9923,1614,437,0.7301992985127382,0.5751148815835985
2025-03-01,RDY,NHS ENGLAND SOUTH WEST,DORSET HEALTHCARE UNIVERSITY NHS FOUNDATION TRUST,0,0,0,0,0,0,,
2025-03-01,REF,NHS ENGLAND SOUTH WEST,ROYAL CORNWALL HOSPITALS NHS TRUST,6629,19141,3494,4203,754,423,0.7804189958727339,0.47292200935284356
2025-03-01,REM,NHS ENGLAND NORTH WEST,LIVERPOOL UNIVERSITY HOSPITALS NHS FOUNDATION TRUST,15869,25840,8008,8463,1975,982,0.672484520123839,0.49536832818703136
2025-03-01,REP,NHS ENGLAND NORTH WEST,LIVERPOOL WOMEN'S NHS FOUNDATION TRUST,0,1520,0,176,0,0,0.8842105263157894,
2025-03-01,RET,NHS ENGLAND NORTH WEST,THE WALTON CENTRE NHS FOUNDATION TRUST,0,0,0,0,0,0,,
2025-03-01,RF4,NHS ENGLAND LONDON,"BARKING, HAVERING AND REDBRIDGE UNIVERSITY HOSPITALS NHS TRUST",13687,31186,6204,6740,695,928,0.7838773808760341,0.5467231679696062
2025-03-01,RFF,NHS ENGLAND NORTH EAST AND YORKSHIRE,BARNSLEY HOSPITAL NHS FOUNDATION TRUST,9281,9281,1838,1838,229,0,0.8019609955823725,0.8019609955823725
2025-03-01,RFR,NHS ENGLAND NORTH EAST AND YORKSHIRE,THE ROTHERHAM NHS FOUNDATION TRUST,9434,9434,3256,3256,649,35,0.6548653805384779,0.6548653805384779
2025-03-01,RFS,NHS ENGLAND MIDLANDS,CHESTERFIELD ROYAL HOSPITAL NHS FOUNDATION TRUST,6919,13683,3582,3985,823,167,0.7087626982386903,0.4822951293539529
2025-03-01,RGN,NHS ENGLAND EAST OF ENGLAND,NORTH WEST ANGLIA NHS FOUNDATION TRUST,14928,19606,6416,6613,482,889,0.662705294297664,0.570203644158628
2025-03-01,RGP,NHS ENGLAND EAST OF ENGLAND,JAMES PAGET UNIVERSITY HOSPITALS NHS FOUNDATION TRUST,7416,9024,3330,3330,582,457,0.6309840425531915,0.5509708737864077
2025-03-01,RGR,NHS ENGLAND EAST OF ENGLAND,WEST SUFFOLK NHS FOUNDATION TRUST,8165,8963,1055,1055,215,69,0.8822938748186991,0.870789957134109
2025-03-01,RGT,NHS ENGLAND EAST OF ENGLAND,CAMBRIDGE UNIVERSITY HOSPITALS NHS FOUNDATION TRUST,10973,17208,4869,4992,613,417,0.7099023709902371,0.5562744919347489
2025-03-01,RH5,NHS ENGLAND SOUTH WEST,SOMERSET NHS FOUNDATION TRUST,13097,23053,6180,6409,422,86,0.7219884613716219,0.5281362144002444
2025-03-01,RH8,NHS ENGLAND SOUTH WEST,ROYAL DEVON UNIVERSITY HEALTHCARE NHS FOUNDATION TRUST,12632,16893,5510,5533,1473,215,0.6724678861066714,0.5638062064597846
2025-03-01,RHM,NHS ENGLAND SOUTH EAST,UNIVERSITY HOSPITAL SOUTHAMPTON NHS FOUNDATION TRUST,11829,13072,5075,5219,628,10,0.6007496940024479,0.5709696508580606
2025-03-01,RHQ,NHS ENGLAND NORTH EAST AND YORKSHIRE,SHEFFIELD TEACHING HOSPITALS NHS FOUNDATION TRUST,9031,17264,4657,4904,1002,5,0.7159406858202039,0.4843317462075075
2025-03-01,RHU,NHS ENGLAND SOUTH EAST,PORTSMOUTH HOSPITALS UNIVERSITY NATIONAL HEALTH SERVICE TRUST,11155,15274,4645,4729,1316,348,0.690388896163415,0.5835948005378754
2025-03-01,RHW,NHS ENGLAND SOUTH EAST,ROYAL BERKSHIRE NHS FOUNDATION TRUST,12163,16661,4873,4894,730,33,0.7062601284436709,0.5993587108443641
2025-03-01,RJ1,NHS ENGLAND LONDON,GUY'S AND ST THOMAS' NHS FOUNDATION TRUST,10247,18104,3568,3779,119,71,0.7912615996464869,0.6518005269835074
2025-03-01,RJ2,NHS ENGLAND LONDON,LEWISHAM AND GREENWICH NHS TRUST,15526,26131,8134,8951,1318,854,0.6574566606712334,0.47610459873760147
2025-03-01,RJ6,NHS ENGLAND LONDON,CROYDON HEALTH SERVICES NHS TRUST,13255,18374,3289,3289,304,701,0.8209970610645477,0.7518672199170124
2025-03-01,RJ7,NHS ENGLAND LONDON,ST GEORGE'S UNIVERSITY HOSPITALS NHS FOUNDATION TRUST,9283,12798,2117,2117,401,780,0.8345835286763557,0.7719487234730151
2025-03-01,RJ8,NHS ENGLAND SOUTH WEST,CORNWALL PARTNERSHIP NHS FOUNDATION TRUST,0,0,0,0,0,0,,
2025-03-01,RJC,NHS ENGLAND MIDLANDS,SOUTH WARWICKSHIRE UNIVERSITY NHS FOUNDATION TRUST,8483,8861,2732,2732,474,47,0.691682654327954,0.6779441235412
2025-03-01,RJE,NHS ENGLAND MIDLANDS,UNIVERSITY HOSPITALS OF NORTH MIDLANDS NHS TRUST,14701,23946,7899,8582,1086,851,0.6416102898187589,0.4626896129514999
2025-03-01,RJL,NHS ENGLAND NORTH EAST AND YORKSHIRE,NORTHERN LINCOLNSHIRE AND GOOLE NHS FOUNDATION TRUST,9197,16620,4766,4832,676,653,0.709265944645006,0.4817875394150266
2025-03-01,RJN,NHS ENGLAND NORTH WEST,EAST CHESHIRE NHS TRUST,4450,4450,2223,2223,132,470,0.5004494382022472,0.5004494382022472
2025-03-01,RJR,NHS ENGLAND NORTH WEST,COUNTESS OF CHESTER HOSPITAL NHS FOUNDATION TRUST,5250,7696,2764,3122,253,650,0.5943347193347193,0.47352380952380957
2025-03-01,RJZ,NHS ENGLAND LONDON,KING'S COLLEGE HOSPITAL NHS FOUNDATION TRUST,15710,25330,6788,7351,1441,926,0.7097907619423609,0.5679185232336091
2025-03-01,RK5,NHS ENGLAND MIDLANDS,SHERWOOD FOREST HOSPITALS NHS FOUNDATION TRUST,11381,17472,3800,4338,479,63,0.751717032967033,0.666110183639399
2025-03-01,RK9,NHS ENGLAND SOUTH WEST,UNIVERSITY HOSPITALS PLYMOUTH NHS TRUST,9353,15188,5004,5197,411,735,0.6578219647089808,0.4649844969528494
2025-03-01,RKB,NHS ENGLAND MIDLANDS,UNIVERSITY HOSPITALS COVENTRY AND WARWICKSHIRE NHS TRUST,12494,20740,5333,5763,96,14,0.7221311475409836,0.5731551144549384
2025-03-01,RKE,NHS ENGLAND LONDON,WHITTINGTON HEALTH NHS TRUST,9282,9282,2600,2600,268,71,0.7198879551820728,0.7198879551820728
2025-03-01,RL1,NHS ENGLAND MIDLANDS,THE ROBERT JONES AND AGNES HUNT ORTHOPAEDIC HOSPITAL NHS FOUNDATION TRUST,0,0,0,0,0,0,,
2025-03-01,RL4,NHS ENGLAND MIDLANDS,THE ROYAL WOLVERHAMPTON NHS TRUST,12866,21433,3895,4108,982,472,0.8083329445247982,0.6972641069485466
2025-03-01,RLQ,NHS ENGLAND MIDLANDS,WYE VALLEY NHS TRUST,6143,7458,2759,2759,415,293,0.6300616787342451,0.5508709099788377
2025-03-01,RLT,NHS ENGLAND MIDLANDS,GEORGE ELIOT HOSPITAL NHS TRUST,7182,8872,2920,2985,453,338,0.6635482416591524,0.5934280144806461
2025-03-01,RM1,NHS ENGLAND EAST OF ENGLAND,NORFOLK AND NORWICH UNIVERSITY HOSPITALS NHS FOUNDATION TRUST,12804,21185,3867,3867,914,255,0.817465187632759,0.6979850046860356
2025-03-01,RM3,NHS ENGLAND NORTH WEST,NORTHERN CARE ALLIANCE NHS FOUNDATION TRUST,25828,34714,10445,10846,1061,1306,0.6875612144955925,0.5955939290692271
2025-03-01,RMC,NHS ENGLAND NORTH WEST,BOLTON NHS FOUNDATION TRUST,8326,12197,3310,3440,555,272,0.7179634336312208,0.6024501561374009
2025-03-01,RMP,NHS ENGLAND NORTH WEST,TAMESIDE AND GLOSSOP INTEGRATED CARE NHS FOUNDATION TRUST,8845,11882,3813,3833,549,146,0.6774112102339673,0.5689089881288864
2025-03-01,RN3,NHS ENGLAND SOUTH WEST,GREAT WESTERN HOSPITALS NHS FOUNDATION TRUST,5662,11314,2928,3386,547,323,0.7007247657769136,0.4828682444365948
2025-03-01,RN5,NHS ENGLAND SOUTH EAST,HAMPSHIRE HOSPITALS NHS FOUNDATION TRUST,11387,14983,4962,5112,299,52,0.6588133217646666,0.5642399227188899
2025-03-01,RN7,NHS ENGLAND SOUTH EAST,DARTFORD AND GRAVESHAM NHS TRUST,11705,15873,3694,3711,546,407,0.7662067662067662,0.6844083724903887
2025-03-01,RNA,NHS ENGLAND MIDLANDS,THE DUDLEY GROUP NHS FOUNDATION TRUST,10115,14629,2893,2992,1960,112,0.7954747419509194,0.7139891250617894
2025-03-01,RNN,NHS ENGLAND NORTH EAST AND YORKSHIRE,NORTH CUMBRIA INTEGRATED CARE NHS FOUNDATION TRUST,8917,10849,3886,3911,589,482,0.63950594524841,0.5642032073567343
2025-03-01,RNQ,NHS ENGLAND MIDLANDS,KETTERING GENERAL HOSPITAL NHS FOUNDATION TRUST,10262,19205,3696,3870,413,891,0.798489976568602,0.6398362892223738
2025-03-01,RNS,NHS ENGLAND MIDLANDS,NORTHAMPTON GENERAL HOSPITAL NHS TRUST,9114,11945,3851,4101,662,674,0.6566764336542487,0.577463243361861
2025-03-01,RNU,NHS ENGLAND SOUTH EAST,OXFORD HEALTH NHS FOUNDATION TRUST,0,3656,0,419,0,0,0.8853938730853391,
2025-03-01,RNZ,NHS ENGLAND SOUTH WEST,SALISBURY NHS FOUNDATION TRUST,4750,6935,2002,2002,467,43,0.7113193943763518,0.5785263157894737
2025-03-01,RP5,NHS ENGLAND NORTH EAST AND YORKSHIRE,DONCASTER AND BASSETLAW TEACHING HOSPITALS NHS FOUNDATION TRUST,14073,18457,4642,4663,965,118,0.7473587256867313,0.6701485113337597
2025-03-01,RP6,NHS ENGLAND LONDON,MOORFIELDS EYE HOSPITAL NHS FOUNDATION TRUST,0,5789,0,92,0,0,0.9841077906374158,
2025-03-01,RPA,NHS ENGLAND SOUTH EAST,MEDWAY NHS FOUNDATION TRUST,9157,16099,3152,3899,351,688,0.7578110441642338,0.6557824615048597
2025-03-01,RPC,NHS ENGLAND SOUTH EAST,QUEEN VICTORIA HOSPITAL NHS FOUNDATION TRUST,0,1400,0,6,0,0,0.9957142857142857,
2025-03-01,RQ3,NHS ENGLAND MIDLANDS,BIRMINGHAM WOMEN'S AND CHILDREN'S NHS FOUNDATION TRUST,5330,5330,656,656,0,7,0.8769230769230769,0.8769230769230769
2025-03-01,RQM,NHS ENGLAND LONDON,CHELSEA AND WESTMINSTER HOSPITAL NHS FOUNDATION TRUST,20043,26529,5353,5455,933,55,0.7943759659240831,0.7329242129421742
2025-03-01,RQW,NHS ENGLAND EAST OF ENGLAND,THE PRINCESS ALEXANDRA HOSPITAL NHS TRUST,8544,10675,3474,3474,401,89,0.6745667447306791,0.5933988764044944
2025-03-01,RQX,NHS ENGLAND LONDON,HOMERTON HEALTHCARE NHS FOUNDATION TRUST,11231,11231,1927,1927,206,22,0.8284213338082094,0.8284213338082094
2025-03-01,RR7,NHS ENGLAND NORTH EAST AND YORKSHIRE,GATESHEAD HEALTH NHS FOUNDATION TRUST,5879,9877,2479,2511,837,2,0.7457730079983801,0.5783296478993025
2025-03-01,RR8,NHS ENGLAND NORTH EAST AND YORKSHIRE,LEEDS TEACHING HOSPITALS NHS TRUST,18011,31514,6490,6541,1716,299,0.7924414545916101,0.6396646493809339
2025-03-01,RRF,NHS ENGLAND NORTH WEST,"WRIGHTINGTON, WIGAN AND LEIGH NHS FOUNDATION TRUST",6924,12790,3509,3618,1146,475,0.7171227521501173,0.49321201617562105
2025-03-01,RRK,NHS ENGLAND MIDLANDS,UNIVERSITY HOSPITALS BIRMINGHAM NHS FOUNDATION TRUST,34819,37090,13817,13887,2859,1690,0.6255864114316527,0.6031764266636033
2025-03-01,RRV,NHS ENGLAND LONDON,UNIVERSITY COLLEGE LONDON HOSPITALS NHS FOUNDATION TRUST,13584,13584,3789,3789,385,80,0.7210689045936396,0.7210689045936396
2025-03-01,RTD,NHS ENGLAND NORTH EAST AND YORKSHIRE,THE NEWCASTLE UPON TYNE HOSPITALS NHS FOUNDATION TRUST,12877,20074,4559,4775,525,37,0.7621301185613231,0.6459579094509591
2025-03-01,RTE,NHS ENGLAND SOUTH WEST,GLOUCESTERSHIRE HOSPITALS NHS FOUNDATION TRUST,13604,13604,5355,5355,377,459,0.6063657747721258,0.6063657747721258
2025-03-01,RTF,NHS ENGLAND NORTH EAST AND YORKSHIRE,NORTHUMBRIA HEALTHCARE NHS FOUNDATION TRUST,10277,23568,2532,2538,35,0,0.8923116089613035,0.7536245986182738
2025-03-01,RTG,NHS ENGLAND MIDLANDS,UNIVERSITY HOSPITALS OF DERBY AND BURTON NHS FOUNDATION TRUST,19603,29545,8775,8778,1047,704,0.7028938906752411,0.5523644340152017
2025-03-01,RTH,NHS ENGLAND SOUTH EAST,OXFORD UNIVERSITY HOSPITALS NHS FOUNDATION TRUST,12850,16765,5248,5255,768,3,0.6865493587831792,0.5915953307392996
2025-03-01,RTK,NHS ENGLAND SOUTH EAST,ASHFORD AND ST PETER'S HOSPITALS NHS FOUNDATION TRUST,10757,10757,3695,3695,528,231,0.6565027424002975,0.6565027424002975
2025-03-01,RTP,NHS ENGLAND SOUTH EAST,SURREY AND SUSSEX HEALTHCARE NHS TRUST,10472,10472,3739,3739,487,688,0.6429526355996944,0.6429526355996944
2025-03-01,RTQ,NHS ENGLAND SOUTH WEST,GLOUCESTERSHIRE HEALTH AND CARE NHS FOUNDATION TRUST,0,8527,0,126,0,0,0.9852234079981236,
2025-03-01,RTR,NHS ENGLAND NORTH EAST AND YORKSHIRE,SOUTH TEES HOSPITALS NHS FOUNDATION TRUST,7561,17001,3994,4503,276,7,0.7351332274572084,0.47176299431292157
2025-03-01,RTX,NHS ENGLAND NORTH WEST,UNIVERSITY HOSPITALS OF MORECAMBE BAY NHS FOUNDATION TRUST,9464,12292,3798,3879,735,544,0.6844288968434754,0.5986897717666948
2025-03-01,RV9,NHS ENGLAND NORTH EAST AND YORKSHIRE,HUMBER TEACHING NHS FOUNDATION TRUST,0,1048,0,10,0,0,0.9904580152671756,
2025-03-01,RVJ,NHS ENGLAND SOUTH WEST,NORTH BRISTOL NHS TRUST,9208,9208,3568,3568,538,407,0.6125108601216334,0.6125108601216334
2025-03-01,RVR,NHS ENGLAND LONDON,EPSOM AND ST HELIER UNIVERSITY HOSPITALS NHS TRUST,11405,13230,3371,3479,253,706,0.737037037037037,0.7044278825076721
2025-03-01,RVV,NHS ENGLAND SOUTH EAST,EAST KENT HOSPITALS UNIVERSITY NHS FOUNDATION TRUST,12820,26108,6228,6642,340,1326,0.7455952198559828,0.5141965678627145
2025-03-01,RVW,NHS ENGLAND NORTH EAST AND YORKSHIRE,NORTH TEES AND HARTLEPOOL NHS FOUNDATION TRUST,5014,16958,2394,2441,164,8,0.8560561386956009,0.5225368966892701
2025-03-01,RW1,NHS ENGLAND SOUTH EAST,HAMPSHIRE AND ISLE OF WIGHT HEALTHCARE NHS FOUNDATION TRUST,0,3122,0,64,0,0,0.9795003203074952,
2025-03-01,RW4,NHS ENGLAND NORTH WEST,MERSEY CARE NHS FOUNDATION TRUST,0,14217,0,405,0,0,0.971512977421397,
2025-03-01,RWA,NHS ENGLAND NORTH EAST AND YORKSHIRE,HULL UNIVERSITY TEACHING HOSPITALS NHS TRUST,9198,14477,5401,6007,1010,536,0.5850659667058092,0.4128071319852141
2025-03-01,RWD,NHS ENGLAND MIDLANDS,UNITED LINCOLNSHIRE TEACHING HOSPITALS NHS TRUST,16558,20489,5812,6229,1074,573,0.6959832105031969,0.6489914240850344
2025-03-01,RWE,NHS ENGLAND MIDLANDS,UNIVERSITY HOSPITALS OF LEICESTER NHS TRUST,22642,24792,9943,10180,1607,901,0.5893836721523071,0.5608603480257928
2025-03-01,RWF,NHS ENGLAND SOUTH EAST,MAIDSTONE AND TUNBRIDGE WELLS NHS TRUST,18303,20675,3116,3142,793,25,0.8480290205562273,0.8297546850243129
2025-03-01,RWG,NHS ENGLAND EAST OF ENGLAND,WEST HERTFORDSHIRE TEACHING HOSPITALS NHS TRUST,8729,16352,2928,3115,819,28,0.8095034246575342,0.6645663879023943
2025-03-01,RWH,NHS ENGLAND EAST OF ENGLAND,EAST AND NORTH HERTFORDSHIRE NHS TRUST,9225,17994,4607,4716,237,170,0.7379126375458487,0.5005962059620597
2025-03-01,RWJ,NHS ENGLAND NORTH WEST,STOCKPORT NHS FOUNDATION TRUST,8213,9453,3239,3320,801,292,0.6487887443139744,0.6056252282966029
2025-03-01,RWP,NHS ENGLAND MIDLANDS,WORCESTERSHIRE ACUTE HOSPITALS NHS TRUST,13805,20008,6738,6809,925,731,0.6596861255497801,0.5119159724737414
2025-03-01,RWW,NHS ENGLAND NORTH WEST,WARRINGTON AND HALTON TEACHING HOSPITALS NHS FOUNDATION TRUST,7025,10315,3560,3718,728,680,0.6395540475036354,0.49323843416370106
2025-03-01,RWX,NHS ENGLAND SOUTH EAST,BERKSHIRE HEALTHCARE NHS FOUNDATION TRUST,0,1479,0,8,0,0,0.9945909398242055,
2025-03-01,RWY,NHS ENGLAND NORTH EAST AND YORKSHIRE,CALDERDALE AND HUDDERSFIELD NHS FOUNDATION TRUST,16307,16307,2976,2976,885,20,0.8175016863923469,0.8175016863923469
2025-03-01,RX1,NHS ENGLAND MIDLANDS,NOTTINGHAM UNIVERSITY HOSPITALS NHS TRUST,13574,15958,7275,7498,210,533,0.5301416217571124,0.46404891704729634
2025-03-01,RXC,NHS ENGLAND SOUTH EAST,EAST SUSSEX HEALTHCARE NHS TRUST,8795,11531,4198,4298,188,92,0.6272656317752147,0.5226833428084139
2025-03-01,RXF,NHS ENGLAND NORTH EAST AND YORKSHIRE,MID YORKSHIRE TEACHING NHS TRUST,17104,23442,6472,6980,2036,277,0.7022438358501835,0.6216089803554724
2025-03-01,RXG,NHS ENGLAND NORTH EAST AND YORKSHIRE,SOUTH WEST YORKSHIRE PARTNERSHIP NHS FOUNDATION TRUST,0,0,0,0,0,0,,
2025-03-01,RXK,NHS ENGLAND MIDLANDS,SANDWELL AND WEST BIRMINGHAM HOSPITALS NHS TRUST,11411,21177,4749,5210,819,231,0.7539783727629031,0.5838226272894576
2025-03-01,RXL,NHS ENGLAND NORTH WEST,BLACKPOOL TEACHING HOSPITALS NHS FOUNDATION TRUST,8950,19971,4016,4087,499,549,0.7953532622302338,0.5512849162011173
2025-03-01,RXN,NHS ENGLAND NORTH WEST,LANCASHIRE TEACHING HOSPITALS NHS FOUNDATION TRUST,12058,15409,4668,4832,1015,418,0.6864170290090207,0.6128711229059546
2025-03-01,RXP,NHS ENGLAND NORTH EAST AND YORKSHIRE,COUNTY DURHAM AND DARLINGTON NHS FOUNDATION TRUST,13515,17703,5213,5213,1831,13,0.7055301361351183,0.6142804291527932
2025-03-01,RXQ,NHS ENGLAND SOUTH EAST,BUCKINGHAMSHIRE HEALTHCARE NHS TRUST,11141,15991,3293,3382,245,260,0.7885060346444875,0.7044250964904407
2025-03-01,RXR,NHS ENGLAND NORTH WEST,EAST LANCASHIRE HOSPITALS NHS TRUST,13340,24513,4452,4979,524,1105,0.7968832864194509,0.6662668665667166
2025-03-01,RXW,NHS ENGLAND MIDLANDS,THE SHREWSBURY AND TELFORD HOSPITAL NHS TRUST,11111,13984,6350,6645,440,1390,0.5248140732265446,0.42849428494284947
2025-03-01,RY2,NHS ENGLAND NORTH WEST,BRIDGEWATER COMMUNITY HEALTHCARE NHS FOUNDATION TRUST,0,3040,0,100,0,0,0.9671052631578947,
2025-03-01,RY4,NHS ENGLAND EAST OF ENGLAND,HERTFORDSHIRE COMMUNITY NHS TRUST,0,1223,0,38,0,0,0.9689288634505315,
2025-03-01,RY5,NHS ENGLAND MIDLANDS,LINCOLNSHIRE COMMUNITY HEALTH SERVICES NHS TRUST,0,8775,0,250,0,0,0.9715099715099715,
2025-03-01,RY7,NHS ENGLAND NORTH WEST,WIRRAL COMMUNITY HEALTH AND CARE NHS FOUNDATION TRUST,0,4551,0,402,0,0,0.9116677653263019,
2025-03-01,RY8,NHS ENGLAND MIDLANDS,DERBYSHIRE COMMUNITY HEALTH SERVICES NHS FOUNDATION TRUST,0,7172,0,122,0,0,0.982989403234802,
2025-03-01,RYF,NHS ENGLAND SOUTH WEST,SOUTH WESTERN AMBULANCE SERVICE NHS FOUNDATION TRUST,0,1927,0,16,0,0,0.9916969382459782,
2025-03-01,RYG,NHS ENGLAND MIDLANDS,COVENTRY AND WARWICKSHIRE PARTNERSHIP NHS TRUST,0,0,0,0,0,0,,
2025-03-01,RYJ,NHS ENGLAND LONDON,IMPERIAL COLLEGE HEALTHCARE NHS TRUST,12089,23286,5333,5727,650,387,0.7540582324143262,0.5588551575812722
2025-03-01,RYR,NHS ENGLAND SOUTH EAST,UNIVERSITY HOSPITALS SUSSEX NHS FOUNDATION TRUST,26658,30200,10030,10300,817,912,0.6589403973509933,0.623752719633881
2025-03-01,RYX,NHS ENGLAND LONDON,CENTRAL LONDON COMMUNITY HEALTHCARE NHS TRUST,0,12768,0,404,0,0,0.968358395989975,
2025-03-01,RYY,NHS ENGLAND SOUTH EAST,KENT COMMUNITY HEALTH NHS FOUNDATION TRUST,0,9690,0,32,0,0,0.9966976264189886,
2025-03-01,Y00751,NHS ENGLAND SOUTH EAST,EAST BERKS PRIMARY CARE OOH(WAM),0,0,0,0,0,0,,
2025-03-01,Y02147,NHS ENGLAND LONDON,URGENT CARE CENTRE (QMS),0,8224,0,184,0,0,0.9776264591439688,
2025-03-01,Y02428,NHS ENGLAND EAST OF ENGLAND,PUTNOE WALK IN CENTRE,0,3139,0,0,0,0,1.0,
2025-03-01,Y02532,NHS ENGLAND NORTH WEST,MIRIAM MINOR EMERGENCY,0,1709,0,0,0,0,1.0,
2025-03-01,Y02615,NHS ENGLAND MIDLANDS,SOUTH BIRMINGHAM GP WALK IN CENTRE,0,7113,0,0,0,0,1.0,
2025-03-01,Y02676,NHS ENGLAND SOUTH EAST,BRIGHTON STATION HEALTH CENTRE,0,2040,0,0,0,0,1.0,
2025-03-01,Y03007,NHS ENGLAND MIDLANDS,ERDINGTON GP HEALTH & WELLBEING WIC,0,0,0,0,0,0,,
2025-03-01,Y03218,NHS ENGLAND LONDON,THE PINN UNREGISTERED WIC,0,603,0,0,0,0,1.0,
2025-03-01,Y07709,NHS ENGLAND SOUTH EAST,READING URGENT CARE CENTRE,0,2020,0,0,0,0,1.0,
2025-04-01,8J094,NHS ENGLAND MIDLANDS,BADGER LTD,0,0,0,0,0,0,,
2025-04-01,A5D4Q,NHS ENGLAND MIDLANDS,NEMS UTC,0,3399,0,777,0,0,0.7714033539276257,
2025-04-01,AAH,NHS ENGLAND SOUTH WEST,TETBURY HOSPITAL TRUST LTD,0,536,0,0,0,0,1.0,
2025-04-01,ACH01,NHS ENGLAND SOUTH EAST,WHITSTABLE MEDICAL PRACTICE,0,4951,0,0,0,0,1.0,
2025-04-01,AD913,NHS ENGLAND LONDON,BECKENHAM BEACON UCC,0,3736,0,49,0,0,0.9868843683083511,
2025-04-01,AJN,NHS ENGLAND NORTH EAST AND YORKSHIRE,WORKINGTON HEALTH LIMITED,0,361,0,0,0,0,1.0,
2025-04-01,AQN04,NHS ENGLAND SOUTH EAST,PHL LYMINGTON UTC,0,3297,0,42,0,0,0.9872611464968153,
2025-04-01,ARN03,NHS ENGLAND NORTH EAST AND YORKSHIRE,LOCAL CARE DIRECT,0,2226,0,9,0,0,0.9959568733153639,
2025-04-01,C82009,NHS ENGLAND MIDLANDS,MARKET HARBOROUGH MED.CTR,0,266,0,0,0,0,1.0,
2025-04-01,C82038,NHS ENGLAND MIDLANDS,LATHAM HOUSE MEDICAL PRACTICE,0,338,0,0,0,0,1.0,
2025-04-01,C83023,NHS ENGLAND MIDLANDS,SLEAFORD MEDICAL GROUP,0,480,0,0,0,0,1.0,
2025-04-01,DT301,NHS ENGLAND EAST OF ENGLAND,HERTS URGENT CARE (ASCOTS LANE),0,2137,0,83,0,0,0.9611605053813758,
2025-04-01,G0Q0L,NHS ENGLAND LONDON,BARKING HOSPITAL UTC,0,2768,0,13,0,0,0.9953034682080925,
2025-04-01,K6K0R,NHS ENGLAND LONDON,HAROLD WOOD POLYCLINIC UTC,0,2491,0,10,0,0,0.9959855479727018,
2025-04-01,L83087,NHS ENGLAND SOUTH WEST,OKEHAMPTON MEDICAL CENTRE,0,77,0,0,0,0,1.0,
2025-04-01,NDJ,NHS ENGLAND SOUTH EAST,FIRST COMMUNITY HEALTH AND CARE CIC,0,2350,0,0,0,0,1.0,
2025-04-01,NL7,NHS ENGLAND MIDLANDS,ASSURA VERTIS URGENT CARE CENTRES (BIRMINGHAM),0,3148,0,0,0,0,1.0,
2025-04-01,NLX,NHS ENGLAND SOUTH WEST,SIRONA CARE & HEALTH,0,8692,0,328,0,0,0.9622641509433962,
2025-04-01,NNF09,NHS ENGLAND NORTH EAST AND YORKSHIRE,BRANSHOLME HEALTH CENTRE,0,3556,0,584,0,0,0.8357705286839145,
2025-04-01,NNF16,NHS ENGLAND NORTH EAST AND YORKSHIRE,BRIDLINGTON HOSPITAL,0,1586,0,61,0,0,0.9615384615384616,
2025-04-01,NNF94,NHS ENGLAND NORTH EAST AND YORKSHIRE,EAST RIDING COMMUNITY HOSPITAL,0,3043,0,231,0,0,0.9240880709825829,
2025-04-01,NNFA7,NHS ENGLAND NORTH EAST AND YORKSHIRE,GOOLE & DISTRICT HOSPITAL,0,1675,0,7,0,0,0.9958208955223881,
2025-04-01,NNJ,NHS ENGLAND MIDLANDS,DHU HEALTH CARE C.I.C,0,1994,0,0,0,0,1.0,
2025-04-01,NNJ07,NHS ENGLAND MIDLANDS,LOUGHBOROUGH URGENT CARE CENTRE,0,5168,0,24,0,0,0.9953560371517027,
2025-04-01,NNJ0H,NHS ENGLAND MIDLANDS,LLR EA - THE MERLYN VAZ HEALTH & SOCIAL CARE CENTRE,0,164,0,0,0,0,1.0,
2025-04-01,NNJ12,NHS ENGLAND MIDLANDS,MARKET HARBOROUGH,0,112,0,0,0,0,1.0,
2025-04-01,NNJ13,NHS ENGLAND MIDLANDS,MELTON MOWBRAY,0,64,0,0,0,0,1.0,
2025-04-01,NNJ14,NHS ENGLAND MIDLANDS,OADBY,0,561,0,0,0,0,1.0,
2025-04-01,NNJ15,NHS ENGLAND MIDLANDS,OAKHAM,0,75,0,0,0,0,1.0,
2025-04-01,NQT51,NHS ENGLAND SOUTH EAST,STATION PLAZA HEALTH CENTRE,0,1209,0,0,0,0,1.0,
2025-04-01,NQT5F,NHS ENGLAND NORTH WEST,SKELMERSDALE WALK IN CENTRE,0,1730,0,6,0,0,0.9965317919075144,
2025-04-01,NQT5H,NHS ENGLAND SOUTH WEST,PAULTON MEMORIAL HOSPITAL,0,913,0,5,0,0,0.9945235487404163,
2025-04-01,NQTE4,NHS ENGLAND MIDLANDS,SUMMERFIELD URGENT CARE CENTRE,0,3055,0,0,0,0,1.0,
2025-04-01,NR3,NHS ENGLAND MIDLANDS,NOTTINGHAM CITYCARE PARTNERSHIP,0,4992,0,580,0,0,0.8838141025641025,
2025-04-01,NTP11,NHS ENGLAND SOUTH EAST,PRACTICE PLUS GROUP HOSPITAL - SOUTHAMPTON,0,5503,0,54,0,0,0.9901871706341995,
2025-04-01,NTPAD,NHS ENGLAND SOUTH EAST,PRACTICE PLUS GROUP SURGICAL CENTRE - ST MARYS PORTSMOUTH,0,5249,0,207,0,0,0.9605639169365594,
2025-04-01,NTV0B,NHS ENGLAND SOUTH EAST,ASHFORD WALK-IN-CENTRE,0,2333,0,49,0,0,0.9789969995713673,
2025-04-01,NTV0W,NHS ENGLAND SOUTH EAST,WOKING WALK IN CENTRE,0,2528,0,58,0,0,0.9770569620253164,
2025-04-01,NV693,NHS ENGLAND NORTH WEST,ROSSENDALE MIU & OOH,0,1108,0,0,0,0,1.0,
2025-04-01,R0A,NHS ENGLAND NORTH WEST,MANCHESTER UNIVERSITY NHS FOUNDATION TRUST,24296,38718,10628,11374,3597,101,0.7062348261790381,0.5625617385577872
2025-04-01,R0B,NHS ENGLAND NORTH EAST AND YORKSHIRE,SOUTH TYNESIDE AND SUNDERLAND NHS FOUNDATION TRUST,11042,18334,5342,5519,814,15,0.6989745827424457,0.5162108313711284
2025-04-01,R0D,NHS ENGLAND SOUTH WEST,UNIVERSITY HOSPITALS DORSET NHS FOUNDATION TRUST,13652,19084,5603,5603,902,185,0.7064032697547684,0.5895839437445063
2025-04-01,R1D,NHS ENGLAND MIDLANDS,SHROPSHIRE COMMUNITY HEALTH NHS TRUST,0,3041,0,5,0,0,0.9983558040118382,
2025-04-01,R1F,NHS ENGLAND SOUTH EAST,ISLE OF WIGHT NHS TRUST,4279,6149,1845,1845,317,132,0.6999512115791185,0.5688244917036691
2025-04-01,R1H,NHS ENGLAND LONDON,BARTS HEALTH NHS TRUST,25265,44402,11668,13311,1215,1148,0.7002162064771857,0.5381753413813576
2025-04-01,R1K,NHS ENGLAND LONDON,LONDON NORTH WEST UNIVERSITY HEALTHCARE NHS TRUST,13592,28542,6467,6662,666,385,0.7665895872748931,0.5242054149499706
2025-04-01,RA2,NHS ENGLAND SOUTH EAST,ROYAL SURREY COUNTY HOSPITAL NHS FOUNDATION TRUST,6632,8183,2022,2022,261,1,0.7529023585482097,0.6951145958986731
2025-04-01,RA7,NHS ENGLAND SOUTH WEST,UNIVERSITY HOSPITALS BRISTOL AND WESTON NHS FOUNDATION TRUST,14960,17384,5377,5599,1107,486,0.6779222273354809,0.6405748663101605
2025-04-01,RA9,NHS ENGLAND SOUTH WEST,TORBAY AND SOUTH DEVON NHS FOUNDATION TRUST,6336,9583,2613,2628,202,23,0.7257643744130231,0.587594696969697
2025-04-01,RAE,NHS ENGLAND NORTH EAST AND YORKSHIRE,BRADFORD TEACHING HOSPITALS NHS FOUNDATION TRUST,8991,13310,2270,2270,648,71,0.8294515401953418,0.7475253030808586
2025-04-01,RAJ,NHS ENGLAND EAST OF ENGLAND,MID AND SOUTH ESSEX NHS FOUNDATION TRUST,29676,33477,10890,11071,2531,640,0.6692953370971115,0.6330367974120501
2025-04-01,RAL,NHS ENGLAND LONDON,ROYAL FREE LONDON NHS FOUNDATION TRUST,24636,41077,9696,10705,1192,1792,0.7393918737979892,0.6064296151972723
2025-04-01,RAN,NHS ENGLAND LONDON,ROYAL NATIONAL ORTHOPAEDIC HOSPITAL NHS TRUST,0,0,0,0,0,0,,
2025-04-01,RAS,NHS ENGLAND LONDON,THE HILLINGDON HOSPITALS NHS FOUNDATION TRUST,5926,12770,3174,3223,583,78,0.7476115896632733,0.46439419507256163
2025-04-01,RAT,NHS ENGLAND LONDON,NORTH EAST LONDON NHS FOUNDATION TRUST,0,1730,0,63,0,0,0.9635838150289018,
2025-04-01,RAX,NHS ENGLAND LONDON,KINGSTON AND RICHMOND NHS FOUNDATION TRUST,6646,15151,3351,3608,135,504,0.7618639033727147,0.49578693951248876
2025-04-01,RBD,NHS ENGLAND SOUTH WEST,DORSET COUNTY HOSPITAL NHS FOUNDATION TRUST,4319,4319,1549,1549,201,25,0.6413521648529752,0.6413521648529752
2025-04-01,RBK,NHS ENGLAND MIDLANDS,WALSALL HEALTHCARE NHS TRUST,9005,13293,3149,3250,987,238,0.755510419017528,0.650305385896724
2025-04-01,RBL,NHS ENGLAND NORTH WEST,WIRRAL UNIVERSITY TEACHING HOSPITAL NHS FOUNDATION TRUST,7388,10382,3758,3886,469,783,0.6256983240223464,0.49133730373578777
2025-04-01,RBN,NHS ENGLAND NORTH WEST,MERSEY AND WEST LANCASHIRE TEACHING HOSPITALS NHS TRUST,16848,24011,5987,6127,490,349,0.744825288409479,0.6446462488129154
2025-04-01,RBQ,NHS ENGLAND NORTH WEST,LIVERPOOL HEART AND CHEST HOSPITAL NHS FOUNDATION TRUST,0,0,0,0,0,0,,
2025-04-01,RBS,NHS ENGLAND NORTH WEST,ALDER HEY CHILDREN'S NHS FOUNDATION TRUST,5674,5674,804,804,1,0,0.8583010222065562,0.8583010222065562
2025-04-01,RBT,NHS ENGLAND NORTH WEST,MID CHESHIRE HOSPITALS NHS FOUNDATION TRUST,6945,9835,4074,4127,594,492,0.5803762074224708,0.41339092872570193
2025-04-01,RBV,NHS ENGLAND NORTH WEST,THE CHRISTIE NHS FOUNDATION TRUST,0,0,0,0,0,0,,
2025-04-01,RC9,NHS ENGLAND EAST OF ENGLAND,BEDFORDSHIRE HOSPITALS NHS FOUNDATION TRUST,16149,24056,6626,6626,80,4,0.724559361489857,0.5896959564059694
2025-04-01,RCB,NHS ENGLAND NORTH EAST AND YORKSHIRE,YORK AND SCARBOROUGH TEACHING HOSPITALS NHS FOUNDATION TRUST,10390,17739,6046,6430,852,628,0.6375218445233666,0.4180943214629451
2025-04-01,RCD,NHS ENGLAND NORTH EAST AND YORKSHIRE,HARROGATE AND DISTRICT NHS FOUNDATION TRUST,4918,5887,1081,1082,185,2,0.816205197893664,0.780195201301342
2025-04-01,RCF,NHS ENGLAND NORTH EAST AND YORKSHIRE,AIREDALE NHS FOUNDATION TRUST,5994,6213,2246,2246,381,116,0.6384999195235797,0.625291958625292
2025-04-01,RCU,NHS ENGLAND NORTH EAST AND YORKSHIRE,SHEFFIELD CHILDREN'S NHS FOUNDATION TRUST,4162,4513,299,299,7,0,0.9337469532461777,0.9281595386833253
2025-04-01,RCX,NHS ENGLAND EAST OF ENGLAND,"THE QUEEN ELIZABETH HOSPITAL, KING'S LYNN, NHS FOUNDATION TRUST",6646,7816,3021,3021,772,111,0.6134851586489253,0.5454408666867289
2025-04-01,RD1,NHS ENGLAND SOUTH WEST,ROYAL UNITED HOSPITALS BATH NHS FOUNDATION TRUST,8660,8660,3622,3622,778,120,0.58175519630485,0.58175519630485
2025-04-01,RD8,NHS ENGLAND EAST OF ENGLAND,MILTON KEYNES UNIVERSITY HOSPITAL NHS FOUNDATION TRUST,7762,12756,2374,2445,478,0,0.8083254938852305,0.694150992012368
2025-04-01,RDE,NHS ENGLAND EAST OF ENGLAND,EAST SUFFOLK AND NORTH ESSEX NHS FOUNDATION TRUST,11291,24867,5453,5782,1139,589,0.7674830096111313,0.5170489770613763
2025-04-01,RDR,NHS ENGLAND SOUTH EAST,SUSSEX COMMUNITY NHS FOUNDATION TRUST,0,11779,0,132,0,0,0.9887936157568554,
2025-04-01,RDU,NHS ENGLAND SOUTH EAST,FRIMLEY HEALTH NHS FOUNDATION TRUST,21751,34112,9653,9953,1563,129,0.7082258442776735,0.5562043124454048
2025-04-01,RDY,NHS ENGLAND SOUTH WEST,DORSET HEALTHCARE UNIVERSITY NHS FOUNDATION TRUST,0,0,0,0,0,0,,
2025-04-01,REF,NHS ENGLAND SOUTH WEST,ROYAL CORNWALL HOSPITALS NHS TRUST,6767,19195,3415,3982,777,457,0.7925501432664757,0.4953450568937491
2025-04-01,REM,NHS ENGLAND NORTH WEST,LIVERPOOL UNIVERSITY HOSPITALS NHS FOUNDATION TRUST,15728,25192,8092,8370,1799,818,0.6677516671959352,0.4855035605289929
2025-04-01,REP,NHS ENGLAND NORTH WEST,LIVERPOOL WOMEN'S NHS FOUNDATION TRUST,0,1416,0,168,0,0,0.8813559322033898,
2025-04-01,RET,NHS ENGLAND NORTH WEST,THE WALTON CENTRE NHS FOUNDATION TRUST,0,0,0,0,0,0,,
2025-04-01,RF4,NHS ENGLAND LONDON,"BARKING, HAVERING AND REDBRIDGE UNIVERSITY HOSPITALS NHS TRUST",13402,29723,5899,6393,713,795,0.7849140396326078,0.5598418146545292
2025-04-01,RFF,NHS ENGLAND NORTH EAST AND YORKSHIRE,BARNSLEY HOSPITAL NHS FOUNDATION TRUST,8877,8877,2936,2936,439,5,0.6692576320829109,0.6692576320829109
2025-04-01,RFR,NHS ENGLAND NORTH EAST AND YORKSHIRE,THE ROTHERHAM NHS FOUNDATION TRUST,8977,8977,2806,2806,525,3,0.6874234153948982,0.6874234153948982
2025-04-01,RFS,NHS ENGLAND MIDLANDS,CHESTERFIELD ROYAL HOSPITAL NHS FOUNDATION TRUST,6703,13085,3410,3786,873,139,0.7106610622850592,0.4912725645233478
2025-04-01,RGN,NHS ENGLAND EAST OF ENGLAND,NORTH WEST ANGLIA NHS FOUNDATION TRUST,14259,18465,5836,5921,576,767,0.6793392905496887,0.590714636370012
2025-04-01,RGP,NHS ENGLAND EAST OF ENGLAND,JAMES PAGET UNIVERSITY HOSPITALS NHS FOUNDATION TRUST,7431,8818,3244,3244,615,344,0.6321161261056929,0.5634504104427398
2025-04-01,RGR,NHS ENGLAND EAST OF ENGLAND,WEST SUFFOLK NHS FOUNDATION TRUST,7602,8326,1570,1570,285,118,0.8114340619745376,0.7934754012102079
2025-04-01,RGT,NHS ENGLAND EAST OF ENGLAND,CAMBRIDGE UNIVERSITY HOSPITALS NHS FOUNDATION TRUST,10171,15847,4127,4221,498,242,0.7336404366757114,0.5942385212860093
2025-04-01,RH5,NHS ENGLAND SOUTH WEST,SOMERSET NHS FOUNDATION TRUST,12443,22152,6110,6356,676,175,0.713073311664861,0.5089608615285703
2025-04-01,RH8,NHS ENGLAND SOUTH WEST,ROYAL DEVON UNIVERSITY HEALTHCARE NHS FOUNDATION TRUST,12301,16381,4983,4989,932,214,0.6954398388376778,0.594910982846923
2025-04-01,RHM,NHS ENGLAND SOUTH EAST,UNIVERSITY HOSPITAL SOUTHAMPTON NHS FOUNDATION TRUST,11577,12886,4553,4690,628,10,0.6360391122148068,0.6067202211280989
2025-04-01,RHQ,NHS ENGLAND NORTH EAST AND YORKSHIRE,SHEFFIELD TEACHING HOSPITALS NHS FOUNDATION TRUST,8806,16777,4677,4968,1157,4,0.7038803123323598,0.46888485123779244
2025-04-01,RHU,NHS ENGLAND SOUTH EAST,PORTSMOUTH HOSPITALS UNIVERSITY NHS TRUST,9902,13829,4250,4434,1009,503,0.6793694410297202,0.5707937790345385
2025-04-01,RHW,NHS ENGLAND SOUTH EAST,ROYAL BERKSHIRE NHS FOUNDATION TRUST,10298,14847,4206,4239,672,25,0.7144877753081431,0.5915711788696834
2025-04-01,RJ1,NHS ENGLAND LONDON,GUY'S AND ST THOMAS' NHS FOUNDATION TRUST,9921,17442,3744,3966,98,64,0.7726178190574475,0.6226186876322951
2025-04-01,RJ2,NHS ENGLAND LONDON,LEWISHAM AND GREENWICH NHS TRUST,15481,24609,8235,8500,1279,778,0.6545979113332521,0.4680576190168594
2025-04-01,RJ6,NHS ENGLAND LONDON,CROYDON HEALTH SERVICES NHS TRUST,12685,17535,3660,3660,295,538,0.7912745936698032,0.7114702404414663
2025-04-01,RJ7,NHS ENGLAND LONDON,ST GEORGE'S UNIVERSITY HOSPITALS NHS FOUNDATION TRUST,8495,11938,1972,1972,397,834,0.8348132015412967,0.7678634490876987
2025-04-01,RJ8,NHS ENGLAND SOUTH WEST,CORNWALL PARTNERSHIP NHS FOUNDATION TRUST,0,0,0,0,0,0,,
2025-04-01,RJC,NHS ENGLAND MIDLANDS,SOUTH WARWICKSHIRE UNIVERSITY NHS FOUNDATION TRUST,7824,8265,2271,2271,397,35,0.7252268602540834,0.709739263803681
2025-04-01,RJE,NHS ENGLAND MIDLANDS,UNIVERSITY HOSPITALS OF NORTH MIDLANDS NHS TRUST,13944,22945,7686,7925,1119,930,0.6546088472434082,0.4487951807228916
2025-04-01,RJL,NHS ENGLAND NORTH EAST AND YORKSHIRE,NORTHERN LINCOLNSHIRE AND GOOLE NHS FOUNDATION TRUST,9087,16134,4947,5029,654,800,0.6882980042147019,0.45559590623968305
2025-04-01,RJN,NHS ENGLAND NORTH WEST,EAST CHESHIRE NHS TRUST,4406,4406,2314,2314,163,278,0.474807081252837,0.474807081252837
2025-04-01,RJR,NHS ENGLAND NORTH WEST,COUNTESS OF CHESTER HOSPITAL NHS FOUNDATION TRUST,5079,7455,2712,2974,234,709,0.6010731052984575,0.46603662138216184
2025-04-01,RJZ,NHS ENGLAND LONDON,KING'S COLLEGE HOSPITAL NHS FOUNDATION TRUST,15261,24461,6420,6884,1693,583,0.7185724214055027,0.5793198348732063
2025-04-01,RK5,NHS ENGLAND MIDLANDS,SHERWOOD FOREST HOSPITALS NHS FOUNDATION TRUST,10304,16028,3312,3618,476,105,0.774270027451959,0.6785714285714286
2025-04-01,RK9,NHS ENGLAND SOUTH WEST,UNIVERSITY HOSPITALS PLYMOUTH NHS TRUST,9037,14545,4695,4794,506,583,0.6704022000687522,0.480469182250747
2025-04-01,RKB,NHS ENGLAND MIDLANDS,UNIVERSITY HOSPITALS COVENTRY AND WARWICKSHIRE NHS TRUST,11718,19197,4898,5227,70,29,0.7277178725842579,0.5820105820105821
2025-04-01,RKE,NHS ENGLAND LONDON,WHITTINGTON HEALTH NHS TRUST,8831,8831,2619,2619,243,222,0.7034310950062281,0.7034310950062281
2025-04-01,RL1,NHS ENGLAND MIDLANDS,THE ROBERT JONES AND AGNES HUNT ORTHOPAEDIC HOSPITAL NHS FOUNDATION TRUST,0,0,0,0,0,0,,
2025-04-01,RL4,NHS ENGLAND MIDLANDS,THE ROYAL WOLVERHAMPTON NHS TRUST,12293,20602,3523,3715,989,244,0.8196777011940588,0.7134141381273895
2025-04-01,RLQ,NHS ENGLAND MIDLANDS,WYE VALLEY NHS TRUST,5878,7114,3041,3041,429,277,0.5725330334551588,0.48264715889758425
2025-04-01,RLT,NHS ENGLAND MIDLANDS,GEORGE ELIOT HOSPITAL NHS TRUST,6867,8478,2312,2335,401,307,0.7245812691672564,0.6633173146934614
2025-04-01,RM1,NHS ENGLAND EAST OF ENGLAND,NORFOLK AND NORWICH UNIVERSITY HOSPITALS NHS FOUNDATION TRUST,12259,20322,4018,4023,994,246,0.8020372010628876,0.6722408026755853
2025-04-01,RM3,NHS ENGLAND NORTH WEST,NORTHERN CARE ALLIANCE NHS FOUNDATION TRUST,25192,33638,10385,10788,1013,1222,0.6792912777216243,0.5877659574468085
2025-04-01,RMC,NHS ENGLAND NORTH WEST,BOLTON NHS FOUNDATION TRUST,7889,11786,3771,3981,551,488,0.6622263702698117,0.5219926479908734
2025-04-01,RMP,NHS ENGLAND NORTH WEST,TAMESIDE AND GLOSSOP INTEGRATED CARE NHS FOUNDATION TRUST,8544,11422,3997,4014,574,368,0.6485729294344248,0.5321863295880149
2025-04-01,RN3,NHS ENGLAND SOUTH WEST,GREAT WESTERN HOSPITALS NHS FOUNDATION TRUST,5552,11033,2911,3354,540,342,0.6960029003897399,0.47568443804034577
2025-04-01,RN5,NHS ENGLAND SOUTH EAST,HAMPSHIRE HOSPITALS NHS FOUNDATION TRUST,10837,14228,4897,5000,261,54,0.6485802642676413,0.5481221740334041
2025-04-01,RN7,NHS ENGLAND SOUTH EAST,DARTFORD AND GRAVESHAM NHS TRUST,11082,15145,3911,3933,458,525,0.7403103334433807,0.6470853636527703
2025-04-01,RNA,NHS ENGLAND MIDLANDS,THE DUDLEY GROUP NHS FOUNDATION TRUST,9578,13684,3362,3482,1921,145,0.745542239111371,0.6489872624765087
2025-04-01,RNN,NHS ENGLAND NORTH EAST AND YORKSHIRE,NORTH CUMBRIA INTEGRATED CARE NHS FOUNDATION TRUST,8794,11030,3968,3998,556,496,0.6375339981867634,0.5487832613145327
2025-04-01,RNQ,NHS ENGLAND MIDLANDS,KETTERING GENERAL HOSPITAL NHS FOUNDATION TRUST,9774,18207,3753,3878,562,815,0.7870049980776624,0.6160220994475138
2025-04-01,RNS,NHS ENGLAND MIDLANDS,NORTHAMPTON GENERAL HOSPITAL NHS TRUST,9964,12668,4211,4308,712,667,0.6599305336280392,0.5773785628261743
2025-04-01,RNU,NHS ENGLAND SOUTH EAST,OXFORD HEALTH NHS FOUNDATION TRUST,0,4227,0,292,0,0,0.9309202744263071,
2025-04-01,RNZ,NHS ENGLAND SOUTH WEST,SALISBURY NHS FOUNDATION TRUST,4720,6896,2075,2075,477,57,0.699100928074246,0.5603813559322034
2025-04-01,RP5,NHS ENGLAND NORTH EAST AND YORKSHIRE,DONCASTER AND BASSETLAW TEACHING HOSPITALS NHS FOUNDATION TRUST,13769,17990,4725,4758,1050,65,0.7355197331851029,0.6568378240976106
2025-04-01,RP6,NHS ENGLAND LONDON,MOORFIELDS EYE HOSPITAL NHS FOUNDATION TRUST,0,5987,0,173,0,0,0.9711040587940538,
2025-04-01,RPA,NHS ENGLAND SOUTH EAST,MEDWAY NHS FOUNDATION TRUST,8901,15332,2989,3682,419,412,0.75984868249413,0.6641950342658128
2025-04-01,RPC,NHS ENGLAND SOUTH EAST,QUEEN VICTORIA HOSPITAL NHS FOUNDATION TRUST,0,1450,0,15,0,0,0.9896551724137931,
2025-04-01,RQ3,NHS ENGLAND MIDLANDS,BIRMINGHAM WOMEN'S AND CHILDREN'S NHS FOUNDATION TRUST,4837,4837,479,479,1,1,0.9009716766590862,0.9009716766590862
2025-04-01,RQM,NHS ENGLAND LONDON,CHELSEA AND WESTMINSTER HOSPITAL NHS FOUNDATION TRUST,18876,24960,4578,4653,572,49,0.8135817307692308,0.7574698029243484
2025-04-01,RQW,NHS ENGLAND EAST OF ENGLAND,THE PRINCESS ALEXANDRA HOSPITAL NHS TRUST,7467,9386,3194,3194,379,87,0.6597059450245046,0.5722512387839829
2025-04-01,RQX,NHS ENGLAND LONDON,HOMERTON HEALTHCARE NHS FOUNDATION TRUST,10777,10777,1940,1940,198,24,0.8199870093718103,0.8199870093718103
2025-04-01,RR7,NHS ENGLAND NORTH EAST AND YORKSHIRE,GATESHEAD HEALTH NHS FOUNDATION TRUST,5888,9832,2646,2696,796,0,0.7257933279088691,0.5506114130434783
2025-04-01,RR8,NHS ENGLAND NORTH EAST AND YORKSHIRE,LEEDS TEACHING HOSPITALS NHS TRUST,17114,29830,6974,7208,1740,275,0.7583640630238015,0.5924973705737993
2025-04-01,RRF,NHS ENGLAND NORTH WEST,"WRIGHTINGTON, WIGAN AND LEIGH NHS FOUNDATION TRUST",6430,12138,3394,3469,1095,444,0.7142033283901796,0.4721617418351477
2025-04-01,RRK,NHS ENGLAND MIDLANDS,UNIVERSITY HOSPITALS BIRMINGHAM NHS FOUNDATION TRUST,34366,36554,14652,14739,2801,2096,0.5967883131805001,0.5736483733923063
2025-04-01,RRV,NHS ENGLAND LONDON,UNIVERSITY COLLEGE LONDON HOSPITALS NHS FOUNDATION TRUST,12998,12998,3829,3829,427,126,0.7054162178796738,0.7054162178796738
2025-04-01,RTD,NHS ENGLAND NORTH EAST AND YORKSHIRE,THE NEWCASTLE UPON TYNE HOSPITALS NHS FOUNDATION TRUST,11926,19923,4751,4943,738,85,0.7518947949605983,0.60162669797082
2025-04-01,RTE,NHS ENGLAND SOUTH WEST,GLOUCESTERSHIRE HOSPITALS NHS FOUNDATION TRUST,13095,13095,5171,5171,412,461,0.6051164566628484,0.6051164566628484
2025-04-01,RTF,NHS ENGLAND NORTH EAST AND YORKSHIRE,NORTHUMBRIA HEALTHCARE NHS FOUNDATION TRUST,9960,23336,2557,2566,61,0,0.8900411381556393,0.7432730923694779
2025-04-01,RTG,NHS ENGLAND MIDLANDS,UNIVERSITY HOSPITALS OF DERBY AND BURTON NHS FOUNDATION TRUST,18237,27463,8556,8566,1219,386,0.6880894294141209,0.5308438887974996
2025-04-01,RTH,NHS ENGLAND SOUTH EAST,OXFORD UNIVERSITY HOSPITALS NHS FOUNDATION TRUST,12200,17470,4243,4245,650,0,0.7570120206067544,0.6522131147540984
2025-04-01,RTK,NHS ENGLAND SOUTH EAST,ASHFORD AND ST PETER'S HOSPITALS NHS FOUNDATION TRUST,6744,14951,3640,3789,548,183,0.7465721356431008,0.4602609727164887
2025-04-01,RTP,NHS ENGLAND SOUTH EAST,SURREY AND SUSSEX HEALTHCARE NHS TRUST,10067,10067,3783,3783,507,609,0.6242177411343995,0.6242177411343995
2025-04-01,RTQ,NHS ENGLAND SOUTH WEST,GLOUCESTERSHIRE HEALTH AND CARE NHS FOUNDATION TRUST,0,8409,0,170,0,0,0.9797835652277322,
2025-04-01,RTR,NHS ENGLAND NORTH EAST AND YORKSHIRE,SOUTH TEES HOSPITALS NHS FOUNDATION TRUST,7386,16726,3650,4206,318,13,0.7485352146358962,0.5058218250744653
2025-04-01,RTX,NHS ENGLAND NORTH WEST,UNIVERSITY HOSPITALS OF MORECAMBE BAY NHS FOUNDATION TRUST,9021,12004,3380,3440,658,443,0.7134288570476508,0.6253187008092229
2025-04-01,RV9,NHS ENGLAND NORTH EAST AND YORKSHIRE,HUMBER TEACHING NHS FOUNDATION TRUST,0,1134,0,0,0,0,1.0,
2025-04-01,RVJ,NHS ENGLAND SOUTH WEST,NORTH BRISTOL NHS TRUST,8866,8866,3494,3494,606,299,0.6059102188134446,0.6059102188134446
2025-04-01,RVR,NHS ENGLAND LONDON,EPSOM AND ST HELIER UNIVERSITY HOSPITALS NHS TRUST,10804,12655,3246,3369,266,700,0.733781114184117,0.6995557201036653
2025-04-01,RVV,NHS ENGLAND SOUTH EAST,EAST KENT HOSPITALS UNIVERSITY NHS FOUNDATION TRUST,12301,24686,5640,5883,449,1256,0.7616867860325691,0.5415006910007316
2025-04-01,RVW,NHS ENGLAND NORTH EAST AND YORKSHIRE,NORTH TEES AND HARTLEPOOL NHS FOUNDATION TRUST,5058,16639,2734,2781,196,10,0.8328625518360478,0.4594701463028865
2025-04-01,RW1,NHS ENGLAND SOUTH EAST,HAMPSHIRE AND ISLE OF WIGHT HEALTHCARE NHS FOUNDATION TRUST,0,2866,0,70,0,0,0.9755757152826239,
2025-04-01,RW4,NHS ENGLAND NORTH WEST,MERSEY CARE NHS FOUNDATION TRUST,0,13070,0,194,0,0,0.9851568477429227,
2025-04-01,RWA,NHS ENGLAND NORTH EAST AND YORKSHIRE,HULL UNIVERSITY TEACHING HOSPITALS NHS TRUST,9122,13767,5265,6010,1037,506,0.5634488269049176,0.4228239421179566
2025-04-01,RWD,NHS ENGLAND MIDLANDS,UNITED LINCOLNSHIRE TEACHING HOSPITALS NHS TRUST,16201,20004,5913,6400,998,969,0.6800639872025596,0.6350225294734893
2025-04-01,RWE,NHS ENGLAND MIDLANDS,UNIVERSITY HOSPITALS OF LEICESTER NHS TRUST,21293,23204,9211,9346,1390,724,0.5972246164454404,0.5674165218616447
2025-04-01,RWF,NHS ENGLAND SOUTH EAST,MAIDSTONE AND TUNBRIDGE WELLS NHS TRUST,17983,20268,3733,3747,926,185,0.8151272942569567,0.7924150586665184
2025-04-01,RWG,NHS ENGLAND EAST OF ENGLAND,WEST HERTFORDSHIRE TEACHING HOSPITALS NHS TRUST,8283,15401,2522,2537,699,30,0.8352704369846113,0.6955209465169625
2025-04-01,RWH,NHS ENGLAND EAST OF ENGLAND,EAST AND NORTH HERTFORDSHIRE NHS TRUST,8663,17103,4563,4595,127,116,0.7313336841489797,0.4732771557197276
2025-04-01,RWJ,NHS ENGLAND NORTH WEST,STOCKPORT NHS FOUNDATION TRUST,7518,8545,3016,3079,645,364,0.639672322995904,0.598829475924448
2025-04-01,RWP,NHS ENGLAND MIDLANDS,WORCESTERSHIRE ACUTE HOSPITALS NHS TRUST,13649,19507,7557,7623,793,880,0.6092172040805864,0.4463330646933842
2025-04-01,RWW,NHS ENGLAND NORTH WEST,WARRINGTON AND HALTON TEACHING HOSPITALS NHS FOUNDATION TRUST,6929,10169,3541,3627,762,663,0.643327760841774,0.48895944580747586
2025-04-01,RWX,NHS ENGLAND SOUTH EAST,BERKSHIRE HEALTHCARE NHS FOUNDATION TRUST,0,1472,0,10,0,0,0.9932065217391305,
2025-04-01,RWY,NHS ENGLAND NORTH EAST AND YORKSHIRE,CALDERDALE AND HUDDERSFIELD NHS FOUNDATION TRUST,15871,15871,2746,2746,944,24,0.8269800264633609,0.8269800264633609
2025-04-01,RX1,NHS ENGLAND MIDLANDS,NOTTINGHAM UNIVERSITY HOSPITALS NHS TRUST,12371,14649,6491,6736,254,581,0.5401733906751314,0.4753051491391157
2025-04-01,RXC,NHS ENGLAND SOUTH EAST,EAST SUSSEX HEALTHCARE NHS TRUST,7497,10488,3155,3221,191,7,0.6928871090770404,0.5791649993330665
2025-04-01,RXF,NHS ENGLAND NORTH EAST AND YORKSHIRE,MID YORKSHIRE TEACHING NHS TRUST,16584,22450,6218,6558,2070,311,0.7078841870824053,0.625060299083454
2025-04-01,RXG,NHS ENGLAND NORTH EAST AND YORKSHIRE,SOUTH WEST YORKSHIRE PARTNERSHIP NHS FOUNDATION TRUST,0,0,0,0,0,0,,
2025-04-01,RXK,NHS ENGLAND MIDLANDS,SANDWELL AND WEST BIRMINGHAM HOSPITALS NHS TRUST,10840,20344,4504,4823,808,270,0.7629276445143531,0.5845018450184503
2025-04-01,RXL,NHS ENGLAND NORTH WEST,BLACKPOOL TEACHING HOSPITALS NHS FOUNDATION TRUST,8750,19160,4228,4281,473,539,0.7765657620041754,0.5167999999999999
2025-04-01,RXN,NHS ENGLAND NORTH WEST,LANCASHIRE TEACHING HOSPITALS NHS FOUNDATION TRUST,11684,15143,4328,4522,948,435,0.7013801756587201,0.6295789113317357
2025-04-01,RXP,NHS ENGLAND NORTH EAST AND YORKSHIRE,COUNTY DURHAM AND DARLINGTON NHS FOUNDATION TRUST,12948,17173,5194,5194,1927,12,0.6975484772608165,0.5988569663268458
2025-04-01,RXQ,NHS ENGLAND SOUTH EAST,BUCKINGHAMSHIRE HEALTHCARE NHS TRUST,10175,14764,2970,3034,245,212,0.7945001354646437,0.7081081081081081
2025-04-01,RXR,NHS ENGLAND NORTH WEST,EAST LANCASHIRE HOSPITALS NHS TRUST,13049,23684,4198,4637,643,814,0.8042138152339132,0.6782895241014637
2025-04-01,RXW,NHS ENGLAND MIDLANDS,THE SHREWSBURY AND TELFORD HOSPITAL NHS TRUST,10930,13251,6438,7027,327,1362,0.4697003999698136,0.41097895699908504
2025-04-01,RY2,NHS ENGLAND NORTH WEST,BRIDGEWATER COMMUNITY HEALTHCARE NHS FOUNDATION TRUST,0,3003,0,178,0,0,0.9407259407259407,
2025-04-01,RY4,NHS ENGLAND EAST OF ENGLAND,HERTFORDSHIRE COMMUNITY NHS TRUST,0,1182,0,37,0,0,0.9686971235194586,
2025-04-01,RY5,NHS ENGLAND MIDLANDS,LINCOLNSHIRE COMMUNITY HEALTH SERVICES NHS TRUST,0,8540,0,187,0,0,0.9781030444964871,
2025-04-01,RY7,NHS ENGLAND NORTH WEST,WIRRAL COMMUNITY HEALTH AND CARE NHS FOUNDATION TRUST,0,4134,0,265,0,0,0.9358974358974359,
2025-04-01,RY8,NHS ENGLAND MIDLANDS,DERBYSHIRE COMMUNITY HEALTH SERVICES NHS FOUNDATION TRUST,0,8013,0,168,0,0,0.9790340696368401,
2025-04-01,RYF,NHS ENGLAND SOUTH WEST,SOUTH WESTERN AMBULANCE SERVICE NHS FOUNDATION TRUST,0,1900,0,25,0,0,0.9868421052631579,
2025-04-01,RYG,NHS ENGLAND MIDLANDS,COVENTRY AND WARWICKSHIRE PARTNERSHIP NHS TRUST,0,0,0,0,0,0,,
2025-04-01,RYJ,NHS ENGLAND LONDON,IMPERIAL COLLEGE HEALTHCARE NHS TRUST,11832,22785,5046,5745,680,390,0.7478604344963792,0.5735294117647058
2025-04-01,RYR,NHS ENGLAND SOUTH EAST,UNIVERSITY HOSPITALS SUSSEX NHS FOUNDATION TRUST,25328,28828,9316,9616,832,723,0.6664354100180381,0.6321857233101706
2025-04-01,RYX,NHS ENGLAND LONDON,CENTRAL LONDON COMMUNITY HEALTHCARE NHS TRUST,0,12442,0,375,0,0,0.9698601511011091,
2025-04-01,RYY,NHS ENGLAND SOUTH EAST,KENT COMMUNITY HEALTH NHS FOUNDATION TRUST,0,9195,0,31,0,0,0.9966286025013594,
2025-04-01,Y00751,NHS ENGLAND SOUTH EAST,EAST BERKS PRIMARY CARE OOH(WAM),0,0,0,0,0,0,,
2025-04-01,Y02147,NHS ENGLAND LONDON,URGENT CARE CENTRE (QMS),0,7961,0,133,0,0,0.9832935560859188,
2025-04-01,Y02428,NHS ENGLAND EAST OF ENGLAND,PUTNOE WALK IN CENTRE,0,2729,0,0,0,0,1.0,
2025-04-01,Y02532,NHS ENGLAND NORTH WEST,MIRIAM MINOR EMERGENCY,0,1583,0,0,0,0,1.0,
2025-04-01,Y02615,NHS ENGLAND MIDLANDS,SOUTH BIRMINGHAM GP WALK IN CENTRE,0,6628,0,0,0,0,1.0,
2025-04-01,Y02676,NHS ENGLAND SOUTH EAST,BRIGHTON STATION HEALTH CENTRE,0,2001,0,0,0,0,1.0,
2025-04-01,Y03007,NHS ENGLAND MIDLANDS,ERDINGTON GP HEALTH & WELLBEING WIC,0,0,0,0,0,0,,
2025-04-01,Y03218,NHS ENGLAND LONDON,THE PINN UNREGISTERED WIC,0,889,0,0,0,0,1.0,
2025-04-01,Y07709,NHS ENGLAND SOUTH EAST,READING URGENT CARE CENTRE,0,2244,0,0,0,0,1.0,
2025-05-01,8J094,NHS ENGLAND MIDLANDS,BADGER LTD,0,0,0,0,0,0,,
2025-05-01,A5D4Q,NHS ENGLAND MIDLANDS,NEMS UTC,0,3404,0,776,0,0,0.7720329024676851,
2025-05-01,AAH,NHS ENGLAND SOUTH WEST,TETBURY HOSPITAL TRUST LTD,0,524,0,0,0,0,1.0,
2025-05-01,ACH01,NHS ENGLAND SOUTH EAST,WHITSTABLE MEDICAL PRACTICE,0,5069,0,0,0,0,1.0,
2025-05-01,AD913,NHS ENGLAND LONDON,BECKENHAM BEACON UCC,0,3726,0,20,0,0,0.9946323134728932,
2025-05-01,AJN,NHS ENGLAND NORTH EAST AND YORKSHIRE,WORKINGTON HEALTH LIMITED,0,442,0,0,0,0,1.0,
2025-05-01,AQM01,NHS ENGLAND SOUTH EAST,FAVERSHAM MEDICAL PRACTICE MIU,0,2828,0,0,0,0,1.0,
2025-05-01,AQN04,NHS ENGLAND SOUTH EAST,PHL LYMINGTON UTC,0,3567,0,24,0,0,0.9932716568544996,
2025-05-01,ARN03,NHS ENGLAND NORTH EAST AND YORKSHIRE,LOCAL CARE DIRECT,0,2236,0,9,0,0,0.9959749552772809,
2025-05-01,C82038,NHS ENGLAND MIDLANDS,LATHAM HOUSE MEDICAL PRACTICE,0,354,0,0,0,0,1.0,
2025-05-01,C83023,NHS ENGLAND MIDLANDS,SLEAFORD MEDICAL GROUP,0,537,0,0,0,0,1.0,
2025-05-01,DT301,NHS ENGLAND EAST OF ENGLAND,HERTS URGENT CARE (ASCOTS LANE),0,2378,0,37,0,0,0.9844407064760303,
2025-05-01,G0Q0L,NHS ENGLAND LONDON,BARKING HOSPITAL UTC,0,2788,0,34,0,0,0.9878048780487805,
2025-05-01,G3P9C,NHS ENGLAND SOUTH WEST,TROWBRIDGE MINOR INJURIES UNIT,0,980,0,1,0,0,0.9989795918367347,
2025-05-01,K6K0R,NHS ENGLAND LONDON,HAROLD WOOD POLYCLINIC UTC,0,2625,0,18,0,0,0.9931428571428571,
2025-05-01,L83087,NHS ENGLAND SOUTH WEST,OKEHAMPTON MEDICAL CENTRE,0,87,0,0,0,0,1.0,
2025-05-01,NDJ,NHS ENGLAND SOUTH EAST,FIRST COMMUNITY HEALTH AND CARE CIC,0,2565,0,0,0,0,1.0,
2025-05-01,NL7,NHS ENGLAND MIDLANDS,ASSURA VERTIS URGENT CARE CENTRES (BIRMINGHAM),0,3179,0,0,0,0,1.0,
2025-05-01,NLX,NHS ENGLAND SOUTH WEST,SIRONA CARE & HEALTH,0,9490,0,504,0,0,0.9468914646996839,
2025-05-01,NNF09,NHS ENGLAND NORTH EAST AND YORKSHIRE,BRANSHOLME HEALTH CENTRE,0,3723,0,576,0,0,0.8452860596293312,
2025-05-01,NNF16,NHS ENGLAND NORTH EAST AND YORKSHIRE,BRIDLINGTON HOSPITAL,0,1521,0,63,0,0,0.9585798816568047,
2025-05-01,NNF94,NHS ENGLAND NORTH EAST AND YORKSHIRE,EAST RIDING COMMUNITY HOSPITAL,0,3089,0,188,0,0,0.9391388798964067,
2025-05-01,NNFA7,NHS ENGLAND NORTH EAST AND YORKSHIRE,GOOLE & DISTRICT HOSPITAL,0,1776,0,20,0,0,0.9887387387387387,
2025-05-01,NNJ,NHS ENGLAND MIDLANDS,DHU HEALTH CARE C.I.C,0,2031,0,0,0,0,1.0,
2025-05-01,NNJ07,NHS ENGLAND MIDLANDS,LOUGHBOROUGH URGENT CARE CENTRE,0,5526,0,23,0,0,0.9958378574013753,
2025-05-01,NNJ0H,NHS ENGLAND MIDLANDS,LLR EA - THE MERLYN VAZ HEALTH & SOCIAL CARE CENTRE,0,209,0,0,0,0,1.0,
2025-05-01,NNJ12,NHS ENGLAND MIDLANDS,MARKET HARBOROUGH,0,128,0,0,0,0,1.0,
2025-05-01,NNJ13,NHS ENGLAND MIDLANDS,MELTON MOWBRAY,0,65,0,0,0,0,1.0,
2025-05-01,NNJ14,NHS ENGLAND MIDLANDS,OADBY,0,598,0,0,0,0,1.0,
2025-05-01,NNJ15,NHS ENGLAND MIDLANDS,OAKHAM,0,83,0,0,0,0,1.0,
2025-05-01,NQT1I,NHS ENGLAND SOUTH WEST,CHIPPENHAM COMMUNITY HOSPITAL,0,1761,0,20,0,0,0.9886428165814878,
2025-05-01,NQT51,NHS ENGLAND SOUTH EAST,STATION PLAZA HEALTH CENTRE,0,1075,0,0,0,0,1.0,
2025-05-01,NQT5F,NHS ENGLAND NORTH WEST,SKELMERSDALE WALK IN CENTRE,0,1743,0,8,0,0,0.9954102122776821,
2025-05-01,NQT5H,NHS ENGLAND SOUTH WEST,PAULTON MEMORIAL HOSPITAL,0,1209,0,5,0,0,0.9958643507030603,
2025-05-01,NQTE4,NHS ENGLAND MIDLANDS,SUMMERFIELD URGENT CARE CENTRE,0,3089,0,0,0,0,1.0,
2025-05-01,NR3,NHS ENGLAND MIDLANDS,NOTTINGHAM CITYCARE PARTNERSHIP,0,5381,0,311,0,0,0.9422040512915815,
2025-05-01,NTP11,NHS ENGLAND SOUTH EAST,PRACTICE PLUS GROUP HOSPITAL - SOUTHAMPTON,0,5679,0,189,0,0,0.9667194928684628,
2025-05-01,NTPAD,NHS ENGLAND SOUTH EAST,PRACTICE PLUS GROUP SURGICAL CENTRE - ST MARYS PORTSMOUTH,0,5614,0,245,0,0,0.956359102244389,
2025-05-01,NTV0B,NHS ENGLAND SOUTH EAST,ASHFORD WALK-IN-CENTRE,0,2433,0,96,0,0,0.9605425400739828,
2025-05-01,NTV0W,NHS ENGLAND SOUTH EAST,WOKING WALK IN CENTRE,0,2665,0,77,0,0,0.9711069418386492,
2025-05-01,NV693,NHS ENGLAND NORTH WEST,ROSSENDALE MIU & OOH,0,1247,0,0,0,0,1.0,
2025-05-01,R0A,NHS ENGLAND NORTH WEST,MANCHESTER UNIVERSITY NHS FOUNDATION TRUST,25682,41073,10832,11678,2893,106,0.7156769654030628,0.5782259948602133
2025-05-01,R0B,NHS ENGLAND NORTH EAST AND YORKSHIRE,SOUTH TYNESIDE AND SUNDERLAND NHS FOUNDATION TRUST,11022,18292,4902,5148,697,12,0.7185654931117429,0.5552531301034296
2025-05-01,R0D,NHS ENGLAND SOUTH WEST,UNIVERSITY HOSPITALS DORSET NHS FOUNDATION TRUST,14445,20006,5845,5845,752,127,0.7078376487053883,0.595361716857044
2025-05-01,R1D,NHS ENGLAND MIDLANDS,SHROPSHIRE COMMUNITY HEALTH NHS TRUST,0,3432,0,59,0,0,0.9828088578088578,
2025-05-01,R1F,NHS ENGLAND SOUTH EAST,ISLE OF WIGHT NHS TRUST,4389,6333,1709,1709,268,96,0.7301436917732512,0.610617452722716
2025-05-01,R1H,NHS ENGLAND LONDON,BARTS HEALTH NHS TRUST,25866,45889,11713,13652,1229,988,0.7024995096864173,0.5471661640763937
2025-05-01,R1K,NHS ENGLAND LONDON,LONDON NORTH WEST UNIVERSITY HEALTHCARE NHS TRUST,14049,29624,7049,7191,650,403,0.7572576289495004,0.4982561036372696
2025-05-01,RA2,NHS ENGLAND SOUTH EAST,ROYAL SURREY COUNTY HOSPITAL NHS FOUNDATION TRUST,6751,8614,2154,2154,372,12,0.7499419549570467,0.6809361576062806
2025-05-01,RA7,NHS ENGLAND SOUTH WEST,UNIVERSITY HOSPITALS BRISTOL AND WESTON NHS FOUNDATION TRUST,15844,18370,5623,5846,1069,252,0.6817637452367991,0.6451022469073466
2025-05-01,RA9,NHS ENGLAND SOUTH WEST,TORBAY AND SOUTH DEVON NHS FOUNDATION TRUST,6821,10602,3146,3162,319,65,0.7017543859649122,0.5387773053804428
2025-05-01,RAE,NHS ENGLAND NORTH EAST AND YORKSHIRE,BRADFORD TEACHING HOSPITALS NHS FOUNDATION TRUST,9416,14009,2417,2417,719,49,0.8274680562495539,0.7433092608326253
2025-05-01,RAJ,NHS ENGLAND EAST OF ENGLAND,MID AND SOUTH ESSEX NHS FOUNDATION TRUST,31033,35097,10241,10349,2666,378,0.7051314927201755,0.6699964553862018
2025-05-01,RAL,NHS ENGLAND LONDON,ROYAL FREE LONDON NHS FOUNDATION TRUST,25947,43170,9265,10043,1234,1606,0.7673615936993282,0.6429259644660269
2025-05-01,RAN,NHS ENGLAND LONDON,ROYAL NATIONAL ORTHOPAEDIC HOSPITAL NHS TRUST,0,0,0,0,0,0,,
2025-05-01,RAS,NHS ENGLAND LONDON,THE HILLINGDON HOSPITALS NHS FOUNDATION TRUST,6146,13147,2946,3020,482,58,0.7702897999543622,0.5206638464041653
2025-05-01,RAT,NHS ENGLAND LONDON,NORTH EAST LONDON NHS FOUNDATION TRUST,0,2020,0,80,0,0,0.9603960396039604,
2025-05-01,RAX,NHS ENGLAND LONDON,KINGSTON AND RICHMOND NHS FOUNDATION TRUST,6888,15569,3296,3515,306,261,0.7742308433425397,0.5214866434378629
2025-05-01,RBD,NHS ENGLAND SOUTH WEST,DORSET COUNTY HOSPITAL NHS FOUNDATION TRUST,4522,4522,1479,1479,231,23,0.6729323308270676,0.6729323308270676
2025-05-01,RBK,NHS ENGLAND MIDLANDS,WALSALL HEALTHCARE NHS TRUST,9340,13516,2710,2801,963,105,0.7927641313998224,0.7098501070663812
2025-05-01,RBL,NHS ENGLAND NORTH WEST,WIRRAL UNIVERSITY TEACHING HOSPITAL NHS FOUNDATION TRUST,7728,10814,3975,4061,451,827,0.6244682818568522,0.4856366459627329
2025-05-01,RBN,NHS ENGLAND NORTH WEST,MERSEY AND WEST LANCASHIRE TEACHING HOSPITALS NHS TRUST,17566,25031,6302,6473,547,366,0.7414006631776597,0.6412387566890584
2025-05-01,RBQ,NHS ENGLAND NORTH WEST,LIVERPOOL HEART AND CHEST HOSPITAL NHS FOUNDATION TRUST,0,0,0,0,0,0,,
2025-05-01,RBS,NHS ENGLAND NORTH WEST,ALDER HEY CHILDREN'S NHS FOUNDATION TRUST,6141,6141,833,833,0,0,0.8643543396840905,0.8643543396840905
2025-05-01,RBT,NHS ENGLAND NORTH WEST,MID CHESHIRE HOSPITALS NHS FOUNDATION TRUST,7250,10567,4462,4512,610,645,0.5730103151320147,0.38455172413793104
2025-05-01,RBV,NHS ENGLAND NORTH WEST,THE CHRISTIE NHS FOUNDATION TRUST,0,0,0,0,0,0,,
2025-05-01,RC9,NHS ENGLAND EAST OF ENGLAND,BEDFORDSHIRE HOSPITALS NHS FOUNDATION TRUST,16670,24829,6174,6174,82,5,0.7513391598533973,0.6296340731853629
2025-05-01,RCB,NHS ENGLAND NORTH EAST AND YORKSHIRE,YORK AND SCARBOROUGH TEACHING HOSPITALS NHS FOUNDATION TRUST,10790,18718,5568,5871,814,445,0.6863446949460412,0.4839666357738647
2025-05-01,RCD,NHS ENGLAND NORTH EAST AND YORKSHIRE,HARROGATE AND DISTRICT NHS FOUNDATION TRUST,5246,6336,1393,1393,170,15,0.780145202020202,0.7344643537933664
2025-05-01,RCF,NHS ENGLAND NORTH EAST AND YORKSHIRE,AIREDALE NHS FOUNDATION TRUST,6214,6412,2200,2200,270,47,0.6568933250155957,0.6459607338268426
2025-05-01,RCU,NHS ENGLAND NORTH EAST AND YORKSHIRE,SHEFFIELD CHILDREN'S NHS FOUNDATION TRUST,4611,4930,401,401,14,0,0.9186612576064909,0.9130340490132293
2025-05-01,RCX,NHS ENGLAND EAST OF ENGLAND,"THE QUEEN ELIZABETH HOSPITAL, KING'S LYNN, NHS FOUNDATION TRUST",6756,7959,3003,3003,1542,90,0.6226912928759895,0.55550621669627
2025-05-01,RD1,NHS ENGLAND SOUTH WEST,ROYAL UNITED HOSPITALS BATH NHS FOUNDATION TRUST,9233,9233,3836,3836,803,83,0.5845337376800607,0.5845337376800607
2025-05-01,RD8,NHS ENGLAND EAST OF ENGLAND,MILTON KEYNES UNIVERSITY HOSPITAL NHS FOUNDATION TRUST,8137,13057,2996,3014,726,0,0.7691659646166807,0.6318053336610545
2025-05-01,RDE,NHS ENGLAND EAST OF ENGLAND,EAST SUFFOLK AND NORTH ESSEX NHS FOUNDATION TRUST,11965,26381,5845,6247,993,470,0.7632007884462302,0.5114918512327622
2025-05-01,RDR,NHS ENGLAND SOUTH EAST,SUSSEX COMMUNITY NHS FOUNDATION TRUST,0,12214,0,165,0,0,0.9864909120681186,
2025-05-01,RDU,NHS ENGLAND SOUTH EAST,FRIMLEY HEALTH NHS FOUNDATION TRUST,23038,36462,9511,9964,1843,323,0.7267291975207064,0.587160343779842
2025-05-01,RDY,NHS ENGLAND SOUTH WEST,DORSET HEALTHCARE UNIVERSITY NHS FOUNDATION TRUST,0,0,0,0,0,0,,
2025-05-01,REF,NHS ENGLAND SOUTH WEST,ROYAL CORNWALL HOSPITALS NHS TRUST,7244,20836,3689,4517,612,487,0.7832117488961413,0.4907509663169519
2025-05-01,REM,NHS ENGLAND NORTH WEST,LIVERPOOL UNIVERSITY HOSPITALS NHS FOUNDATION TRUST,16266,26458,7834,8009,1918,852,0.6972938241741629,0.5183819008975779
2025-05-01,REP,NHS ENGLAND NORTH WEST,LIVERPOOL WOMEN'S NHS FOUNDATION TRUST,0,1446,0,195,0,0,0.8651452282157677,
2025-05-01,RET,NHS ENGLAND NORTH WEST,THE WALTON CENTRE NHS FOUNDATION TRUST,0,0,0,0,0,0,,
2025-05-01,RF4,NHS ENGLAND LONDON,"BARKING, HAVERING AND REDBRIDGE UNIVERSITY HOSPITALS NHS TRUST",13616,30901,5949,6429,735,642,0.7919484806316948,0.563087544065805
2025-05-01,RFF,NHS ENGLAND NORTH EAST AND YORKSHIRE,BARNSLEY HOSPITAL NHS FOUNDATION TRUST,9300,9300,2619,2619,427,0,0.7183870967741935,0.7183870967741935
2025-05-01,RFR,NHS ENGLAND NORTH EAST AND YORKSHIRE,THE ROTHERHAM NHS FOUNDATION TRUST,9248,9248,2903,2903,357,1,0.6860942906574394,0.6860942906574394
2025-05-01,RFS,NHS ENGLAND MIDLANDS,CHESTERFIELD ROYAL HOSPITAL NHS FOUNDATION TRUST,7119,13438,3319,3640,878,95,0.7291263580890013,0.5337828346677904
2025-05-01,RGN,NHS ENGLAND EAST OF ENGLAND,NORTH WEST ANGLIA NHS FOUNDATION TRUST,14921,19596,6334,6523,578,838,0.6671259440702184,0.5754976208028952
2025-05-01,RGP,NHS ENGLAND EAST OF ENGLAND,JAMES PAGET UNIVERSITY HOSPITALS NHS FOUNDATION TRUST,7796,9059,2945,2945,574,205,0.6749089303455127,0.6222421754746024
2025-05-01,RGR,NHS ENGLAND EAST OF ENGLAND,WEST SUFFOLK NHS FOUNDATION TRUST,8108,8845,1923,1923,341,102,0.7825890333521763,0.7628268376911692
2025-05-01,RGT,NHS ENGLAND EAST OF ENGLAND,CAMBRIDGE UNIVERSITY HOSPITALS NHS FOUNDATION TRUST,10784,16765,4546,4639,589,207,0.7232925738144944,0.5784495548961424
2025-05-01,RH5,NHS ENGLAND SOUTH WEST,SOMERSET NHS FOUNDATION TRUST,13063,22766,5905,6151,518,139,0.7298163928665553,0.5479598867029013
2025-05-01,RH8,NHS ENGLAND SOUTH WEST,ROYAL DEVON UNIVERSITY HEALTHCARE NHS FOUNDATION TRUST,13179,17722,5256,5275,861,170,0.7023473648572396,0.6011837013430458
2025-05-01,RHM,NHS ENGLAND SOUTH EAST,UNIVERSITY HOSPITAL SOUTHAMPTON NHS FOUNDATION TRUST,12346,13701,5402,5580,472,15,0.5927304576308299,0.5624493763162157
2025-05-01,RHQ,NHS ENGLAND NORTH EAST AND YORKSHIRE,SHEFFIELD TEACHING HOSPITALS NHS FOUNDATION TRUST,8804,17537,4571,4788,865,9,0.7269772481040087,0.480804179918219
2025-05-01,RHU,NHS ENGLAND SOUTH EAST,PORTSMOUTH HOSPITALS UNIVERSITY NHS TRUST,10593,14588,4126,4164,1032,373,0.7145599122566493,0.6104974983479656
2025-05-01,RHW,NHS ENGLAND SOUTH EAST,ROYAL BERKSHIRE NHS FOUNDATION TRUST,12073,16228,4572,4626,584,31,0.7149371456741435,0.6213037356083824
2025-05-01,RJ1,NHS ENGLAND LONDON,GUY'S AND ST THOMAS' NHS FOUNDATION TRUST,10064,18092,3483,3782,103,69,0.790957329206279,0.6539149443561209
2025-05-01,RJ2,NHS ENGLAND LONDON,LEWISHAM AND GREENWICH NHS TRUST,15988,25687,8024,8282,1305,726,0.6775800988827033,0.4981235926945209
2025-05-01,RJ6,NHS ENGLAND LONDON,CROYDON HEALTH SERVICES NHS TRUST,13210,18488,4123,4123,254,873,0.7769904803115535,0.687887963663891
2025-05-01,RJ7,NHS ENGLAND LONDON,ST GEORGE'S UNIVERSITY HOSPITALS NHS FOUNDATION TRUST,8770,12670,2775,2775,497,836,0.7809786898184689,0.6835803876852908
2025-05-01,RJ8,NHS ENGLAND SOUTH WEST,CORNWALL PARTNERSHIP NHS FOUNDATION TRUST,0,0,0,0,0,0,,
2025-05-01,RJC,NHS ENGLAND MIDLANDS,SOUTH WARWICKSHIRE UNIVERSITY NHS FOUNDATION TRUST,8577,8981,2589,2589,374,76,0.7117247522547601,0.6981462049667716
2025-05-01,RJE,NHS ENGLAND MIDLANDS,UNIVERSITY HOSPITALS OF NORTH MIDLANDS NHS TRUST,14521,24147,7254,7315,1020,857,0.6970638174514432,0.5004476275738585
2025-05-01,RJL,NHS ENGLAND NORTH EAST AND YORKSHIRE,NORTHERN LINCOLNSHIRE AND GOOLE NHS FOUNDATION TRUST,9285,16917,5091,5177,740,796,0.6939764733699829,0.45169628432956377
2025-05-01,RJN,NHS ENGLAND NORTH WEST,EAST CHESHIRE NHS TRUST,4561,4561,1991,1991,151,148,0.563472922604692,0.563472922604692
2025-05-01,RJR,NHS ENGLAND NORTH WEST,COUNTESS OF CHESTER HOSPITAL NHS FOUNDATION TRUST,5321,7777,2837,3120,244,751,0.5988170245595988,0.466829543318925
2025-05-01,RJZ,NHS ENGLAND LONDON,KING'S COLLEGE HOSPITAL NHS FOUNDATION TRUST,15424,24773,6518,6879,1454,833,0.7223186533726234,0.5774118257261411
2025-05-01,RK5,NHS ENGLAND MIDLANDS,SHERWOOD FOREST HOSPITALS NHS FOUNDATION TRUST,11073,16953,3370,3537,442,73,0.7913643602902141,0.6956561004244559
2025-05-01,RK9,NHS ENGLAND SOUTH WEST,UNIVERSITY HOSPITALS PLYMOUTH NHS TRUST,9650,15875,4636,4769,634,526,0.6995905511811024,0.5195854922279792
2025-05-01,RKB,NHS ENGLAND MIDLANDS,UNIVERSITY HOSPITALS COVENTRY AND WARWICKSHIRE NHS TRUST,12377,19983,5168,5441,90,31,0.7277185607766601,0.5824513209986265
2025-05-01,RKE,NHS ENGLAND LONDON,WHITTINGTON HEALTH NHS TRUST,9198,9198,2615,2615,256,167,0.7156990650141335,0.7156990650141335
2025-05-01,RL1,NHS ENGLAND MIDLANDS,THE ROBERT JONES AND AGNES HUNT ORTHOPAEDIC HOSPITAL NHS FOUNDATION TRUST,0,0,0,0,0,0,,
2025-05-01,RL4,NHS ENGLAND MIDLANDS,THE ROYAL WOLVERHAMPTON NHS TRUST,12857,20678,3564,3958,1012,383,0.8085888383789535,0.7227969199657773
2025-05-01,RLQ,NHS ENGLAND MIDLANDS,WYE VALLEY NHS TRUST,6022,7246,2883,2883,479,249,0.6021253105161468,0.5212553968781135
2025-05-01,RLT,NHS ENGLAND MIDLANDS,GEORGE ELIOT HOSPITAL NHS TRUST,7048,8752,2766,2812,426,284,0.6787020109689215,0.6075482406356414
2025-05-01,RM1,NHS ENGLAND EAST OF ENGLAND,NORFOLK AND NORWICH UNIVERSITY HOSPITALS NHS FOUNDATION TRUST,13181,21050,3914,3920,911,198,0.8137767220902613,0.703057431150899
2025-05-01,RM3,NHS ENGLAND NORTH WEST,NORTHERN CARE ALLIANCE NHS FOUNDATION TRUST,26590,35286,10741,11244,1156,1113,0.681346709743241,0.5960511470477623
2025-05-01,RMC,NHS ENGLAND NORTH WEST,BOLTON NHS FOUNDATION TRUST,8145,12344,3494,3684,519,196,0.7015554115359689,0.5710251688152241
2025-05-01,RMP,NHS ENGLAND NORTH WEST,TAMESIDE AND GLOSSOP INTEGRATED CARE NHS FOUNDATION TRUST,9055,11692,4663,4676,411,650,0.6000684228532329,0.4850358917725014
2025-05-01,RN3,NHS ENGLAND SOUTH WEST,GREAT WESTERN HOSPITALS NHS FOUNDATION TRUST,5509,11109,2868,3302,533,355,0.7027635250697633,0.4793973497912507
2025-05-01,RN5,NHS ENGLAND SOUTH EAST,HAMPSHIRE HOSPITALS NHS FOUNDATION TRUST,11189,14687,4945,5083,254,40,0.6539116225233199,0.5580480829386004
2025-05-01,RN7,NHS ENGLAND SOUTH EAST,DARTFORD AND GRAVESHAM NHS TRUST,11360,15668,4453,4478,454,579,0.7141945366351801,0.6080105633802817
2025-05-01,RNA,NHS ENGLAND MIDLANDS,THE DUDLEY GROUP NHS FOUNDATION TRUST,10164,14191,3043,3108,1888,144,0.7809879501092242,0.7006099960645416
2025-05-01,RNN,NHS ENGLAND NORTH EAST AND YORKSHIRE,NORTH CUMBRIA INTEGRATED CARE NHS FOUNDATION TRUST,9176,11369,3794,3810,657,426,0.6648781775002199,0.5865300784655623
2025-05-01,RNQ,NHS ENGLAND MIDLANDS,KETTERING GENERAL HOSPITAL NHS FOUNDATION TRUST,10011,18417,3732,3865,639,788,0.7901395449856111,0.6272100689241834
2025-05-01,RNS,NHS ENGLAND MIDLANDS,NORTHAMPTON GENERAL HOSPITAL NHS TRUST,10430,13142,4313,4419,746,622,0.6637498097702024,0.5864813039309684
2025-05-01,RNU,NHS ENGLAND SOUTH EAST,OXFORD HEALTH NHS FOUNDATION TRUST,0,4266,0,234,0,0,0.9451476793248945,
2025-05-01,RNZ,NHS ENGLAND SOUTH WEST,SALISBURY NHS FOUNDATION TRUST,4928,7191,2094,2094,430,53,0.7088026700041719,0.5750811688311688
2025-05-01,RP5,NHS ENGLAND NORTH EAST AND YORKSHIRE,DONCASTER AND BASSETLAW TEACHING HOSPITALS NHS FOUNDATION TRUST,13955,18317,4718,4764,1100,113,0.7399137413331878,0.6619132927266214
2025-05-01,RP6,NHS ENGLAND LONDON,MOORFIELDS EYE HOSPITAL NHS FOUNDATION TRUST,0,6040,0,111,0,0,0.9816225165562914,
2025-05-01,RPA,NHS ENGLAND SOUTH EAST,MEDWAY NHS FOUNDATION TRUST,9610,16173,3160,3567,398,533,0.7794472268595808,0.6711758584807492
2025-05-01,RPC,NHS ENGLAND SOUTH EAST,QUEEN VICTORIA HOSPITAL NHS FOUNDATION TRUST,0,1544,0,33,0,0,0.9786269430051814,
2025-05-01,RQ3,NHS ENGLAND MIDLANDS,BIRMINGHAM WOMEN'S AND CHILDREN'S NHS FOUNDATION TRUST,5061,5061,1073,1073,3,5,0.7879865639201739,0.7879865639201739
2025-05-01,RQM,NHS ENGLAND LONDON,CHELSEA AND WESTMINSTER HOSPITAL NHS FOUNDATION TRUST,20275,26655,5543,5608,733,55,0.7896079534796474,0.7266091245376078
2025-05-01,RQW,NHS ENGLAND EAST OF ENGLAND,THE PRINCESS ALEXANDRA HOSPITAL NHS TRUST,8572,10584,3928,3928,463,125,0.6288737717309145,0.5417638824078395
2025-05-01,RQX,NHS ENGLAND LONDON,HOMERTON HEALTHCARE NHS FOUNDATION TRUST,11355,11355,1983,1983,202,26,0.8253632760898283,0.8253632760898283
2025-05-01,RR7,NHS ENGLAND NORTH EAST AND YORKSHIRE,GATESHEAD HEALTH NHS FOUNDATION TRUST,5902,9936,2036,2086,459,1,0.7900563607085347,0.6550321924771264
2025-05-01,RR8,NHS ENGLAND NORTH EAST AND YORKSHIRE,LEEDS TEACHING HOSPITALS NHS TRUST,18042,31013,7129,7365,1663,331,0.762518943668784,0.6048664227912648
2025-05-01,RRF,NHS ENGLAND NORTH WEST,"WRIGHTINGTON, WIGAN AND LEIGH NHS FOUNDATION TRUST",7397,12795,3496,3555,1193,367,0.7221570926143024,0.5273759632283358
2025-05-01,RRK,NHS ENGLAND MIDLANDS,UNIVERSITY HOSPITALS BIRMINGHAM NHS FOUNDATION TRUST,35801,38050,14957,15091,2720,1863,0.6033902759526939,0.5822183737884417
2025-05-01,RRV,NHS ENGLAND LONDON,UNIVERSITY COLLEGE LONDON HOSPITALS NHS FOUNDATION TRUST,13685,13685,4240,4240,398,141,0.690171720862258,0.690171720862258
2025-05-01,RTD,NHS ENGLAND NORTH EAST AND YORKSHIRE,THE NEWCASTLE UPON TYNE HOSPITALS NHS FOUNDATION TRUST,12515,20704,4128,4336,445,26,0.7905718701700155,0.6701558130243708
2025-05-01,RTE,NHS ENGLAND SOUTH WEST,GLOUCESTERSHIRE HOSPITALS NHS FOUNDATION TRUST,13825,13825,5194,5194,451,395,0.6243037974683544,0.6243037974683544
2025-05-01,RTF,NHS ENGLAND NORTH EAST AND YORKSHIRE,NORTHUMBRIA HEALTHCARE NHS FOUNDATION TRUST,9963,23619,2254,2261,14,0,0.9042719844193234,0.7737629228144134
2025-05-01,RTG,NHS ENGLAND MIDLANDS,UNIVERSITY HOSPITALS OF DERBY AND BURTON NHS FOUNDATION TRUST,18783,28572,8654,8657,1123,850,0.6970110597788044,0.5392642282915403
2025-05-01,RTH,NHS ENGLAND SOUTH EAST,OXFORD UNIVERSITY HOSPITALS NHS FOUNDATION TRUST,12792,18475,4421,4431,714,0,0.7601623815967524,0.6543933708567855
2025-05-01,RTK,NHS ENGLAND SOUTH EAST,ASHFORD AND ST PETER'S HOSPITALS NHS FOUNDATION TRUST,7315,10512,3562,3595,636,145,0.6580098934550989,0.5130553656869447
2025-05-01,RTP,NHS ENGLAND SOUTH EAST,SURREY AND SUSSEX HEALTHCARE NHS TRUST,10479,10479,3919,3919,462,661,0.6260139326271591,0.6260139326271591
2025-05-01,RTQ,NHS ENGLAND SOUTH WEST,GLOUCESTERSHIRE HEALTH AND CARE NHS FOUNDATION TRUST,0,8995,0,120,0,0,0.9866592551417455,
2025-05-01,RTR,NHS ENGLAND NORTH EAST AND YORKSHIRE,SOUTH TEES HOSPITALS NHS FOUNDATION TRUST,7284,17196,3697,4299,298,6,0.75,0.49244920373421197
2025-05-01,RTX,NHS ENGLAND NORTH WEST,UNIVERSITY HOSPITALS OF MORECAMBE BAY NHS FOUNDATION TRUST,9591,12842,3396,3505,622,280,0.7270674349789752,0.6459180481701595
2025-05-01,RV9,NHS ENGLAND NORTH EAST AND YORKSHIRE,HUMBER TEACHING NHS FOUNDATION TRUST,0,1171,0,3,0,0,0.9974380871050385,
2025-05-01,RVJ,NHS ENGLAND SOUTH WEST,NORTH BRISTOL NHS TRUST,9454,9454,3458,3458,603,366,0.6342288978210282,0.6342288978210282
2025-05-01,RVR,NHS ENGLAND LONDON,EPSOM AND ST HELIER UNIVERSITY HOSPITALS NHS TRUST,11686,13400,4163,4192,438,975,0.6871641791044776,0.6437617662159849
2025-05-01,RVV,NHS ENGLAND SOUTH EAST,EAST KENT HOSPITALS UNIVERSITY NHS FOUNDATION TRUST,12541,25884,5695,6053,452,1210,0.766148972338124,0.5458894824974085
2025-05-01,RVW,NHS ENGLAND NORTH EAST AND YORKSHIRE,NORTH TEES AND HARTLEPOOL NHS FOUNDATION TRUST,4893,16376,2330,2348,161,1,0.856619443087445,0.5238095238095238
2025-05-01,RW1,NHS ENGLAND SOUTH EAST,HAMPSHIRE AND ISLE OF WIGHT HEALTHCARE NHS FOUNDATION TRUST,0,3058,0,156,0,0,0.9489862655330281,
2025-05-01,RW4,NHS ENGLAND NORTH WEST,MERSEY CARE NHS FOUNDATION TRUST,0,13831,0,132,0,0,0.9904562215313426,
2025-05-01,RWA,NHS ENGLAND NORTH EAST AND YORKSHIRE,HULL UNIVERSITY TEACHING HOSPITALS NHS TRUST,9636,14154,5515,6200,1035,467,0.5619612830295323,0.4276670817766708
2025-05-01,RWD,NHS ENGLAND MIDLANDS,UNITED LINCOLNSHIRE TEACHING HOSPITALS NHS TRUST,17298,21162,6855,7205,1075,942,0.6595312352329648,0.6037114117238986
2025-05-01,RWE,NHS ENGLAND MIDLANDS,UNIVERSITY HOSPITALS OF LEICESTER NHS TRUST,22382,24360,9216,9375,1435,609,0.6151477832512315,0.5882405504423197
2025-05-01,RWF,NHS ENGLAND SOUTH EAST,MAIDSTONE AND TUNBRIDGE WELLS NHS TRUST,18728,21098,3906,3932,1010,111,0.813631623850602,0.7914352840666382
2025-05-01,RWG,NHS ENGLAND EAST OF ENGLAND,WEST HERTFORDSHIRE TEACHING HOSPITALS NHS TRUST,8361,16309,2756,2789,762,30,0.8289901281501012,0.6703743571343141
2025-05-01,RWH,NHS ENGLAND EAST OF ENGLAND,EAST AND NORTH HERTFORDSHIRE NHS TRUST,8815,17474,4414,4500,220,132,0.7424745335927664,0.49926262053318204
2025-05-01,RWJ,NHS ENGLAND NORTH WEST,STOCKPORT NHS FOUNDATION TRUST,8299,9397,3564,3641,834,316,0.6125359157177823,0.5705506687552717
2025-05-01,RWP,NHS ENGLAND MIDLANDS,WORCESTERSHIRE ACUTE HOSPITALS NHS TRUST,13949,20513,7070,7166,693,819,0.6506605567201287,0.4931536310846656
2025-05-01,RWW,NHS ENGLAND NORTH WEST,WARRINGTON AND HALTON TEACHING HOSPITALS NHS FOUNDATION TRUST,7196,10515,3702,3747,804,760,0.6436519258202568,0.4855475264035576
2025-05-01,RWX,NHS ENGLAND SOUTH EAST,BERKSHIRE HEALTHCARE NHS FOUNDATION TRUST,0,1662,0,8,0,0,0.9951865222623345,
2025-05-01,RWY,NHS ENGLAND NORTH EAST AND YORKSHIRE,CALDERDALE AND HUDDERSFIELD NHS FOUNDATION TRUST,16305,16305,2568,2568,719,5,0.8425022999080036,0.8425022999080036
2025-05-01,RX1,NHS ENGLAND MIDLANDS,NOTTINGHAM UNIVERSITY HOSPITALS NHS TRUST,13644,15775,6813,6893,311,460,0.5630427892234549,0.5006596306068601
2025-05-01,RXC,NHS ENGLAND SOUTH EAST,EAST SUSSEX HEALTHCARE NHS TRUST,8442,10918,3019,3049,184,20,0.7207363986078037,0.6423833214877991
2025-05-01,RXF,NHS ENGLAND NORTH EAST AND YORKSHIRE,MID YORKSHIRE TEACHING NHS TRUST,17183,23744,6363,6502,1995,175,0.7261623989218329,0.6296921375778386
2025-05-01,RXG,NHS ENGLAND NORTH EAST AND YORKSHIRE,SOUTH WEST YORKSHIRE PARTNERSHIP NHS FOUNDATION TRUST,0,0,0,0,0,0,,
2025-05-01,RXK,NHS ENGLAND MIDLANDS,SANDWELL AND WEST BIRMINGHAM HOSPITALS NHS TRUST,11353,21094,4165,4568,702,145,0.7834455295344648,0.6331366158724566
2025-05-01,RXL,NHS ENGLAND NORTH WEST,BLACKPOOL TEACHING HOSPITALS NHS FOUNDATION TRUST,9115,19457,4185,4255,677,367,0.7813126381250963,0.5408667032364235
2025-05-01,RXN,NHS ENGLAND NORTH WEST,LANCASHIRE TEACHING HOSPITALS NHS FOUNDATION TRUST,12077,15632,4478,4599,1008,476,0.7057958034800409,0.629212552786288
2025-05-01,RXP,NHS ENGLAND NORTH EAST AND YORKSHIRE,COUNTY DURHAM AND DARLINGTON NHS FOUNDATION TRUST,13233,17492,5320,5320,2030,13,0.6958609650125771,0.5979747600695231
2025-05-01,RXQ,NHS ENGLAND SOUTH EAST,BUCKINGHAMSHIRE HEALTHCARE NHS TRUST,10764,15140,3303,3398,275,252,0.7755614266842801,0.6931438127090301
2025-05-01,RXR,NHS ENGLAND NORTH WEST,EAST LANCASHIRE HOSPITALS NHS TRUST,13655,24955,4634,5074,532,1119,0.7966740132238028,0.6606371292566826
2025-05-01,RXW,NHS ENGLAND MIDLANDS,THE SHREWSBURY AND TELFORD HOSPITAL NHS TRUST,11139,13858,6432,6999,488,1379,0.4949487660557079,0.4225693509291678
2025-05-01,RY2,NHS ENGLAND NORTH WEST,BRIDGEWATER COMMUNITY HEALTHCARE NHS FOUNDATION TRUST,0,3030,0,50,0,0,0.9834983498349835,
2025-05-01,RY4,NHS ENGLAND EAST OF ENGLAND,HERTFORDSHIRE COMMUNITY NHS TRUST,0,1194,0,91,0,0,0.923785594639866,
2025-05-01,RY5,NHS ENGLAND MIDLANDS,LINCOLNSHIRE COMMUNITY HEALTH SERVICES NHS TRUST,0,8967,0,214,0,0,0.9761347161815546,
2025-05-01,RY7,NHS ENGLAND NORTH WEST,WIRRAL COMMUNITY HEALTH AND CARE NHS FOUNDATION TRUST,0,4576,0,307,0,0,0.9329108391608392,
2025-05-01,RY8,NHS ENGLAND MIDLANDS,DERBYSHIRE COMMUNITY HEALTH SERVICES NHS FOUNDATION TRUST,0,8372,0,166,0,0,0.9801720019111323,
2025-05-01,RYF,NHS ENGLAND SOUTH WEST,SOUTH WESTERN AMBULANCE SERVICE NHS FOUNDATION TRUST,0,2037,0,49,0,0,0.9759450171821306,
2025-05-01,RYG,NHS ENGLAND MIDLANDS,COVENTRY AND WARWICKSHIRE PARTNERSHIP NHS TRUST,0,0,0,0,0,0,,
2025-05-01,RYJ,NHS ENGLAND LONDON,IMPERIAL COLLEGE HEALTHCARE NHS TRUST,12279,23851,5451,5968,749,366,0.7497798834430422,0.5560713413144394
2025-05-01,RYR,NHS ENGLAND SOUTH EAST,UNIVERSITY HOSPITALS SUSSEX NHS FOUNDATION TRUST,27027,30596,9659,9892,720,588,0.6766897633677604,0.6426166426166426
2025-05-01,RYX,NHS ENGLAND LONDON,CENTRAL LONDON COMMUNITY HEALTHCARE NHS TRUST,0,13220,0,204,0,0,0.9845688350983358,
2025-05-01,RYY,NHS ENGLAND SOUTH EAST,KENT COMMUNITY HEALTH NHS FOUNDATION TRUST,0,9707,0,26,0,0,0.9973215205521788,
2025-05-01,Y00751,NHS ENGLAND SOUTH EAST,EAST BERKS PRIMARY CARE OOH(WAM),0,0,0,0,0,0,,
2025-05-01,Y02147,NHS ENGLAND LONDON,URGENT CARE CENTRE (QMS),0,8062,0,125,0,0,0.9844951624906971,
2025-05-01,Y02428,NHS ENGLAND EAST OF ENGLAND,PUTNOE WALK IN CENTRE,0,2636,0,0,0,0,1.0,
2025-05-01,Y02532,NHS ENGLAND NORTH WEST,MIRIAM MINOR EMERGENCY,0,1612,0,2,0,0,0.9987593052109182,
2025-05-01,Y02615,NHS ENGLAND MIDLANDS,SOUTH BIRMINGHAM GP WALK IN CENTRE,0,6661,0,0,0,0,1.0,
2025-05-01,Y02676,NHS ENGLAND SOUTH EAST,BRIGHTON STATION HEALTH CENTRE,0,1986,0,0,0,0,1.0,
2025-05-01,Y03007,NHS ENGLAND MIDLANDS,ERDINGTON GP HEALTH & WELLBEING WIC,0,0,0,0,0,0,,
2025-05-01,Y03218,NHS ENGLAND LONDON,THE PINN UNREGISTERED WIC,0,843,0,0,0,0,1.0,
2025-05-01,Y07709,NHS ENGLAND SOUTH EAST,READING URGENT CARE CENTRE,0,1916,0,0,0,0,1.0,
2025-06-01,8J094,NHS ENGLAND MIDLANDS,BADGER LTD,0,0,0,0,0,0,,
2025-06-01,A5D4Q,NHS ENGLAND MIDLANDS,NEMS UTC,0,3731,0,722,0,0,0.8064861967300991,
2025-06-01,AAH,NHS ENGLAND SOUTH WEST,TETBURY HOSPITAL TRUST LTD,0,611,0,0,0,0,1.0,
2025-06-01,ACH01,NHS ENGLAND SOUTH EAST,WHITSTABLE MEDICAL PRACTICE,0,4942,0,0,0,0,1.0,
2025-06-01,AD913,NHS ENGLAND LONDON,BECKENHAM BEACON UCC,0,3629,0,40,0,0,0.9889776798015982,
2025-06-01,AJN,NHS ENGLAND NORTH EAST AND YORKSHIRE,WORKINGTON HEALTH LIMITED,0,401,0,0,0,0,1.0,
2025-06-01,AQM01,NHS ENGLAND SOUTH EAST,FAVERSHAM MEDICAL PRACTICE MIU,0,2755,0,0,0,0,1.0,
2025-06-01,AQN04,NHS ENGLAND SOUTH EAST,PHL LYMINGTON UTC,0,3421,0,104,0,0,0.9695995323004969,
2025-06-01,ARN03,NHS ENGLAND NORTH EAST AND YORKSHIRE,LOCAL CARE DIRECT,0,2174,0,9,0,0,0.9958601655933763,
2025-06-01,C82009,NHS ENGLAND MIDLANDS,MARKET HARBOROUGH MED.CTR,0,336,0,0,0,0,1.0,
2025-06-01,C82038,NHS ENGLAND MIDLANDS,LATHAM HOUSE MEDICAL PRACTICE,0,426,0,0,0,0,1.0,
2025-06-01,C83023,NHS ENGLAND MIDLANDS,SLEAFORD MEDICAL GROUP,0,453,0,0,0,0,1.0,
2025-06-01,DT301,NHS ENGLAND EAST OF ENGLAND,HERTS URGENT CARE (ASCOTS LANE),0,2403,0,111,0,0,0.9538077403245943,
2025-06-01,G0Q0L,NHS ENGLAND LONDON,BARKING HOSPITAL UTC,0,2890,0,32,0,0,0.9889273356401385,
2025-06-01,G3P9C,NHS ENGLAND SOUTH WEST,TROWBRIDGE MINOR INJURIES UNIT,0,1048,0,1,0,0,0.9990458015267175,
2025-06-01,K6K0R,NHS ENGLAND LONDON,HAROLD WOOD POLYCLINIC UTC,0,2715,0,23,0,0,0.9915285451197053,
2025-06-01,L83087,NHS ENGLAND SOUTH WEST,OKEHAMPTON MEDICAL CENTRE,0,99,0,0,0,0,1.0,
2025-06-01,NDJ,NHS ENGLAND SOUTH EAST,FIRST COMMUNITY HEALTH AND CARE CIC,0,2636,0,0,0,0,1.0,
2025-06-01,NL7,NHS ENGLAND MIDLANDS,ASSURA VERTIS URGENT CARE CENTRES (BIRMINGHAM),0,2863,0,0,0,0,1.0,
2025-06-01,NLX,NHS ENGLAND SOUTH WEST,SIRONA CARE & HEALTH,0,9376,0,417,0,0,0.9555247440273038,
2025-06-01,NNF09,NHS ENGLAND NORTH EAST AND YORKSHIRE,BRANSHOLME HEALTH CENTRE,0,3846,0,525,0,0,0.8634945397815913,
2025-06-01,NNF16,NHS ENGLAND NORTH EAST AND YORKSHIRE,BRIDLINGTON HOSPITAL,0,1526,0,62,0,0,0.9593709043250328,
2025-06-01,NNF94,NHS ENGLAND NORTH EAST AND YORKSHIRE,EAST RIDING COMMUNITY HOSPITAL,0,3038,0,212,0,0,0.9302172481895984,
2025-06-01,NNFA7,NHS ENGLAND NORTH EAST AND YORKSHIRE,GOOLE & DISTRICT HOSPITAL,0,1790,0,5,0,0,0.9972067039106145,
2025-06-01,NNJ,NHS ENGLAND MIDLANDS,DHU HEALTH CARE C.I.C,0,1914,0,1,0,0,0.9994775339602926,
2025-06-01,NNJ07,NHS ENGLAND MIDLANDS,LOUGHBOROUGH URGENT CARE CENTRE,0,5332,0,23,0,0,0.9956864216054013,
2025-06-01,NNJ0H,NHS ENGLAND MIDLANDS,LLR EA - THE MERLYN VAZ HEALTH & SOCIAL CARE CENTRE,0,184,0,0,0,0,1.0,
2025-06-01,NNJ12,NHS ENGLAND MIDLANDS,MARKET HARBOROUGH,0,98,0,0,0,0,1.0,
2025-06-01,NNJ13,NHS ENGLAND MIDLANDS,MELTON MOWBRAY,0,46,0,0,0,0,1.0,
2025-06-01,NNJ14,NHS ENGLAND MIDLANDS,OADBY,0,518,0,0,0,0,1.0,
2025-06-01,NNJ15,NHS ENGLAND MIDLANDS,OAKHAM,0,55,0,0,0,0,1.0,
2025-06-01,NQT1I,NHS ENGLAND SOUTH WEST,CHIPPENHAM COMMUNITY HOSPITAL,0,1833,0,37,0,0,0.9798145117294054,
2025-06-01,NQT51,NHS ENGLAND SOUTH EAST,STATION PLAZA HEALTH CENTRE,0,987,0,0,0,0,1.0,
2025-06-01,NQT5F,NHS ENGLAND NORTH WEST,SKELMERSDALE WALK IN CENTRE,0,1587,0,9,0,0,0.994328922495274,
2025-06-01,NQT5H,NHS ENGLAND SOUTH WEST,PAULTON MEMORIAL HOSPITAL,0,1290,0,5,0,0,0.9961240310077519,
2025-06-01,NQTE4,NHS ENGLAND MIDLANDS,SUMMERFIELD URGENT CARE CENTRE,0,2962,0,0,0,0,1.0,
2025-06-01,NR3,NHS ENGLAND MIDLANDS,NOTTINGHAM CITYCARE PARTNERSHIP,0,4946,0,377,0,0,0.9237767893247069,
2025-06-01,NTP11,NHS ENGLAND SOUTH EAST,PRACTICE PLUS GROUP HOSPITAL - SOUTHAMPTON,0,5502,0,261,0,0,0.9525627044711014,
2025-06-01,NTPAD,NHS ENGLAND SOUTH EAST,PRACTICE PLUS GROUP SURGICAL CENTRE - ST MARYS PORTSMOUTH,0,5372,0,171,0,0,0.9681682799702159,
2025-06-01,NTV0B,NHS ENGLAND SOUTH EAST,ASHFORD WALK-IN-CENTRE,0,2273,0,278,0,0,0.8776946766388034,
2025-06-01,NTV0W,NHS ENGLAND SOUTH EAST,WOKING WALK IN CENTRE,0,2655,0,195,0,0,0.9265536723163842,
2025-06-01,NV693,NHS ENGLAND NORTH WEST,ROSSENDALE MIU & OOH,0,1112,0,1,0,0,0.9991007194244604,
2025-06-01,R0A,NHS ENGLAND NORTH WEST,MANCHESTER UNIVERSITY NHS FOUNDATION TRUST,24752,39432,10611,11313,3081,108,0.7131010346926354,0.5713073691014867
2025-06-01,R0B,NHS ENGLAND NORTH EAST AND YORKSHIRE,SOUTH TYNESIDE AND SUNDERLAND NHS FOUNDATION TRUST,11137,18232,5337,5669,779,2,0.6890631856077227,0.5207865672981953
2025-06-01,R0D,NHS ENGLAND SOUTH WEST,UNIVERSITY HOSPITALS DORSET NHS FOUNDATION TRUST,14718,19890,5721,5721,603,80,0.71236802413273,0.6112922951487973
2025-06-01,R1D,NHS ENGLAND MIDLANDS,SHROPSHIRE COMMUNITY HEALTH NHS TRUST,0,3487,0,51,0,0,0.9853742472039002,
2025-06-01,R1F,NHS ENGLAND SOUTH EAST,ISLE OF WIGHT NHS TRUST,4192,6050,1754,1869,264,181,0.6910743801652892,0.5815839694656488
2025-06-01,R1H,NHS ENGLAND LONDON,BARTS HEALTH NHS TRUST,25464,44927,11582,13831,1234,960,0.6921450352794534,0.5451617970468112
2025-06-01,R1K,NHS ENGLAND LONDON,LONDON NORTH WEST UNIVERSITY HEALTHCARE NHS TRUST,13432,29046,6122,6335,451,196,0.7818976795427942,0.5442227516378797
2025-06-01,RA2,NHS ENGLAND SOUTH EAST,ROYAL SURREY COUNTY HOSPITAL NHS FOUNDATION TRUST,6763,8707,1863,1863,296,5,0.7860342253359366,0.724530533786781
2025-06-01,RA7,NHS ENGLAND SOUTH WEST,UNIVERSITY HOSPITALS BRISTOL AND WESTON NHS FOUNDATION TRUST,15491,18047,5239,5400,917,137,0.7007812932897435,0.6618036279129818
2025-06-01,RA9,NHS ENGLAND SOUTH WEST,TORBAY AND SOUTH DEVON NHS FOUNDATION TRUST,6570,10274,2841,2849,273,70,0.7226980728051392,0.5675799086757991
2025-06-01,RAE,NHS ENGLAND NORTH EAST AND YORKSHIRE,BRADFORD TEACHING HOSPITALS NHS FOUNDATION TRUST,9369,13772,2373,2374,653,63,0.8276212605286087,0.7467178994556516
2025-06-01,RAJ,NHS ENGLAND EAST OF ENGLAND,MID AND SOUTH ESSEX NHS FOUNDATION TRUST,30471,34371,8343,8463,2177,165,0.7537749847254953,0.7261986807128089
2025-06-01,RAL,NHS ENGLAND LONDON,ROYAL FREE LONDON NHS FOUNDATION TRUST,25688,42604,8647,9405,1181,1691,0.7792460801802648,0.6633836810962317
2025-06-01,RAN,NHS ENGLAND LONDON,ROYAL NATIONAL ORTHOPAEDIC HOSPITAL NHS TRUST,0,0,0,0,0,0,,
2025-06-01,RAS,NHS ENGLAND LONDON,THE HILLINGDON HOSPITALS NHS FOUNDATION TRUST,5813,12633,2574,2699,324,33,0.7863532019314494,0.5571993806984346
2025-06-01,RAT,NHS ENGLAND LONDON,NORTH EAST LONDON NHS FOUNDATION TRUST,0,1728,0,60,0,0,0.9652777777777778,
2025-06-01,RAX,NHS ENGLAND LONDON,KINGSTON AND RICHMOND NHS FOUNDATION TRUST,6808,15372,3230,3473,298,221,0.7740697371844913,0.5255581668625147
2025-06-01,RBD,NHS ENGLAND SOUTH WEST,DORSET COUNTY HOSPITAL NHS FOUNDATION TRUST,4556,4556,1499,1499,208,18,0.6709833187006146,0.6709833187006146
2025-06-01,RBK,NHS ENGLAND MIDLANDS,WALSALL HEALTHCARE NHS TRUST,9482,13799,2895,2968,922,55,0.7849119501413147,0.6946846656823455
2025-06-01,RBL,NHS ENGLAND NORTH WEST,WIRRAL UNIVERSITY TEACHING HOSPITAL NHS FOUNDATION TRUST,7932,10861,4151,4235,508,816,0.6100727373170058,0.47667675239536056
2025-06-01,RBN,NHS ENGLAND NORTH WEST,MERSEY AND WEST LANCASHIRE TEACHING HOSPITALS NHS TRUST,17147,24400,6357,6455,597,264,0.7354508196721312,0.6292645943896892
2025-06-01,RBQ,NHS ENGLAND NORTH WEST,LIVERPOOL HEART AND CHEST HOSPITAL NHS FOUNDATION TRUST,0,0,0,0,0,0,,
2025-06-01,RBS,NHS ENGLAND NORTH WEST,ALDER HEY CHILDREN'S NHS FOUNDATION TRUST,5785,5785,867,867,0,0,0.8501296456352636,0.8501296456352636
2025-06-01,RBT,NHS ENGLAND NORTH WEST,MID CHESHIRE HOSPITALS NHS FOUNDATION TRUST,7306,10154,4083,4173,511,427,0.5890289541067559,0.44114426498768133
2025-06-01,RBV,NHS ENGLAND NORTH WEST,THE CHRISTIE NHS FOUNDATION TRUST,0,0,0,0,0,0,,
2025-06-01,RC9,NHS ENGLAND EAST OF ENGLAND,BEDFORDSHIRE HOSPITALS NHS FOUNDATION TRUST,16839,24512,6761,6761,81,0,0.7241759138381201,0.5984915968881763
2025-06-01,RCB,NHS ENGLAND NORTH EAST AND YORKSHIRE,YORK AND SCARBOROUGH TEACHING HOSPITALS NHS FOUNDATION TRUST,10773,18780,5365,5748,750,377,0.6939297124600639,0.5019957300659055
2025-06-01,RCD,NHS ENGLAND NORTH EAST AND YORKSHIRE,HARROGATE AND DISTRICT NHS FOUNDATION TRUST,5412,6517,1498,1498,165,5,0.770139634801289,0.7232076866223207
2025-06-01,RCF,NHS ENGLAND NORTH EAST AND YORKSHIRE,AIREDALE NHS FOUNDATION TRUST,6194,6413,2095,2095,328,99,0.6733198191174177,0.6617694543106232
2025-06-01,RCU,NHS ENGLAND NORTH EAST AND YORKSHIRE,SHEFFIELD CHILDREN'S NHS FOUNDATION TRUST,4715,5024,312,312,11,0,0.9378980891719745,0.9338282078472959
2025-06-01,RCX,NHS ENGLAND EAST OF ENGLAND,"THE QUEEN ELIZABETH HOSPITAL, KING'S LYNN, NHS FOUNDATION TRUST",6635,7811,2967,2967,758,95,0.620151069005249,0.5528259231348907
2025-06-01,RD1,NHS ENGLAND SOUTH WEST,ROYAL UNITED HOSPITALS BATH NHS FOUNDATION TRUST,8676,8676,3681,3681,697,25,0.5757261410788381,0.5757261410788381
2025-06-01,RD8,NHS ENGLAND EAST OF ENGLAND,MILTON KEYNES UNIVERSITY HOSPITAL NHS FOUNDATION TRUST,8358,13333,3075,3085,647,0,0.768619215480387,0.632089016511127
2025-06-01,RDE,NHS ENGLAND EAST OF ENGLAND,EAST SUFFOLK AND NORTH ESSEX NHS FOUNDATION TRUST,11506,25898,5944,6493,1012,452,0.7492856591242567,0.4833999652355293
2025-06-01,RDR,NHS ENGLAND SOUTH EAST,SUSSEX COMMUNITY NHS FOUNDATION TRUST,0,12342,0,137,0,0,0.9888996921082482,
2025-06-01,RDU,NHS ENGLAND SOUTH EAST,FRIMLEY HEALTH NHS FOUNDATION TRUST,22355,35965,9517,9910,1435,414,0.7244543305991937,0.5742786848579736
2025-06-01,RDY,NHS ENGLAND SOUTH WEST,DORSET HEALTHCARE UNIVERSITY NHS FOUNDATION TRUST,0,0,0,0,0,0,,
2025-06-01,REF,NHS ENGLAND SOUTH WEST,ROYAL CORNWALL HOSPITALS NHS TRUST,7034,20624,3980,4896,735,429,0.7626066718386346,0.43417685527438155
2025-06-01,REM,NHS ENGLAND NORTH WEST,LIVERPOOL UNIVERSITY HOSPITALS NHS FOUNDATION TRUST,15366,24477,7502,7752,1873,870,0.6832945213874249,0.5117792528960041
2025-06-01,REP,NHS ENGLAND NORTH WEST,LIVERPOOL WOMEN'S NHS FOUNDATION TRUST,0,1467,0,109,0,0,0.9256987048398091,
2025-06-01,RET,NHS ENGLAND NORTH WEST,THE WALTON CENTRE NHS FOUNDATION TRUST,0,0,0,0,0,0,,
2025-06-01,RF4,NHS ENGLAND LONDON,"BARKING, HAVERING AND REDBRIDGE UNIVERSITY HOSPITALS NHS TRUST",13369,30418,5954,6440,712,586,0.78828325333684,0.5546413344303986
2025-06-01,RFF,NHS ENGLAND NORTH EAST AND YORKSHIRE,BARNSLEY HOSPITAL NHS FOUNDATION TRUST,9221,9221,3419,3419,429,0,0.6292159201821927,0.6292159201821927
2025-06-01,RFR,NHS ENGLAND NORTH EAST AND YORKSHIRE,THE ROTHERHAM NHS FOUNDATION TRUST,9049,9049,2401,2401,275,1,0.734666814012598,0.734666814012598
2025-06-01,RFS,NHS ENGLAND MIDLANDS,CHESTERFIELD ROYAL HOSPITAL NHS FOUNDATION TRUST,6588,12633,3702,4137,564,78,0.6725243410116362,0.43806921675774135
2025-06-01,RGN,NHS ENGLAND EAST OF ENGLAND,NORTH WEST ANGLIA NHS FOUNDATION TRUST,14646,19386,5338,5519,643,519,0.7153100175384298,0.635531885839137
2025-06-01,RGP,NHS ENGLAND EAST OF ENGLAND,JAMES PAGET UNIVERSITY HOSPITALS NHS FOUNDATION TRUST,7615,8894,2981,2981,503,202,0.6648302226219924,0.6085357846355877
2025-06-01,RGR,NHS ENGLAND EAST OF ENGLAND,WEST SUFFOLK NHS FOUNDATION TRUST,8040,8725,2548,2548,505,240,0.7079656160458453,0.6830845771144278
2025-06-01,RGT,NHS ENGLAND EAST OF ENGLAND,CAMBRIDGE UNIVERSITY HOSPITALS NHS FOUNDATION TRUST,10891,16946,4397,4536,519,236,0.7323262126755576,0.5962721513176017
2025-06-01,RH5,NHS ENGLAND SOUTH WEST,SOMERSET NHS FOUNDATION TRUST,12738,22116,5173,5383,283,66,0.7566015554349792,0.5938922907834825
2025-06-01,RH8,NHS ENGLAND SOUTH WEST,ROYAL DEVON UNIVERSITY HEALTHCARE NHS FOUNDATION TRUST,12847,17205,4809,4832,639,90,0.7191514094739901,0.6256713629641162
2025-06-01,RHM,NHS ENGLAND SOUTH EAST,UNIVERSITY HOSPITAL SOUTHAMPTON NHS FOUNDATION TRUST,11765,13100,5029,5135,363,9,0.6080152671755725,0.5725456863578411
2025-06-01,RHQ,NHS ENGLAND NORTH EAST AND YORKSHIRE,SHEFFIELD TEACHING HOSPITALS NHS FOUNDATION TRUST,8756,17169,3872,4071,524,4,0.7628865979381443,0.5577889447236181
2025-06-01,RHU,NHS ENGLAND SOUTH EAST,PORTSMOUTH HOSPITALS UNIVERSITY NHS TRUST,10271,14437,3677,3763,847,838,0.7393502805291958,0.6420017525070587
2025-06-01,RHW,NHS ENGLAND SOUTH EAST,ROYAL BERKSHIRE NHS FOUNDATION TRUST,11860,16308,3985,4000,439,5,0.7547216090262447,0.6639966273187183
2025-06-01,RJ1,NHS ENGLAND LONDON,GUY'S AND ST THOMAS' NHS FOUNDATION TRUST,10089,18000,3363,3596,108,68,0.8002222222222222,0.6666666666666667
2025-06-01,RJ2,NHS ENGLAND LONDON,LEWISHAM AND GREENWICH NHS TRUST,15546,25332,7695,7971,1251,712,0.6853387020369492,0.5050173678116557
2025-06-01,RJ6,NHS ENGLAND LONDON,CROYDON HEALTH SERVICES NHS TRUST,12910,17962,4521,4521,252,0,0.7483019708273021,0.6498063516653757
2025-06-01,RJ7,NHS ENGLAND LONDON,ST GEORGE'S UNIVERSITY HOSPITALS NHS FOUNDATION TRUST,8539,12665,2394,2544,519,694,0.7991314646664035,0.7196393020259984
2025-06-01,RJ8,NHS ENGLAND SOUTH WEST,CORNWALL PARTNERSHIP NHS FOUNDATION TRUST,0,0,0,0,0,0,,
2025-06-01,RJC,NHS ENGLAND MIDLANDS,SOUTH WARWICKSHIRE UNIVERSITY NHS FOUNDATION TRUST,8366,8763,2124,2124,334,11,0.7576172543649435,0.7461152283050443
2025-06-01,RJE,NHS ENGLAND MIDLANDS,UNIVERSITY HOSPITALS OF NORTH MIDLANDS NHS TRUST,14177,23320,7382,7487,1032,942,0.6789451114922813,0.4792974536220639
2025-06-01,RJL,NHS ENGLAND NORTH EAST AND YORKSHIRE,NORTHERN LINCOLNSHIRE AND GOOLE NHS FOUNDATION TRUST,9049,16432,4843,4952,728,761,0.698636806231743,0.46480274063432425
2025-06-01,RJN,NHS ENGLAND NORTH WEST,EAST CHESHIRE NHS TRUST,4831,4831,2575,2575,172,259,0.4669840612709584,0.4669840612709584
2025-06-01,RJR,NHS ENGLAND NORTH WEST,COUNTESS OF CHESTER HOSPITAL NHS FOUNDATION TRUST,5245,7645,2572,2778,381,577,0.6366252452583387,0.509628217349857
2025-06-01,RJZ,NHS ENGLAND LONDON,KING'S COLLEGE HOSPITAL NHS FOUNDATION TRUST,15041,24399,6741,7288,1619,931,0.7012992335751465,0.5518250116348646
2025-06-01,RK5,NHS ENGLAND MIDLANDS,SHERWOOD FOREST HOSPITALS NHS FOUNDATION TRUST,11174,16870,3627,3893,574,43,0.7692353289863663,0.6754071952747449
2025-06-01,RK9,NHS ENGLAND SOUTH WEST,UNIVERSITY HOSPITALS PLYMOUTH NHS TRUST,9169,15072,4584,4669,477,658,0.6902202760084926,0.5000545315737812
2025-06-01,RKB,NHS ENGLAND MIDLANDS,UNIVERSITY HOSPITALS COVENTRY AND WARWICKSHIRE NHS TRUST,12391,19673,5555,5862,70,14,0.7020281604229146,0.551690743281414
2025-06-01,RKE,NHS ENGLAND LONDON,WHITTINGTON HEALTH NHS TRUST,9127,9127,2445,2445,234,140,0.7321135093678097,0.7321135093678097
2025-06-01,RL1,NHS ENGLAND MIDLANDS,THE ROBERT JONES AND AGNES HUNT ORTHOPAEDIC HOSPITAL NHS FOUNDATION TRUST,0,0,0,0,0,0,,
2025-06-01,RL4,NHS ENGLAND MIDLANDS,THE ROYAL WOLVERHAMPTON NHS TRUST,13220,20493,3509,3649,1040,212,0.8219391987507929,0.7345688350983359
2025-06-01,RLQ,NHS ENGLAND MIDLANDS,WYE VALLEY NHS TRUST,6098,7350,2576,2576,411,234,0.6495238095238095,0.5775664152181044
2025-06-01,RLT,NHS ENGLAND MIDLANDS,GEORGE ELIOT HOSPITAL NHS TRUST,6939,8632,2566,2630,261,484,0.6953197405004634,0.6302060815679493
2025-06-01,RM1,NHS ENGLAND EAST OF ENGLAND,NORFOLK AND NORWICH UNIVERSITY HOSPITALS NHS FOUNDATION TRUST,13020,20611,4102,4115,937,248,0.8003493280287225,0.6849462365591398
2025-06-01,RM3,NHS ENGLAND NORTH WEST,NORTHERN CARE ALLIANCE NHS FOUNDATION TRUST,25985,34698,10696,11076,1054,1179,0.6807885180702058,0.5883779103328843
2025-06-01,RMC,NHS ENGLAND NORTH WEST,BOLTON NHS FOUNDATION TRUST,7988,11967,3910,4198,545,245,0.6492019720899139,0.5105157736604907
2025-06-01,RMP,NHS ENGLAND NORTH WEST,TAMESIDE AND GLOSSOP INTEGRATED CARE NHS FOUNDATION TRUST,8629,11060,4721,4743,376,705,0.5711573236889693,0.45289141267817823
2025-06-01,RN3,NHS ENGLAND SOUTH WEST,GREAT WESTERN HOSPITALS NHS FOUNDATION TRUST,5709,11370,2897,3514,702,164,0.6909410729991206,0.49255561394289715
2025-06-01,RN5,NHS ENGLAND SOUTH EAST,HAMPSHIRE HOSPITALS NHS FOUNDATION TRUST,10496,14031,4268,4374,83,23,0.6882617062219372,0.5933689024390244
2025-06-01,RN7,NHS ENGLAND SOUTH EAST,DARTFORD AND GRAVESHAM NHS TRUST,11007,15089,3835,3840,536,297,0.7455099741533567,0.6515853547742345
2025-06-01,RNA,NHS ENGLAND MIDLANDS,THE DUDLEY GROUP NHS FOUNDATION TRUST,10299,14228,2978,3003,1724,78,0.7889373067191454,0.7108457131760365
2025-06-01,RNN,NHS ENGLAND NORTH EAST AND YORKSHIRE,NORTH CUMBRIA INTEGRATED CARE NHS FOUNDATION TRUST,8759,10827,3932,3969,701,403,0.6334164588528679,0.551090307112684
2025-06-01,RNQ,NHS ENGLAND MIDLANDS,KETTERING GENERAL HOSPITAL NHS FOUNDATION TRUST,9895,18067,3673,3808,724,556,0.7892289810151104,0.6288024254674078
2025-06-01,RNS,NHS ENGLAND MIDLANDS,NORTHAMPTON GENERAL HOSPITAL NHS TRUST,11008,13585,4131,4361,709,697,0.6789841737210158,0.6247274709302326
2025-06-01,RNU,NHS ENGLAND SOUTH EAST,OXFORD HEALTH NHS FOUNDATION TRUST,0,4643,0,219,0,0,0.9528322205470601,
2025-06-01,RNZ,NHS ENGLAND SOUTH WEST,SALISBURY NHS FOUNDATION TRUST,4881,7101,2178,2178,351,31,0.6932826362484157,0.553779963122311
2025-06-01,RP5,NHS ENGLAND NORTH EAST AND YORKSHIRE,DONCASTER AND BASSETLAW TEACHING HOSPITALS NHS FOUNDATION TRUST,14268,18583,4511,4526,987,80,0.7564440617768928,0.6838379590692458
2025-06-01,RP6,NHS ENGLAND LONDON,MOORFIELDS EYE HOSPITAL NHS FOUNDATION TRUST,0,6116,0,243,0,0,0.9602681491170699,
2025-06-01,RPA,NHS ENGLAND SOUTH EAST,MEDWAY NHS FOUNDATION TRUST,10049,16519,3353,3949,396,454,0.7609419456383558,0.6663349587023584
2025-06-01,RPC,NHS ENGLAND SOUTH EAST,QUEEN VICTORIA HOSPITAL NHS FOUNDATION TRUST,0,1488,0,53,0,0,0.9643817204301075,
2025-06-01,RQ3,NHS ENGLAND MIDLANDS,BIRMINGHAM WOMEN'S AND CHILDREN'S NHS FOUNDATION TRUST,4831,4831,791,791,9,2,0.8362657834816808,0.8362657834816808
2025-06-01,RQM,NHS ENGLAND LONDON,CHELSEA AND WESTMINSTER HOSPITAL NHS FOUNDATION TRUST,19980,26071,5149,5227,508,56,0.7995090330252004,0.7422922922922923
2025-06-01,RQW,NHS ENGLAND EAST OF ENGLAND,THE PRINCESS ALEXANDRA HOSPITAL NHS TRUST,8513,10420,3484,3484,344,99,0.6656429942418426,0.5907435686596969
2025-06-01,RQX,NHS ENGLAND LONDON,HOMERTON HEALTHCARE NHS FOUNDATION TRUST,11079,11079,2188,2188,185,23,0.8025092517375214,0.8025092517375214
2025-06-01,RR7,NHS ENGLAND NORTH EAST AND YORKSHIRE,GATESHEAD HEALTH NHS FOUNDATION TRUST,6051,9922,2269,2309,614,2,0.7672848216085466,0.6250206577425219
2025-06-01,RR8,NHS ENGLAND NORTH EAST AND YORKSHIRE,LEEDS TEACHING HOSPITALS NHS TRUST,17563,30046,6835,7031,1759,208,0.7659921453770885,0.6108295849228491
2025-06-01,RRF,NHS ENGLAND NORTH WEST,"WRIGHTINGTON, WIGAN AND LEIGH NHS FOUNDATION TRUST",7384,12586,3512,3570,626,356,0.7163515016685206,0.5243770314192849
2025-06-01,RRK,NHS ENGLAND MIDLANDS,UNIVERSITY HOSPITALS BIRMINGHAM NHS FOUNDATION TRUST,35162,37407,14726,14827,2472,1892,0.603630336568022,0.5811956088959672
2025-06-01,RRV,NHS ENGLAND LONDON,UNIVERSITY COLLEGE LONDON HOSPITALS NHS FOUNDATION TRUST,13449,13449,3610,3610,252,55,0.7315785560264704,0.7315785560264704
2025-06-01,RTD,NHS ENGLAND NORTH EAST AND YORKSHIRE,THE NEWCASTLE UPON TYNE HOSPITALS NHS FOUNDATION TRUST,12288,20325,4473,4563,595,48,0.7754981549815498,0.635986328125
2025-06-01,RTE,NHS ENGLAND SOUTH WEST,GLOUCESTERSHIRE HOSPITALS NHS FOUNDATION TRUST,13546,13546,5020,5020,430,223,0.6294108962055219,0.6294108962055219
2025-06-01,RTF,NHS ENGLAND NORTH EAST AND YORKSHIRE,NORTHUMBRIA HEALTHCARE NHS FOUNDATION TRUST,9915,23496,1993,2000,3,0,0.9148791283622745,0.7989914271306102
2025-06-01,RTG,NHS ENGLAND MIDLANDS,UNIVERSITY HOSPITALS OF DERBY AND BURTON NHS FOUNDATION TRUST,18581,28261,8586,8586,1059,709,0.6961890945118715,0.5379150745385071
2025-06-01,RTH,NHS ENGLAND SOUTH EAST,OXFORD UNIVERSITY HOSPITALS NHS FOUNDATION TRUST,12268,17831,3498,3609,511,0,0.7975996859402165,0.7148679491359635
2025-06-01,RTK,NHS ENGLAND SOUTH EAST,ASHFORD AND ST PETER'S HOSPITALS NHS FOUNDATION TRUST,7124,10172,3452,3478,584,183,0.6580810066850177,0.5154407636159462
2025-06-01,RTP,NHS ENGLAND SOUTH EAST,SURREY AND SUSSEX HEALTHCARE NHS TRUST,10423,10423,3709,3709,486,587,0.6441523553679362,0.6441523553679362
2025-06-01,RTQ,NHS ENGLAND SOUTH WEST,GLOUCESTERSHIRE HEALTH AND CARE NHS FOUNDATION TRUST,0,8850,0,172,0,0,0.9805649717514124,
2025-06-01,RTR,NHS ENGLAND NORTH EAST AND YORKSHIRE,SOUTH TEES HOSPITALS NHS FOUNDATION TRUST,7240,16965,3588,4322,250,6,0.7452402004126142,0.5044198895027625
2025-06-01,RTX,NHS ENGLAND NORTH WEST,UNIVERSITY HOSPITALS OF MORECAMBE BAY NHS FOUNDATION TRUST,9300,12251,3208,3302,622,264,0.7304709819606563,0.6550537634408602
2025-06-01,RV9,NHS ENGLAND NORTH EAST AND YORKSHIRE,HUMBER TEACHING NHS FOUNDATION TRUST,0,1256,0,4,0,0,0.9968152866242038,
2025-06-01,RVJ,NHS ENGLAND SOUTH WEST,NORTH BRISTOL NHS TRUST,9261,9261,3498,3498,576,263,0.6222870100421121,0.6222870100421121
2025-06-01,RVR,NHS ENGLAND LONDON,EPSOM AND ST HELIER UNIVERSITY HOSPITALS NHS TRUST,10881,12859,4160,4458,472,994,0.6533167431371024,0.6176821983273596
2025-06-01,RVV,NHS ENGLAND SOUTH EAST,EAST KENT HOSPITALS UNIVERSITY NHS FOUNDATION TRUST,12129,25266,5583,5957,535,1150,0.7642286076149767,0.5396982438783082
2025-06-01,RVW,NHS ENGLAND NORTH EAST AND YORKSHIRE,NORTH TEES AND HARTLEPOOL NHS FOUNDATION TRUST,4778,16032,2497,2546,233,11,0.8411926147704591,0.4773964001674341
2025-06-01,RW1,NHS ENGLAND SOUTH EAST,HAMPSHIRE AND ISLE OF WIGHT HEALTHCARE NHS FOUNDATION TRUST,0,3100,0,52,0,0,0.983225806451613,
2025-06-01,RW4,NHS ENGLAND NORTH WEST,MERSEY CARE NHS FOUNDATION TRUST,0,13175,0,244,0,0,0.9814800759013282,
2025-06-01,RWA,NHS ENGLAND NORTH EAST AND YORKSHIRE,HULL UNIVERSITY TEACHING HOSPITALS NHS TRUST,9584,13999,5539,6071,1105,408,0.5663261661547254,0.42205759599332215
2025-06-01,RWD,NHS ENGLAND MIDLANDS,UNITED LINCOLNSHIRE TEACHING HOSPITALS NHS TRUST,16654,20302,6851,7194,910,1077,0.6456506748103635,0.5886273567911613
2025-06-01,RWE,NHS ENGLAND MIDLANDS,UNIVERSITY HOSPITALS OF LEICESTER NHS TRUST,21814,23938,9128,9378,1207,569,0.6082379480324172,0.5815531310167782
2025-06-01,RWF,NHS ENGLAND SOUTH EAST,MAIDSTONE AND TUNBRIDGE WELLS NHS TRUST,18050,20501,3527,3597,985,172,0.8245451441393102,0.8045983379501385
2025-06-01,RWG,NHS ENGLAND EAST OF ENGLAND,WEST HERTFORDSHIRE TEACHING HOSPITALS NHS TRUST,8116,15997,2374,2413,654,21,0.8491592173532537,0.7074913750616068
2025-06-01,RWH,NHS ENGLAND EAST OF ENGLAND,EAST AND NORTH HERTFORDSHIRE NHS TRUST,8595,17034,3738,3847,81,23,0.7741575672185042,0.5650959860383944
2025-06-01,RWJ,NHS ENGLAND NORTH WEST,STOCKPORT NHS FOUNDATION TRUST,7886,8972,2551,2619,558,95,0.7080918412839947,0.6765153436469693
2025-06-01,RWP,NHS ENGLAND MIDLANDS,WORCESTERSHIRE ACUTE HOSPITALS NHS TRUST,13862,20338,6811,6898,684,795,0.6608319402104434,0.5086567594863656
2025-06-01,RWW,NHS ENGLAND NORTH WEST,WARRINGTON AND HALTON TEACHING HOSPITALS NHS FOUNDATION TRUST,6822,9996,3501,3542,654,854,0.645658263305322,0.48680738786279687
2025-06-01,RWX,NHS ENGLAND SOUTH EAST,BERKSHIRE HEALTHCARE NHS FOUNDATION TRUST,0,1624,0,20,0,0,0.9876847290640394,
2025-06-01,RWY,NHS ENGLAND NORTH EAST AND YORKSHIRE,CALDERDALE AND HUDDERSFIELD NHS FOUNDATION TRUST,16287,16287,2692,2692,652,7,0.8347148032172899,0.8347148032172899
2025-06-01,RX1,NHS ENGLAND MIDLANDS,NOTTINGHAM UNIVERSITY HOSPITALS NHS TRUST,13038,15264,6606,6662,282,518,0.5635482180293501,0.49332719742291764
2025-06-01,RXC,NHS ENGLAND SOUTH EAST,EAST SUSSEX HEALTHCARE NHS TRUST,8606,11359,3532,3586,208,31,0.6843031957038472,0.5895886590750639
2025-06-01,RXF,NHS ENGLAND NORTH EAST AND YORKSHIRE,MID YORKSHIRE TEACHING NHS TRUST,16824,23574,6283,6453,1584,49,0.7262662255026724,0.626545411317166
2025-06-01,RXG,NHS ENGLAND NORTH EAST AND YORKSHIRE,SOUTH WEST YORKSHIRE PARTNERSHIP NHS FOUNDATION TRUST,0,0,0,0,0,0,,
2025-06-01,RXK,NHS ENGLAND MIDLANDS,SANDWELL AND WEST BIRMINGHAM HOSPITALS NHS TRUST,11589,21053,4324,4772,629,87,0.7733339666555835,0.6268875657951506
2025-06-01,RXL,NHS ENGLAND NORTH WEST,BLACKPOOL TEACHING HOSPITALS NHS FOUNDATION TRUST,8886,18964,4182,4227,750,310,0.7771039865007383,0.5293720459149224
2025-06-01,RXN,NHS ENGLAND NORTH WEST,LANCASHIRE TEACHING HOSPITALS NHS FOUNDATION TRUST,11836,15254,4494,4636,995,476,0.6960797167955945,0.6203109158499494
2025-06-01,RXP,NHS ENGLAND NORTH EAST AND YORKSHIRE,COUNTY DURHAM AND DARLINGTON NHS FOUNDATION TRUST,13150,17666,4718,4718,1589,0,0.7329333182384241,0.6412167300380228
2025-06-01,RXQ,NHS ENGLAND SOUTH EAST,BUCKINGHAMSHIRE HEALTHCARE NHS TRUST,10914,15241,3341,3399,231,223,0.776983137589397,0.6938794209272494
2025-06-01,RXR,NHS ENGLAND NORTH WEST,EAST LANCASHIRE HOSPITALS NHS TRUST,13323,24311,4409,4855,514,957,0.8002961622310888,0.6690685281092847
2025-06-01,RXW,NHS ENGLAND MIDLANDS,THE SHREWSBURY AND TELFORD HOSPITAL NHS TRUST,10883,13552,5918,6366,450,1334,0.5302538370720189,0.4562161168795369
2025-06-01,RY2,NHS ENGLAND NORTH WEST,BRIDGEWATER COMMUNITY HEALTHCARE NHS FOUNDATION TRUST,0,2903,0,39,0,0,0.9865656217705822,
2025-06-01,RY4,NHS ENGLAND EAST OF ENGLAND,HERTFORDSHIRE COMMUNITY NHS TRUST,0,1289,0,59,0,0,0.9542280837858805,
2025-06-01,RY5,NHS ENGLAND MIDLANDS,LINCOLNSHIRE COMMUNITY HEALTH SERVICES NHS TRUST,0,8665,0,174,0,0,0.9799192152336987,
2025-06-01,RY7,NHS ENGLAND NORTH WEST,WIRRAL COMMUNITY HEALTH AND CARE NHS FOUNDATION TRUST,0,4352,0,273,0,0,0.9372702205882353,
2025-06-01,RY8,NHS ENGLAND MIDLANDS,DERBYSHIRE COMMUNITY HEALTH SERVICES NHS FOUNDATION TRUST,0,8156,0,248,0,0,0.969592937714566,
2025-06-01,RYF,NHS ENGLAND SOUTH WEST,SOUTH WESTERN AMBULANCE SERVICE NHS FOUNDATION TRUST,0,2009,0,24,0,0,0.9880537580886013,
2025-06-01,RYG,NHS ENGLAND MIDLANDS,COVENTRY AND WARWICKSHIRE PARTNERSHIP NHS TRUST,0,0,0,0,0,0,,
2025-06-01,RYJ,NHS ENGLAND LONDON,IMPERIAL COLLEGE HEALTHCARE NHS TRUST,12099,23716,5345,5800,676,0,0.7554393658289762,0.5582279527233656
2025-06-01,RYR,NHS ENGLAND SOUTH EAST,UNIVERSITY HOSPITALS SUSSEX NHS FOUNDATION TRUST,26467,29982,9334,9625,663,514,0.678974051097325,0.6473344164431178
2025-06-01,RYX,NHS ENGLAND LONDON,CENTRAL LONDON COMMUNITY HEALTHCARE NHS TRUST,0,12854,0,299,0,0,0.9767387583631555,
2025-06-01,RYY,NHS ENGLAND SOUTH EAST,KENT COMMUNITY HEALTH NHS FOUNDATION TRUST,0,9813,0,28,0,0,0.9971466422093141,
2025-06-01,Y00751,NHS ENGLAND SOUTH EAST,EAST BERKS PRIMARY CARE OOH(WAM),0,0,0,0,0,0,,
2025-06-01,Y02147,NHS ENGLAND LONDON,URGENT CARE CENTRE (QMS),0,8011,0,131,0,0,0.9836474847085258,
2025-06-01,Y02428,NHS ENGLAND EAST OF ENGLAND,PUTNOE WALK IN CENTRE,0,2269,0,0,0,0,1.0,
2025-06-01,Y02532,NHS ENGLAND NORTH WEST,MIRIAM MINOR EMERGENCY,0,1611,0,0,0,0,1.0,
2025-06-01,Y02615,NHS ENGLAND MIDLANDS,SOUTH BIRMINGHAM GP WALK IN CENTRE,0,6125,0,0,0,0,1.0,
2025-06-01,Y02676,NHS ENGLAND SOUTH EAST,BRIGHTON STATION HEALTH CENTRE,0,1793,0,1,0,0,0.9994422755158952,
2025-06-01,Y03007,NHS ENGLAND MIDLANDS,ERDINGTON GP HEALTH & WELLBEING WIC,0,0,0,0,0,0,,
2025-06-01,Y03218,NHS ENGLAND LONDON,THE PINN UNREGISTERED WIC,0,822,0,0,0,0,1.0,
2025-06-01,Y07709,NHS ENGLAND SOUTH EAST,READING URGENT CARE CENTRE,0,1793,0,0,0,0,1.0,
2025-07-01,8J094,NHS ENGLAND MIDLANDS,BADGER LTD,0,0,0,0,0,0,,
2025-07-01,A5D4Q,NHS ENGLAND MIDLANDS,NEMS CBS (UTC),0,4053,0,866,0,0,0.7863311127559832,
2025-07-01,AAH,NHS ENGLAND SOUTH WEST,TETBURY HOSPITAL TRUST LTD,0,688,0,0,0,0,1.0,
2025-07-01,ACH01,NHS ENGLAND SOUTH EAST,WHITSTABLE MEDICAL PRACTICE,0,5094,0,0,0,0,1.0,
2025-07-01,AD913,NHS ENGLAND LONDON,BECKENHAM BEACON UCC,0,3584,0,86,0,0,0.9760044642857143,
2025-07-01,AJN,NHS ENGLAND NORTH EAST AND YORKSHIRE,WORKINGTON HEALTH LIMITED,0,442,0,0,0,0,1.0,
2025-07-01,AQM01,NHS ENGLAND SOUTH EAST,FAVERSHAM MEDICAL PRACTICE MIU,0,2894,0,0,0,0,1.0,
2025-07-01,AQN04,NHS ENGLAND SOUTH EAST,PHL LYMINGTON UTC,0,3611,0,72,0,0,0.980060924951537,
2025-07-01,ARN03,NHS ENGLAND NORTH EAST AND YORKSHIRE,LOCAL CARE DIRECT,0,2191,0,9,0,0,0.9958922866271109,
2025-07-01,C82009,NHS ENGLAND MIDLANDS,MARKET HARBOROUGH MED.CTR,0,332,0,0,0,0,1.0,
2025-07-01,C82038,NHS ENGLAND MIDLANDS,LATHAM HOUSE MEDICAL PRACTICE,0,436,0,0,0,0,1.0,
2025-07-01,C83023,NHS ENGLAND MIDLANDS,SLEAFORD MEDICAL GROUP,0,439,0,0,0,0,1.0,
2025-07-01,DJV01,NHS ENGLAND SOUTH EAST,HERNE BAY HEALTH CARE LTD,0,2265,0,0,0,0,1.0,
2025-07-01,DT301,NHS ENGLAND EAST OF ENGLAND,HERTS URGENT CARE (ASCOTS LANE),0,2484,0,131,0,0,0.9472624798711755,
2025-07-01,G0Q0L,NHS ENGLAND LONDON,BARKING HOSPITAL UTC,0,2824,0,11,0,0,0.9961048158640227,
2025-07-01,G3P9C,NHS ENGLAND SOUTH WEST,TROWBRIDGE MINOR INJURIES UNIT,0,1079,0,2,0,0,0.9981464318813716,
2025-07-01,K6K0R,NHS ENGLAND LONDON,HAROLD WOOD POLYCLINIC UTC,0,2607,0,10,0,0,0.9961641733793632,
2025-07-01,L83087,NHS ENGLAND SOUTH WEST,OKEHAMPTON MEDICAL CENTRE,0,119,0,0,0,0,1.0,
2025-07-01,NDJ,NHS ENGLAND SOUTH EAST,FIRST COMMUNITY HEALTH AND CARE CIC,0,2634,0,0,0,0,1.0,
2025-07-01,NL7,NHS ENGLAND MIDLANDS,ASSURA VERTIS URGENT CARE CENTRES (BIRMINGHAM),0,2863,0,0,0,0,1.0,
2025-07-01,NLX,NHS ENGLAND SOUTH WEST,SIRONA CARE & HEALTH,0,9521,0,261,0,0,0.9725869131393761,
2025-07-01,NNF09,NHS ENGLAND NORTH EAST AND YORKSHIRE,BRANSHOLME HEALTH CENTRE,0,3787,0,388,0,0,0.8975442302614206,
2025-07-01,NNF16,NHS ENGLAND NORTH EAST AND YORKSHIRE,BRIDLINGTON HOSPITAL,0,1764,0,87,0,0,0.9506802721088435,
2025-07-01,NNF94,NHS ENGLAND NORTH EAST AND YORKSHIRE,EAST RIDING COMMUNITY HOSPITAL,0,2950,0,266,0,0,0.9098305084745762,
2025-07-01,NNFA7,NHS ENGLAND NORTH EAST AND YORKSHIRE,GOOLE & DISTRICT HOSPITAL,0,1690,0,14,0,0,0.991715976331361,
2025-07-01,NNJ,NHS ENGLAND MIDLANDS,DHU HEALTH CARE C.I.C,0,1872,0,0,0,0,1.0,
2025-07-01,NNJ07,NHS ENGLAND MIDLANDS,LOUGHBOROUGH URGENT CARE CENTRE,0,4934,0,12,0,0,0.9975678962302391,
2025-07-01,NNJ0H,NHS ENGLAND MIDLANDS,LLR EA - THE MERLYN VAZ HEALTH & SOCIAL CARE CENTRE,0,338,0,1,0,0,0.9970414201183432,
2025-07-01,NNJ12,NHS ENGLAND MIDLANDS,MARKET HARBOROUGH,0,84,0,0,0,0,1.0,
2025-07-01,NNJ13,NHS ENGLAND MIDLANDS,MELTON MOWBRAY,0,45,0,0,0,0,1.0,
2025-07-01,NNJ14,NHS ENGLAND MIDLANDS,OADBY,0,493,0,0,0,0,1.0,
2025-07-01,NNJ15,NHS ENGLAND MIDLANDS,OAKHAM,0,46,0,0,0,0,1.0,
2025-07-01,NQT1I,NHS ENGLAND SOUTH WEST,CHIPPENHAM COMMUNITY HOSPITAL,0,1948,0,27,0,0,0.9861396303901437,
2025-07-01,NQT51,NHS ENGLAND SOUTH EAST,STATION PLAZA HEALTH CENTRE,0,1156,0,0,0,0,1.0,
2025-07-01,NQT5F,NHS ENGLAND NORTH WEST,SKELMERSDALE WALK IN CENTRE,0,1718,0,11,0,0,0.9935972060535506,
2025-07-01,NQT5H,NHS ENGLAND SOUTH WEST,PAULTON MEMORIAL HOSPITAL,0,1249,0,2,0,0,0.9983987189751802,
2025-07-01,NQTE4,NHS ENGLAND MIDLANDS,SUMMERFIELD URGENT CARE CENTRE,0,3233,0,0,0,0,1.0,
2025-07-01,NR3,NHS ENGLAND MIDLANDS,NOTTINGHAM CITYCARE PARTNERSHIP,0,4988,0,440,0,0,0.9117882919005613,
2025-07-01,NTP11,NHS ENGLAND SOUTH EAST,PRACTICE PLUS GROUP HOSPITAL - SOUTHAMPTON,0,5273,0,91,0,0,0.9827422719514508,
2025-07-01,NTPAD,NHS ENGLAND SOUTH EAST,PRACTICE PLUS GROUP SURGICAL CENTRE - ST MARYS PORTSMOUTH,0,5337,0,279,0,0,0.9477234401349073,
2025-07-01,NTV0B,NHS ENGLAND SOUTH EAST,ASHFORD WALK-IN-CENTRE,0,2286,0,267,0,0,0.8832020997375328,
2025-07-01,NTV0W,NHS ENGLAND SOUTH EAST,WOKING WALK IN CENTRE,0,2609,0,160,0,0,0.9386738213875048,
2025-07-01,NV693,NHS ENGLAND NORTH WEST,ROSSENDALE MIU & OOH,0,1261,0,2,0,0,0.9984139571768438,
2025-07-01,R0A,NHS ENGLAND NORTH WEST,MANCHESTER UNIVERSITY NHS FOUNDATION TRUST,26185,40948,10020,10503,2491,101,0.7435039562371788,0.6173381707084209
2025-07-01,R0B,NHS ENGLAND NORTH EAST AND YORKSHIRE,SOUTH TYNESIDE AND SUNDERLAND NHS FOUNDATION TRUST,11361,18666,4854,5030,307,1,0.7305260902175077,0.5727488777396357
2025-07-01,R0D,NHS ENGLAND SOUTH WEST,UNIVERSITY HOSPITALS DORSET NHS FOUNDATION TRUST,15124,20367,5821,5821,624,67,0.7141945303677517,0.6151150489288548
2025-07-01,R1D,NHS ENGLAND MIDLANDS,SHROPSHIRE COMMUNITY HEALTH NHS TRUST,0,3762,0,27,0,0,0.992822966507177,
2025-07-01,R1F,NHS ENGLAND SOUTH EAST,ISLE OF WIGHT NHS TRUST,4556,6679,1769,1902,218,83,0.715226830363827,0.6117208077260755
2025-07-01,R1H,NHS ENGLAND LONDON,BARTS HEALTH NHS TRUST,25710,45493,10667,12107,1147,832,0.7338711450113204,0.5851030727343446
2025-07-01,R1K,NHS ENGLAND LONDON,LONDON NORTH WEST UNIVERSITY HEALTHCARE NHS TRUST,13960,30213,6255,6602,415,184,0.7814847913149968,0.5519340974212035
2025-07-01,RA2,NHS ENGLAND SOUTH EAST,ROYAL SURREY COUNTY HOSPITAL NHS FOUNDATION TRUST,6644,8495,2116,2116,393,1,0.7509123013537375,0.6815171583383504
2025-07-01,RA7,NHS ENGLAND SOUTH WEST,UNIVERSITY HOSPITALS BRISTOL AND WESTON NHS FOUNDATION TRUST,15810,18368,5015,5172,903,161,0.7184233449477352,0.6827956989247312
2025-07-01,RA9,NHS ENGLAND SOUTH WEST,TORBAY AND SOUTH DEVON NHS FOUNDATION TRUST,6948,10682,2759,2805,215,37,0.7374087249578731,0.6029073114565342
2025-07-01,RAE,NHS ENGLAND NORTH EAST AND YORKSHIRE,BRADFORD TEACHING HOSPITALS NHS FOUNDATION TRUST,9650,14280,2298,2298,679,51,0.8390756302521009,0.7618652849740932
2025-07-01,RAJ,NHS ENGLAND EAST OF ENGLAND,MID AND SOUTH ESSEX NHS FOUNDATION TRUST,31246,35683,8222,8339,2144,265,0.766303281674747,0.7368623183767522
2025-07-01,RAL,NHS ENGLAND LONDON,ROYAL FREE LONDON NHS FOUNDATION TRUST,26648,43185,8269,8970,1294,1638,0.7922889892323723,0.6896952867006905
2025-07-01,RAN,NHS ENGLAND LONDON,ROYAL NATIONAL ORTHOPAEDIC HOSPITAL NHS TRUST,0,0,0,0,0,0,,
2025-07-01,RAS,NHS ENGLAND LONDON,THE HILLINGDON HOSPITALS NHS FOUNDATION TRUST,5966,13231,2361,2466,335,24,0.8136195298919204,0.6042574589339591
2025-07-01,RAT,NHS ENGLAND LONDON,NORTH EAST LONDON NHS FOUNDATION TRUST,0,1907,0,83,0,0,0.9564761405348715,
2025-07-01,RAX,NHS ENGLAND LONDON,KINGSTON AND RICHMOND NHS FOUNDATION TRUST,7047,15407,3556,3886,343,362,0.7477769844875706,0.4953881084149283
2025-07-01,RBD,NHS ENGLAND SOUTH WEST,DORSET COUNTY HOSPITAL NHS FOUNDATION TRUST,4999,4999,1353,1353,196,38,0.7293458691738348,0.7293458691738348
2025-07-01,RBK,NHS ENGLAND MIDLANDS,WALSALL HEALTHCARE NHS TRUST,9841,14079,3200,3271,1082,101,0.7676681582498757,0.6748297937201504
2025-07-01,RBL,NHS ENGLAND NORTH WEST,WIRRAL UNIVERSITY TEACHING HOSPITAL NHS FOUNDATION TRUST,7987,11243,4283,4395,644,710,0.6090901005069822,0.4637535995993489
2025-07-01,RBN,NHS ENGLAND NORTH WEST,MERSEY AND WEST LANCASHIRE TEACHING HOSPITALS NHS TRUST,18132,25610,6769,6810,671,187,0.7340882467786021,0.6266821089786014
2025-07-01,RBQ,NHS ENGLAND NORTH WEST,LIVERPOOL HEART AND CHEST HOSPITAL NHS FOUNDATION TRUST,0,0,0,0,0,0,,
2025-07-01,RBS,NHS ENGLAND NORTH WEST,ALDER HEY CHILDREN'S NHS FOUNDATION TRUST,5409,5409,829,829,1,0,0.8467369199482344,0.8467369199482344
2025-07-01,RBT,NHS ENGLAND NORTH WEST,MID CHESHIRE HOSPITALS NHS FOUNDATION TRUST,7408,10399,4574,4640,492,489,0.5538032503125301,0.3825593952483801
2025-07-01,RBV,NHS ENGLAND NORTH WEST,THE CHRISTIE NHS FOUNDATION TRUST,0,0,0,0,0,0,,
2025-07-01,RC9,NHS ENGLAND EAST OF ENGLAND,BEDFORDSHIRE HOSPITALS NHS FOUNDATION TRUST,17502,25583,7110,7110,80,0,0.7220810694601885,0.5937607130613645
2025-07-01,RCB,NHS ENGLAND NORTH EAST AND YORKSHIRE,YORK AND SCARBOROUGH TEACHING HOSPITALS NHS FOUNDATION TRUST,11120,19429,5517,5879,665,450,0.6974110865201503,0.5038669064748201
2025-07-01,RCD,NHS ENGLAND NORTH EAST AND YORKSHIRE,HARROGATE AND DISTRICT NHS FOUNDATION TRUST,5442,6626,1319,1319,103,0,0.8009357078176879,0.7576258728408674
2025-07-01,RCF,NHS ENGLAND NORTH EAST AND YORKSHIRE,AIREDALE NHS FOUNDATION TRUST,6345,6541,1943,1943,270,70,0.7029506191713806,0.6937746256895193
2025-07-01,RCU,NHS ENGLAND NORTH EAST AND YORKSHIRE,SHEFFIELD CHILDREN'S NHS FOUNDATION TRUST,4528,4767,271,271,10,0,0.9431508286133837,0.9401501766784452
2025-07-01,RCX,NHS ENGLAND EAST OF ENGLAND,"THE QUEEN ELIZABETH HOSPITAL, KING'S LYNN, NHS FOUNDATION TRUST",7060,8169,3382,3382,444,125,0.5859958379238586,0.5209631728045325
2025-07-01,RD1,NHS ENGLAND SOUTH WEST,ROYAL UNITED HOSPITALS BATH NHS FOUNDATION TRUST,8845,8845,3291,3291,655,51,0.6279253815715093,0.6279253815715093
2025-07-01,RD8,NHS ENGLAND EAST OF ENGLAND,MILTON KEYNES UNIVERSITY HOSPITAL NHS FOUNDATION TRUST,8557,13773,3003,3044,439,0,0.7789878748275612,0.6490592497370573
2025-07-01,RDE,NHS ENGLAND EAST OF ENGLAND,EAST SUFFOLK AND NORTH ESSEX NHS FOUNDATION TRUST,12692,26617,6173,6657,951,354,0.749896682571289,0.5136306334699023
2025-07-01,RDR,NHS ENGLAND SOUTH EAST,SUSSEX COMMUNITY NHS FOUNDATION TRUST,0,12805,0,128,0,0,0.9900039047247169,
2025-07-01,RDU,NHS ENGLAND SOUTH EAST,FRIMLEY HEALTH NHS FOUNDATION TRUST,23429,37388,9427,9850,1553,263,0.7365464855033701,0.59763540910837
2025-07-01,RDY,NHS ENGLAND SOUTH WEST,DORSET HEALTHCARE UNIVERSITY NHS FOUNDATION TRUST,0,0,0,0,0,0,,
2025-07-01,REF,NHS ENGLAND SOUTH WEST,ROYAL CORNWALL HOSPITALS NHS TRUST,7303,21203,2993,3782,527,178,0.821629014762062,0.5901684239353691
2025-07-01,REM,NHS ENGLAND NORTH WEST,LIVERPOOL UNIVERSITY HOSPITALS NHS FOUNDATION TRUST,16589,26525,8406,8596,2027,902,0.6759283694627709,0.4932786786424739
2025-07-01,REP,NHS ENGLAND NORTH WEST,LIVERPOOL WOMEN'S NHS FOUNDATION TRUST,0,1572,0,179,0,0,0.8861323155216285,
2025-07-01,RET,NHS ENGLAND NORTH WEST,THE WALTON CENTRE NHS FOUNDATION TRUST,0,0,0,0,0,0,,
2025-07-01,RF4,NHS ENGLAND LONDON,"BARKING, HAVERING AND REDBRIDGE UNIVERSITY HOSPITALS NHS TRUST",13723,30627,5570,6147,604,612,0.7992947399353512,0.5941120746192523
2025-07-01,RFF,NHS ENGLAND NORTH EAST AND YORKSHIRE,BARNSLEY HOSPITAL NHS FOUNDATION TRUST,9328,9328,2593,2593,401,0,0.7220197255574614,0.7220197255574614
2025-07-01,RFR,NHS ENGLAND NORTH EAST AND YORKSHIRE,THE ROTHERHAM NHS FOUNDATION TRUST,9264,9264,2660,2660,357,17,0.71286701208981,0.71286701208981
2025-07-01,RFS,NHS ENGLAND MIDLANDS,CHESTERFIELD ROYAL HOSPITAL NHS FOUNDATION TRUST,6557,12411,3024,3292,573,100,0.7347514301829023,0.538813481775202
2025-07-01,RGN,NHS ENGLAND EAST OF ENGLAND,NORTH WEST ANGLIA NHS FOUNDATION TRUST,14985,19970,4869,4969,567,672,0.7511767651477216,0.6750750750750751
2025-07-01,RGP,NHS ENGLAND EAST OF ENGLAND,JAMES PAGET UNIVERSITY HOSPITALS NHS FOUNDATION TRUST,8023,9457,2911,2911,493,209,0.6921856825631807,0.6371681415929203
2025-07-01,RGR,NHS ENGLAND EAST OF ENGLAND,WEST SUFFOLK NHS FOUNDATION TRUST,8380,9064,2348,2348,424,145,0.7409532215357458,0.7198090692124105
2025-07-01,RGT,NHS ENGLAND EAST OF ENGLAND,CAMBRIDGE UNIVERSITY HOSPITALS NHS FOUNDATION TRUST,11115,17107,4435,4516,571,389,0.7360144969895365,0.6009896536212326
2025-07-01,RH5,NHS ENGLAND SOUTH WEST,SOMERSET NHS FOUNDATION TRUST,13096,23190,5040,5214,258,75,0.7751617076326003,0.615149664019548
2025-07-01,RH8,NHS ENGLAND SOUTH WEST,ROYAL DEVON UNIVERSITY HEALTHCARE NHS FOUNDATION TRUST,13593,18316,5405,5424,819,131,0.7038654728106574,0.6023688663282571
2025-07-01,RHM,NHS ENGLAND SOUTH EAST,UNIVERSITY HOSPITAL SOUTHAMPTON NHS FOUNDATION TRUST,12292,13687,5204,5339,336,20,0.6099218236282604,0.5766352098926131
2025-07-01,RHQ,NHS ENGLAND NORTH EAST AND YORKSHIRE,SHEFFIELD TEACHING HOSPITALS NHS FOUNDATION TRUST,10046,16707,4619,5105,736,11,0.6944394565152332,0.5402150109496318
2025-07-01,RHU,NHS ENGLAND SOUTH EAST,PORTSMOUTH HOSPITALS UNIVERSITY NHS TRUST,10606,15033,3774,3805,796,979,0.7468901749484467,0.6441636809353196
2025-07-01,RHW,NHS ENGLAND SOUTH EAST,ROYAL BERKSHIRE NHS FOUNDATION TRUST,10909,16564,3523,3606,309,1,0.7822989616034774,0.6770556421303511
2025-07-01,RJ1,NHS ENGLAND LONDON,GUY'S AND ST THOMAS' NHS FOUNDATION TRUST,10683,17951,3648,3928,90,84,0.7811821068464152,0.6585228868295423
2025-07-01,RJ2,NHS ENGLAND LONDON,LEWISHAM AND GREENWICH NHS TRUST,15998,25789,7494,7783,1163,628,0.698204660901935,0.5315664458057257
2025-07-01,RJ6,NHS ENGLAND LONDON,CROYDON HEALTH SERVICES NHS TRUST,13093,17919,4548,4548,241,715,0.7461911937050059,0.6526388146337738
2025-07-01,RJ7,NHS ENGLAND LONDON,ST GEORGE'S UNIVERSITY HOSPITALS NHS FOUNDATION TRUST,8736,12843,2697,2869,393,443,0.7766098263645566,0.6912774725274725
2025-07-01,RJ8,NHS ENGLAND SOUTH WEST,CORNWALL PARTNERSHIP NHS FOUNDATION TRUST,0,0,0,0,0,0,,
2025-07-01,RJC,NHS ENGLAND MIDLANDS,SOUTH WARWICKSHIRE UNIVERSITY NHS FOUNDATION TRUST,8491,8989,1950,1950,305,28,0.7830681944598954,0.7703450712519138
2025-07-01,RJE,NHS ENGLAND MIDLANDS,UNIVERSITY HOSPITALS OF NORTH MIDLANDS NHS TRUST,14974,23910,6948,7025,1182,371,0.706189878711836,0.5359957259249366
2025-07-01,RJL,NHS ENGLAND NORTH EAST AND YORKSHIRE,NORTHERN LINCOLNSHIRE AND GOOLE NHS FOUNDATION TRUST,9489,17023,4396,4468,760,635,0.7375315749280386,0.5367267362208874
2025-07-01,RJN,NHS ENGLAND NORTH WEST,EAST CHESHIRE NHS TRUST,4616,4616,2765,2765,238,271,0.40099653379549394,0.40099653379549394
2025-07-01,RJR,NHS ENGLAND NORTH WEST,COUNTESS OF CHESTER HOSPITAL NHS FOUNDATION TRUST,5487,7963,2799,3029,546,503,0.6196157227175687,0.4898851831601968
2025-07-01,RJZ,NHS ENGLAND LONDON,KING'S COLLEGE HOSPITAL NHS FOUNDATION TRUST,15793,25359,6564,7223,1593,556,0.7151701565519145,0.5843728234027734
2025-07-01,RK5,NHS ENGLAND MIDLANDS,SHERWOOD FOREST HOSPITALS NHS FOUNDATION TRUST,11574,17518,4398,4743,650,95,0.729249914373787,0.6200103680663556
2025-07-01,RK9,NHS ENGLAND SOUTH WEST,UNIVERSITY HOSPITALS PLYMOUTH NHS TRUST,9802,16062,4393,4445,623,255,0.7232598680114556,0.5518261579269537
2025-07-01,RKB,NHS ENGLAND MIDLANDS,UNIVERSITY HOSPITALS COVENTRY AND WARWICKSHIRE NHS TRUST,12559,19883,4969,5140,75,17,0.7414877030629181,0.604347479894896
2025-07-01,RKE,NHS ENGLAND LONDON,WHITTINGTON HEALTH NHS TRUST,9104,9104,2295,2295,290,200,0.7479130052724077,0.7479130052724077
2025-07-01,RL1,NHS ENGLAND MIDLANDS,THE ROBERT JONES AND AGNES HUNT ORTHOPAEDIC HOSPITAL NHS FOUNDATION TRUST,0,0,0,0,0,0,,
2025-07-01,RL4,NHS ENGLAND MIDLANDS,THE ROYAL WOLVERHAMPTON NHS TRUST,13276,20531,3728,3835,1050,290,0.813209293263845,0.7191925278698403
2025-07-01,RLQ,NHS ENGLAND MIDLANDS,WYE VALLEY NHS TRUST,6218,7576,2227,2227,405,182,0.7060454065469906,0.6418462528144098
2025-07-01,RLT,NHS ENGLAND MIDLANDS,GEORGE ELIOT HOSPITAL NHS TRUST,6803,8472,2007,2027,412,255,0.7607412653446648,0.7049830956930766
2025-07-01,RM1,NHS ENGLAND EAST OF ENGLAND,NORFOLK AND NORWICH UNIVERSITY HOSPITALS NHS FOUNDATION TRUST,13321,21073,3530,3530,794,149,0.8324870687609738,0.73500487951355
2025-07-01,RM3,NHS ENGLAND NORTH WEST,NORTHERN CARE ALLIANCE NHS FOUNDATION TRUST,27074,37373,10011,10447,1081,933,0.7204666470446579,0.6302356504395361
2025-07-01,RMC,NHS ENGLAND NORTH WEST,BOLTON NHS FOUNDATION TRUST,8149,12264,4000,4313,546,261,0.6483202870189171,0.5091422260400049
2025-07-01,RMP,NHS ENGLAND NORTH WEST,TAMESIDE AND GLOSSOP INTEGRATED CARE NHS FOUNDATION TRUST,9015,11614,4384,4395,741,337,0.6215774065782675,0.5136993899057127
2025-07-01,RN3,NHS ENGLAND SOUTH WEST,GREAT WESTERN HOSPITALS NHS FOUNDATION TRUST,5851,11626,2880,3594,780,148,0.6908653019095132,0.507776448470347
2025-07-01,RN5,NHS ENGLAND SOUTH EAST,HAMPSHIRE HOSPITALS NHS FOUNDATION TRUST,11043,14703,4651,4764,122,33,0.6759844929606202,0.5788282169700263
2025-07-01,RN7,NHS ENGLAND SOUTH EAST,DARTFORD AND GRAVESHAM NHS TRUST,11347,15476,2752,2766,711,72,0.8212716464202636,0.7574689345201375
2025-07-01,RNA,NHS ENGLAND MIDLANDS,THE DUDLEY GROUP NHS FOUNDATION TRUST,10391,14337,3165,3235,1955,96,0.7743600474297273,0.6954094889808489
2025-07-01,RNN,NHS ENGLAND NORTH EAST AND YORKSHIRE,NORTH CUMBRIA INTEGRATED CARE NHS FOUNDATION TRUST,9153,11548,3915,3964,623,275,0.6567370973328714,0.5722713864306785
2025-07-01,RNQ,NHS ENGLAND MIDLANDS,KETTERING GENERAL HOSPITAL NHS FOUNDATION TRUST,10198,18445,3751,3838,562,785,0.7919219300623475,0.6321827809374387
2025-07-01,RNS,NHS ENGLAND MIDLANDS,NORTHAMPTON GENERAL HOSPITAL NHS TRUST,10692,13176,5098,5423,647,638,0.588418336369156,0.523194912083801
2025-07-01,RNU,NHS ENGLAND SOUTH EAST,OXFORD HEALTH NHS FOUNDATION TRUST,0,4488,0,143,0,0,0.9681372549019608,
2025-07-01,RNZ,NHS ENGLAND SOUTH WEST,SALISBURY NHS FOUNDATION TRUST,4923,7032,1816,1816,341,23,0.7417519908987487,0.6311192362380662
2025-07-01,RP5,NHS ENGLAND NORTH EAST AND YORKSHIRE,DONCASTER AND BASSETLAW TEACHING HOSPITALS NHS FOUNDATION TRUST,14653,18807,4873,4917,1171,55,0.7385547934279789,0.6674401146522897
2025-07-01,RP6,NHS ENGLAND LONDON,MOORFIELDS EYE HOSPITAL NHS FOUNDATION TRUST,0,6123,0,189,0,0,0.9691327780499756,
2025-07-01,RPA,NHS ENGLAND SOUTH EAST,MEDWAY NHS FOUNDATION TRUST,9910,16677,3447,4225,396,614,0.7466570726149787,0.6521695257315843
2025-07-01,RPC,NHS ENGLAND SOUTH EAST,QUEEN VICTORIA HOSPITAL NHS FOUNDATION TRUST,0,1603,0,30,0,0,0.9812850904553961,
2025-07-01,RQ3,NHS ENGLAND MIDLANDS,BIRMINGHAM WOMEN'S AND CHILDREN'S NHS FOUNDATION TRUST,4358,4358,565,565,6,0,0.8703533731069297,0.8703533731069297
2025-07-01,RQM,NHS ENGLAND LONDON,CHELSEA AND WESTMINSTER HOSPITAL NHS FOUNDATION TRUST,19829,26026,5501,5573,740,65,0.7858679781756704,0.7225780422613344
2025-07-01,RQW,NHS ENGLAND EAST OF ENGLAND,THE PRINCESS ALEXANDRA HOSPITAL NHS TRUST,8719,10640,3463,3463,391,142,0.6745300751879699,0.6028214244752839
2025-07-01,RQX,NHS ENGLAND LONDON,HOMERTON HEALTHCARE NHS FOUNDATION TRUST,11437,11437,2156,2156,155,12,0.8114890268427035,0.8114890268427035
2025-07-01,RR7,NHS ENGLAND NORTH EAST AND YORKSHIRE,GATESHEAD HEALTH NHS FOUNDATION TRUST,6240,10368,1801,1838,250,1,0.8227237654320988,0.7113782051282052
2025-07-01,RR8,NHS ENGLAND NORTH EAST AND YORKSHIRE,LEEDS TEACHING HOSPITALS NHS TRUST,17642,30111,6257,6364,1485,135,0.7886486666002458,0.6453349960321959
2025-07-01,RRF,NHS ENGLAND NORTH WEST,"WRIGHTINGTON, WIGAN AND LEIGH NHS FOUNDATION TRUST",7367,12871,3102,3140,648,394,0.7560407116774144,0.5789330799511334
2025-07-01,RRK,NHS ENGLAND MIDLANDS,UNIVERSITY HOSPITALS BIRMINGHAM NHS FOUNDATION TRUST,36112,38370,13748,13824,2995,1376,0.6397185301016419,0.6192955250332299
2025-07-01,RRV,NHS ENGLAND LONDON,UNIVERSITY COLLEGE LONDON HOSPITALS NHS FOUNDATION TRUST,12771,12771,3636,3636,216,49,0.715292459478506,0.715292459478506
2025-07-01,RTD,NHS ENGLAND NORTH EAST AND YORKSHIRE,THE NEWCASTLE UPON TYNE HOSPITALS NHS FOUNDATION TRUST,12588,20803,4243,4305,407,28,0.7930586934576744,0.6629329520177947
2025-07-01,RTE,NHS ENGLAND SOUTH WEST,GLOUCESTERSHIRE HOSPITALS NHS FOUNDATION TRUST,13382,13854,5280,5287,470,202,0.6183773639382129,0.6054401434763115
2025-07-01,RTF,NHS ENGLAND NORTH EAST AND YORKSHIRE,NORTHUMBRIA HEALTHCARE NHS FOUNDATION TRUST,10411,24431,1977,1981,9,0,0.9189144938807253,0.8101046969551435
2025-07-01,RTG,NHS ENGLAND MIDLANDS,UNIVERSITY HOSPITALS OF DERBY AND BURTON NHS FOUNDATION TRUST,19187,29129,8794,8794,989,716,0.698101548285214,0.541668838275916
2025-07-01,RTH,NHS ENGLAND SOUTH EAST,OXFORD UNIVERSITY HOSPITALS NHS FOUNDATION TRUST,12744,18438,3275,3342,510,0,0.81874389847055,0.7430163214061519
2025-07-01,RTK,NHS ENGLAND SOUTH EAST,ASHFORD AND ST PETER'S HOSPITALS NHS FOUNDATION TRUST,7470,10480,3498,3523,478,133,0.6638358778625955,0.5317269076305221
2025-07-01,RTP,NHS ENGLAND SOUTH EAST,SURREY AND SUSSEX HEALTHCARE NHS TRUST,10680,10680,4184,4184,621,626,0.6082397003745319,0.6082397003745319
2025-07-01,RTQ,NHS ENGLAND SOUTH WEST,GLOUCESTERSHIRE HEALTH AND CARE NHS FOUNDATION TRUST,0,8928,0,140,0,0,0.9843189964157706,
2025-07-01,RTR,NHS ENGLAND NORTH EAST AND YORKSHIRE,SOUTH TEES HOSPITALS NHS FOUNDATION TRUST,7414,17186,3533,4082,297,10,0.762481089258699,0.523469112489884
2025-07-01,RTX,NHS ENGLAND NORTH WEST,UNIVERSITY HOSPITALS OF MORECAMBE BAY NHS FOUNDATION TRUST,9813,12892,3502,3570,653,276,0.7230840831523425,0.6431264648935087
2025-07-01,RV9,NHS ENGLAND NORTH EAST AND YORKSHIRE,HUMBER TEACHING NHS FOUNDATION TRUST,0,1281,0,7,0,0,0.994535519125683,
2025-07-01,RVJ,NHS ENGLAND SOUTH WEST,NORTH BRISTOL NHS TRUST,9515,9515,3455,3455,520,220,0.6368891224382554,0.6368891224382554
2025-07-01,RVR,NHS ENGLAND LONDON,EPSOM AND ST HELIER UNIVERSITY HOSPITALS NHS TRUST,10765,13182,3133,3436,500,1023,0.7393415263237748,0.7089642359498374
2025-07-01,RVV,NHS ENGLAND SOUTH EAST,EAST KENT HOSPITALS UNIVERSITY NHS FOUNDATION TRUST,12834,26289,5749,6170,466,1195,0.7653010764958728,0.5520492441951068
2025-07-01,RVW,NHS ENGLAND NORTH EAST AND YORKSHIRE,NORTH TEES AND HARTLEPOOL NHS FOUNDATION TRUST,4933,16291,2576,2586,122,4,0.8412620465287582,0.477802554226637
2025-07-01,RW1,NHS ENGLAND SOUTH EAST,HAMPSHIRE AND ISLE OF WIGHT HEALTHCARE NHS FOUNDATION TRUST,0,3080,0,81,0,0,0.9737012987012987,
2025-07-01,RW4,NHS ENGLAND NORTH WEST,MERSEY CARE NHS FOUNDATION TRUST,0,13566,0,192,0,0,0.9858469703670942,
2025-07-01,RWA,NHS ENGLAND NORTH EAST AND YORKSHIRE,HULL UNIVERSITY TEACHING HOSPITALS NHS TRUST,10050,14551,5620,5985,1063,385,0.5886880626761047,0.44079601990049755
2025-07-01,RWD,NHS ENGLAND MIDLANDS,UNITED LINCOLNSHIRE TEACHING HOSPITALS NHS TRUST,17265,21307,7421,7805,1059,1027,0.6336884591918148,0.5701708659136983
2025-07-01,RWE,NHS ENGLAND MIDLANDS,UNIVERSITY HOSPITALS OF LEICESTER NHS TRUST,21007,23097,8008,8159,1242,629,0.6467506602589081,0.6187937354215262
2025-07-01,RWF,NHS ENGLAND SOUTH EAST,MAIDSTONE AND TUNBRIDGE WELLS NHS TRUST,17753,20124,3414,3435,839,62,0.8293082886106142,0.8076944741733791
2025-07-01,RWG,NHS ENGLAND EAST OF ENGLAND,WEST HERTFORDSHIRE TEACHING HOSPITALS NHS TRUST,8535,16134,2583,2638,750,19,0.836494359737201,0.6973637961335677
2025-07-01,RWH,NHS ENGLAND EAST OF ENGLAND,EAST AND NORTH HERTFORDSHIRE NHS TRUST,8871,17204,3878,3927,124,21,0.7717391304347826,0.56284522601736
2025-07-01,RWJ,NHS ENGLAND NORTH WEST,STOCKPORT NHS FOUNDATION TRUST,8416,9581,3423,3483,829,172,0.636468009602338,0.5932747148288973
2025-07-01,RWP,NHS ENGLAND MIDLANDS,WORCESTERSHIRE ACUTE HOSPITALS NHS TRUST,14228,21006,7003,7048,1069,896,0.6644768161477673,0.5078015181332584
2025-07-01,RWW,NHS ENGLAND NORTH WEST,WARRINGTON AND HALTON TEACHING HOSPITALS NHS FOUNDATION TRUST,7341,10619,3915,4011,942,600,0.6222808174027686,0.46669391091131995
2025-07-01,RWX,NHS ENGLAND SOUTH EAST,BERKSHIRE HEALTHCARE NHS FOUNDATION TRUST,0,1639,0,14,0,0,0.9914582062233069,
2025-07-01,RWY,NHS ENGLAND NORTH EAST AND YORKSHIRE,CALDERDALE AND HUDDERSFIELD NHS FOUNDATION TRUST,16778,16778,2485,2485,591,7,0.8518893789486233,0.8518893789486233
2025-07-01,RX1,NHS ENGLAND MIDLANDS,NOTTINGHAM UNIVERSITY HOSPITALS NHS TRUST,13245,15450,6980,7097,267,467,0.5406472491909384,0.47300868252170636
2025-07-01,RXC,NHS ENGLAND SOUTH EAST,EAST SUSSEX HEALTHCARE NHS TRUST,8988,11871,3736,3787,177,5,0.6809872799258698,0.584334668446818
2025-07-01,RXF,NHS ENGLAND NORTH EAST AND YORKSHIRE,MID YORKSHIRE TEACHING NHS TRUST,17158,23959,5861,6040,1470,11,0.747902667056221,0.6584100711038583
2025-07-01,RXG,NHS ENGLAND NORTH EAST AND YORKSHIRE,SOUTH WEST YORKSHIRE PARTNERSHIP NHS FOUNDATION TRUST,0,0,0,0,0,0,,
2025-07-01,RXK,NHS ENGLAND MIDLANDS,SANDWELL AND WEST BIRMINGHAM HOSPITALS NHS TRUST,11564,21151,4112,4434,538,55,0.7903645217720202,0.6444136976824628
2025-07-01,RXL,NHS ENGLAND NORTH WEST,BLACKPOOL TEACHING HOSPITALS NHS FOUNDATION TRUST,9042,19406,4286,4382,781,340,0.7741935483870968,0.5259898252598982
2025-07-01,RXN,NHS ENGLAND NORTH WEST,LANCASHIRE TEACHING HOSPITALS NHS FOUNDATION TRUST,12245,15841,4465,4528,860,423,0.7141594596300739,0.6353613719885667
2025-07-01,RXP,NHS ENGLAND NORTH EAST AND YORKSHIRE,COUNTY DURHAM AND DARLINGTON NHS FOUNDATION TRUST,13216,17487,4756,4756,1780,13,0.7280265339966833,0.6401331719128329
2025-07-01,RXQ,NHS ENGLAND SOUTH EAST,BUCKINGHAMSHIRE HEALTHCARE NHS TRUST,11214,15781,3369,3435,221,309,0.7823331854762056,0.6995719636169074
2025-07-01,RXR,NHS ENGLAND NORTH WEST,EAST LANCASHIRE HOSPITALS NHS TRUST,14245,26164,4842,5417,712,708,0.7929597920807216,0.6600912600912601
2025-07-01,RXW,NHS ENGLAND MIDLANDS,THE SHREWSBURY AND TELFORD HOSPITAL NHS TRUST,11091,13576,6049,6402,479,1407,0.5284325279905716,0.4546028311243351
2025-07-01,RY2,NHS ENGLAND NORTH WEST,BRIDGEWATER COMMUNITY HEALTHCARE NHS FOUNDATION TRUST,0,3110,0,61,0,0,0.9803858520900322,
2025-07-01,RY4,NHS ENGLAND EAST OF ENGLAND,HERTFORDSHIRE COMMUNITY NHS TRUST,0,1310,0,79,0,0,0.9396946564885497,
2025-07-01,RY5,NHS ENGLAND MIDLANDS,LINCOLNSHIRE COMMUNITY HEALTH SERVICES NHS TRUST,0,9119,0,297,0,0,0.9674306393244874,
2025-07-01,RY7,NHS ENGLAND NORTH WEST,WIRRAL COMMUNITY HEALTH AND CARE NHS FOUNDATION TRUST,0,4311,0,348,0,0,0.919276270006959,
2025-07-01,RY8,NHS ENGLAND MIDLANDS,DERBYSHIRE COMMUNITY HEALTH SERVICES NHS FOUNDATION TRUST,0,8229,0,274,0,0,0.9667031231012274,
2025-07-01,RYF,NHS ENGLAND SOUTH WEST,SOUTH WESTERN AMBULANCE SERVICE NHS FOUNDATION TRUST,0,2043,0,17,0,0,0.9916789035731767,
2025-07-01,RYG,NHS ENGLAND MIDLANDS,COVENTRY AND WARWICKSHIRE PARTNERSHIP NHS TRUST,0,0,0,0,0,0,,
2025-07-01,RYJ,NHS ENGLAND LONDON,IMPERIAL COLLEGE HEALTHCARE NHS TRUST,12478,24324,5204,5656,642,0,0.7674724551882914,0.5829459849334829
2025-07-01,RYR,NHS ENGLAND SOUTH EAST,UNIVERSITY HOSPITALS SUSSEX NHS FOUNDATION TRUST,27863,31314,9870,10059,664,271,0.6787698792872198,0.6457667874959624
2025-07-01,RYX,NHS ENGLAND LONDON,CENTRAL LONDON COMMUNITY HEALTHCARE NHS TRUST,0,12770,0,241,0,0,0.9811276429130775,
2025-07-01,RYY,NHS ENGLAND SOUTH EAST,KENT COMMUNITY HEALTH NHS FOUNDATION TRUST,0,6715,0,17,0,0,0.9974683544303797,
2025-07-01,Y00751,NHS ENGLAND SOUTH EAST,EAST BERKS PRIMARY CARE OOH(WAM),0,0,0,0,0,0,,
2025-07-01,Y02147,NHS ENGLAND LONDON,URGENT CARE CENTRE (QMS),0,8084,0,105,0,0,0.9870113805047006,
2025-07-01,Y02428,NHS ENGLAND EAST OF ENGLAND,PUTNOE WALK IN CENTRE,0,2236,0,0,0,0,1.0,
2025-07-01,Y02532,NHS ENGLAND NORTH WEST,MIRIAM MINOR EMERGENCY,0,1615,0,0,0,0,1.0,
2025-07-01,Y02615,NHS ENGLAND MIDLANDS,SOUTH BIRMINGHAM GP WALK IN CENTRE,0,5808,0,0,0,0,1.0,
2025-07-01,Y02676,NHS ENGLAND SOUTH EAST,BRIGHTON STATION HEALTH CENTRE,0,2044,0,0,0,0,1.0,
2025-07-01,Y03007,NHS ENGLAND MIDLANDS,ERDINGTON GP HEALTH & WELLBEING WIC,0,0,0,0,0,0,,
2025-07-01,Y03218,NHS ENGLAND LONDON,THE PINN UNREGISTERED WIC,0,872,0,0,0,0,1.0,
2025-08-01,8J094,NHS ENGLAND MIDLANDS,BADGER LTD,0,0,0,0,0,0,,
2025-08-01,A5D4Q,NHS ENGLAND MIDLANDS,NEMS CBS (UTC),0,3664,0,871,0,0,0.7622816593886463,
2025-08-01,AAH,NHS ENGLAND SOUTH WEST,TETBURY HOSPITAL TRUST LTD,0,482,0,0,0,0,1.0,
2025-08-01,ACH01,NHS ENGLAND SOUTH EAST,WHITSTABLE MEDICAL PRACTICE,0,4916,0,0,0,0,1.0,
2025-08-01,AD913,NHS ENGLAND LONDON,BECKENHAM BEACON UCC,0,3363,0,13,0,0,0.9961344038061255,
2025-08-01,AJN,NHS ENGLAND NORTH EAST AND YORKSHIRE,WORKINGTON HEALTH LIMITED,0,343,0,0,0,0,1.0,
2025-08-01,AQM01,NHS ENGLAND SOUTH EAST,FAVERSHAM MEDICAL PRACTICE MIU,0,2864,0,0,0,0,1.0,
2025-08-01,AQN04,NHS ENGLAND SOUTH EAST,PHL LYMINGTON UTC,0,3395,0,50,0,0,0.9852724594992637,
2025-08-01,ARN03,NHS ENGLAND NORTH EAST AND YORKSHIRE,LOCAL CARE DIRECT,0,2063,0,9,0,0,0.9956374212312167,
2025-08-01,C82009,NHS ENGLAND MIDLANDS,MARKET HARBOROUGH MED.CTR,0,306,0,0,0,0,1.0,
2025-08-01,C82038,NHS ENGLAND MIDLANDS,LATHAM HOUSE MEDICAL PRACTICE,0,400,0,0,0,0,1.0,
2025-08-01,C83023,NHS ENGLAND MIDLANDS,SLEAFORD MEDICAL GROUP,0,531,0,0,0,0,1.0,
2025-08-01,DJV01,NHS ENGLAND SOUTH EAST,HERNE BAY HEALTH CARE LTD,0,2531,0,0,0,0,1.0,
2025-08-01,DT301,NHS ENGLAND EAST OF ENGLAND,HERTS URGENT CARE (ASCOTS LANE),0,2050,0,98,0,0,0.9521951219512195,
2025-08-01,G0Q0L,NHS ENGLAND LONDON,BARKING HOSPITAL UTC,0,2709,0,10,0,0,0.9963086009597637,
2025-08-01,G3P9C,NHS ENGLAND SOUTH WEST,TROWBRIDGE MINOR INJURIES UNIT,0,1058,0,7,0,0,0.9933837429111532,
2025-08-01,K6K0R,NHS ENGLAND LONDON,HAROLD WOOD POLYCLINIC UTC,0,2504,0,5,0,0,0.9980031948881789,
2025-08-01,L83087,NHS ENGLAND SOUTH WEST,OKEHAMPTON MEDICAL CENTRE,0,103,0,0,0,0,1.0,
2025-08-01,NDJ,NHS ENGLAND SOUTH EAST,FIRST COMMUNITY HEALTH AND CARE CIC,0,2599,0,0,0,0,1.0,
2025-08-01,NL7,NHS ENGLAND MIDLANDS,ASSURA VERTIS URGENT CARE CENTRES (BIRMINGHAM),0,3085,0,0,0,0,1.0,
2025-08-01,NLX,NHS ENGLAND SOUTH WEST,SIRONA CARE & HEALTH,0,8674,0,264,0,0,0.9695642148950888,
2025-08-01,NNF09,NHS ENGLAND NORTH EAST AND YORKSHIRE,BRANSHOLME HEALTH CENTRE,0,3507,0,262,0,0,0.9252922725976618,
2025-08-01,NNF16,NHS ENGLAND NORTH EAST AND YORKSHIRE,BRIDLINGTON HOSPITAL,0,1732,0,73,0,0,0.957852193995381,
2025-08-01,NNF94,NHS ENGLAND NORTH EAST AND YORKSHIRE,EAST RIDING COMMUNITY HOSPITAL,0,2699,0,156,0,0,0.9422008151167099,
2025-08-01,NNFA7,NHS ENGLAND NORTH EAST AND YORKSHIRE,GOOLE & DISTRICT HOSPITAL,0,1554,0,7,0,0,0.9954954954954955,
2025-08-01,NNJ,NHS ENGLAND MIDLANDS,DHU HEALTH CARE C.I.C,0,1904,0,1,0,0,0.9994747899159664,
2025-08-01,NNJ07,NHS ENGLAND MIDLANDS,LOUGHBOROUGH URGENT CARE CENTRE,0,4902,0,36,0,0,0.99265605875153,
2025-08-01,NNJ0H,NHS ENGLAND MIDLANDS,LLR EA - THE MERLYN VAZ HEALTH & SOCIAL CARE CENTRE,0,439,0,0,0,0,1.0,
2025-08-01,NNJ12,NHS ENGLAND MIDLANDS,MARKET HARBOROUGH,0,109,0,0,0,0,1.0,
2025-08-01,NNJ13,NHS ENGLAND MIDLANDS,MELTON MOWBRAY,0,54,0,0,0,0,1.0,
2025-08-01,NNJ14,NHS ENGLAND MIDLANDS,OADBY,0,569,0,0,0,0,1.0,
2025-08-01,NNJ15,NHS ENGLAND MIDLANDS,OAKHAM,0,72,0,0,0,0,1.0,
2025-08-01,NQT1I,NHS ENGLAND SOUTH WEST,CHIPPENHAM COMMUNITY HOSPITAL,0,1685,0,9,0,0,0.9946587537091988,
2025-08-01,NQT51,NHS ENGLAND SOUTH EAST,STATION PLAZA HEALTH CENTRE,0,1089,0,0,0,0,1.0,
2025-08-01,NQT5F,NHS ENGLAND NORTH WEST,SKELMERSDALE WALK IN CENTRE,0,1584,0,7,0,0,0.9955808080808081,
2025-08-01,NQT5H,NHS ENGLAND SOUTH WEST,PAULTON MEMORIAL HOSPITAL,0,1148,0,2,0,0,0.9982578397212544,
2025-08-01,NQTE4,NHS ENGLAND MIDLANDS,SUMMERFIELD URGENT CARE CENTRE,0,2916,0,0,0,0,1.0,
2025-08-01,NR3,NHS ENGLAND MIDLANDS,NOTTINGHAM CITYCARE PARTNERSHIP,0,4694,0,231,0,0,0.9507882403067746,
2025-08-01,NTP11,NHS ENGLAND SOUTH EAST,PRACTICE PLUS GROUP HOSPITAL - SOUTHAMPTON,0,5076,0,48,0,0,0.9905437352245863,
2025-08-01,NTPAD,NHS ENGLAND SOUTH EAST,PRACTICE PLUS GROUP SURGICAL CENTRE - ST MARYS PORTSMOUTH,0,5095,0,167,0,0,0.9672227674190382,
2025-08-01,NTV0B,NHS ENGLAND SOUTH EAST,ASHFORD WALK-IN-CENTRE,0,2325,0,23,0,0,0.9901075268817204,
2025-08-01,NTV0W,NHS ENGLAND SOUTH EAST,WOKING WALK IN CENTRE,0,2325,0,23,0,0,0.9901075268817204,
2025-08-01,NV693,NHS ENGLAND NORTH WEST,ROSSENDALE MIU & OOH,0,1018,0,0,0,0,1.0,
2025-08-01,R0A,NHS ENGLAND NORTH WEST,MANCHESTER UNIVERSITY NHS FOUNDATION TRUST,23856,37647,10063,10488,2881,69,0.7214120647063511,0.5781773977196513
2025-08-01,R0B,NHS ENGLAND NORTH EAST AND YORKSHIRE,SOUTH TYNESIDE AND SUNDERLAND NHS FOUNDATION TRUST,10927,17817,5402,5586,663,4,0.6864792052534097,0.5056282602727189
2025-08-01,R0D,NHS ENGLAND SOUTH WEST,UNIVERSITY HOSPITALS DORSET NHS FOUNDATION TRUST,14621,19991,5621,5621,617,57,0.7188234705617528,0.6155529717529581
2025-08-01,R1D,NHS ENGLAND MIDLANDS,SHROPSHIRE COMMUNITY HEALTH NHS TRUST,0,3193,0,52,0,0,0.9837143751957407,
2025-08-01,R1F,NHS ENGLAND SOUTH EAST,ISLE OF WIGHT NHS TRUST,4420,6583,1619,1684,228,100,0.744189579219201,0.633710407239819
2025-08-01,R1H,NHS ENGLAND LONDON,BARTS HEALTH NHS TRUST,24190,42424,10598,11878,1234,799,0.7200169715255516,0.5618850764778834
2025-08-01,R1K,NHS ENGLAND LONDON,LONDON NORTH WEST UNIVERSITY HEALTHCARE NHS TRUST,13561,27792,6568,6757,621,517,0.7568724812895797,0.5156699358454391
2025-08-01,RA2,NHS ENGLAND SOUTH EAST,ROYAL SURREY COUNTY HOSPITAL NHS FOUNDATION TRUST,6430,8059,2023,2023,376,5,0.7489762997890557,0.6853810264385691
2025-08-01,RA7,NHS ENGLAND SOUTH WEST,UNIVERSITY HOSPITALS BRISTOL AND WESTON NHS FOUNDATION TRUST,14677,17108,5119,5250,885,188,0.693126022913257,0.6512230019758807
2025-08-01,RA9,NHS ENGLAND SOUTH WEST,TORBAY AND SOUTH DEVON NHS FOUNDATION TRUST,6928,10480,2700,2717,179,31,0.7407442748091604,0.6102771362586605
2025-08-01,RAE,NHS ENGLAND NORTH EAST AND YORKSHIRE,BRADFORD TEACHING HOSPITALS NHS FOUNDATION TRUST,8779,13027,2220,2220,655,49,0.8295847086819682,0.7471238182025288
2025-08-01,RAJ,NHS ENGLAND EAST OF ENGLAND,MID AND SOUTH ESSEX NHS FOUNDATION TRUST,28878,32967,7915,8021,1943,303,0.7566960900294234,0.7259159221552739
2025-08-01,RAL,NHS ENGLAND LONDON,ROYAL FREE LONDON NHS FOUNDATION TRUST,24281,38712,7742,8177,1241,1704,0.7887735069229179,0.6811498702689345
2025-08-01,RAN,NHS ENGLAND LONDON,ROYAL NATIONAL ORTHOPAEDIC HOSPITAL NHS TRUST,0,0,0,0,0,0,,
2025-08-01,RAS,NHS ENGLAND LONDON,THE HILLINGDON HOSPITALS NHS FOUNDATION TRUST,5574,12067,2127,2191,181,8,0.818430430098616,0.6184068891280947
2025-08-01,RAT,NHS ENGLAND LONDON,NORTH EAST LONDON NHS FOUNDATION TRUST,0,1827,0,87,0,0,0.9523809523809523,
2025-08-01,RAX,NHS ENGLAND LONDON,KINGSTON AND RICHMOND NHS FOUNDATION TRUST,6570,14693,3420,3687,288,222,0.7490641802218744,0.4794520547945206
2025-08-01,RBD,NHS ENGLAND SOUTH WEST,DORSET COUNTY HOSPITAL NHS FOUNDATION TRUST,5127,5127,1675,1675,196,44,0.6732982250828945,0.6732982250828945
2025-08-01,RBK,NHS ENGLAND MIDLANDS,WALSALL HEALTHCARE NHS TRUST,8935,13308,2943,2953,949,117,0.7781033964532612,0.6706211527700057
2025-08-01,RBL,NHS ENGLAND NORTH WEST,WIRRAL UNIVERSITY TEACHING HOSPITAL NHS FOUNDATION TRUST,7825,10714,4186,4282,711,450,0.600336008960239,0.46504792332268374
2025-08-01,RBN,NHS ENGLAND NORTH WEST,MERSEY AND WEST LANCASHIRE TEACHING HOSPITALS NHS TRUST,16472,23742,6432,6511,566,290,0.7257602560862606,0.6095191840699369
2025-08-01,RBQ,NHS ENGLAND NORTH WEST,LIVERPOOL HEART AND CHEST HOSPITAL NHS FOUNDATION TRUST,0,0,0,0,0,0,,
2025-08-01,RBS,NHS ENGLAND NORTH WEST,ALDER HEY CHILDREN'S NHS FOUNDATION TRUST,4303,4303,424,424,0,0,0.9014640948175692,0.9014640948175692
2025-08-01,RBT,NHS ENGLAND NORTH WEST,MID CHESHIRE HOSPITALS NHS FOUNDATION TRUST,6896,9797,4340,4356,611,378,0.5553740941104419,0.3706496519721578
2025-08-01,RBV,NHS ENGLAND NORTH WEST,THE CHRISTIE NHS FOUNDATION TRUST,0,0,0,0,0,0,,
2025-08-01,RC9,NHS ENGLAND EAST OF ENGLAND,BEDFORDSHIRE HOSPITALS NHS FOUNDATION TRUST,16039,23639,5896,5896,82,3,0.7505816658911122,0.6323960346655029
2025-08-01,RCB,NHS ENGLAND NORTH EAST AND YORKSHIRE,YORK AND SCARBOROUGH TEACHING HOSPITALS NHS FOUNDATION TRUST,10651,18939,5578,5887,731,315,0.6891599345266382,0.4762933057928833
2025-08-01,RCD,NHS ENGLAND NORTH EAST AND YORKSHIRE,HARROGATE AND DISTRICT NHS FOUNDATION TRUST,5031,6131,1103,1103,95,0,0.820094601206981,0.7807592923871993
2025-08-01,RCF,NHS ENGLAND NORTH EAST AND YORKSHIRE,AIREDALE NHS FOUNDATION TRUST,6036,6251,2246,2246,424,61,0.6406974884018557,0.6278992710404241
2025-08-01,RCU,NHS ENGLAND NORTH EAST AND YORKSHIRE,SHEFFIELD CHILDREN'S NHS FOUNDATION TRUST,3594,3594,173,173,8,0,0.9518642181413467,0.9518642181413467
2025-08-01,RCX,NHS ENGLAND EAST OF ENGLAND,"THE QUEEN ELIZABETH HOSPITAL, KING'S LYNN, NHS FOUNDATION TRUST",6802,7953,3245,3245,702,124,0.5919778699861687,0.5229344310496913
2025-08-01,RD1,NHS ENGLAND SOUTH WEST,ROYAL UNITED HOSPITALS BATH NHS FOUNDATION TRUST,8612,8612,3527,3527,794,81,0.5904551788202508,0.5904551788202508
2025-08-01,RD8,NHS ENGLAND EAST OF ENGLAND,MILTON KEYNES UNIVERSITY HOSPITAL NHS FOUNDATION TRUST,7897,12708,3409,3417,639,0,0.7311142587346553,0.5683170824363682
2025-08-01,RDE,NHS ENGLAND EAST OF ENGLAND,EAST SUFFOLK AND NORTH ESSEX NHS FOUNDATION TRUST,12119,25539,5908,6410,886,356,0.7490113160264693,0.5125010314382374
2025-08-01,RDR,NHS ENGLAND SOUTH EAST,SUSSEX COMMUNITY NHS FOUNDATION TRUST,0,11693,0,164,0,0,0.9859745146668947,
2025-08-01,RDU,NHS ENGLAND SOUTH EAST,FRIMLEY HEALTH NHS FOUNDATION TRUST,21592,33719,8450,8745,1438,260,0.7406506717281058,0.6086513523527233
2025-08-01,RDY,NHS ENGLAND SOUTH WEST,DORSET HEALTHCARE UNIVERSITY NHS FOUNDATION TRUST,0,0,0,0,0,0,,
2025-08-01,REF,NHS ENGLAND SOUTH WEST,ROYAL CORNWALL HOSPITALS NHS TRUST,7624,21199,3456,4266,613,303,0.7987640926458796,0.5466946484784889
2025-08-01,REM,NHS ENGLAND NORTH WEST,LIVERPOOL UNIVERSITY HOSPITALS NHS FOUNDATION TRUST,16163,25403,7501,7669,1433,477,0.6981065228516317,0.5359153622471076
2025-08-01,REP,NHS ENGLAND NORTH WEST,LIVERPOOL WOMEN'S NHS FOUNDATION TRUST,0,1396,0,121,0,0,0.913323782234957,
2025-08-01,RET,NHS ENGLAND NORTH WEST,THE WALTON CENTRE NHS FOUNDATION TRUST,0,0,0,0,0,0,,
2025-08-01,RF4,NHS ENGLAND LONDON,"BARKING, HAVERING AND REDBRIDGE UNIVERSITY HOSPITALS NHS TRUST",12899,28167,5551,5999,613,677,0.7870202719494443,0.5696565625242267
2025-08-01,RFF,NHS ENGLAND NORTH EAST AND YORKSHIRE,BARNSLEY HOSPITAL NHS FOUNDATION TRUST,9140,9140,1992,1992,260,0,0.7820568927789935,0.7820568927789935
2025-08-01,RFR,NHS ENGLAND NORTH EAST AND YORKSHIRE,THE ROTHERHAM NHS FOUNDATION TRUST,8638,8638,2524,2524,318,0,0.7078027321139153,0.7078027321139153
2025-08-01,RFS,NHS ENGLAND MIDLANDS,CHESTERFIELD ROYAL HOSPITAL NHS FOUNDATION TRUST,6336,12513,3353,3627,738,141,0.7101414528889954,0.4708017676767676
2025-08-01,RGN,NHS ENGLAND EAST OF ENGLAND,NORTH WEST ANGLIA NHS FOUNDATION TRUST,14143,18770,5568,5747,599,601,0.693819925412893,0.6063070069999292
2025-08-01,RGP,NHS ENGLAND EAST OF ENGLAND,JAMES PAGET UNIVERSITY HOSPITALS NHS FOUNDATION TRUST,7618,8968,3025,3025,521,230,0.6626895628902765,0.6029141506957207
2025-08-01,RGR,NHS ENGLAND EAST OF ENGLAND,WEST SUFFOLK NHS FOUNDATION TRUST,7826,8475,2231,2231,438,199,0.736755162241888,0.7149246102734474
2025-08-01,RGT,NHS ENGLAND EAST OF ENGLAND,CAMBRIDGE UNIVERSITY HOSPITALS NHS FOUNDATION TRUST,10179,15627,4045,4096,537,309,0.7378895501375824,0.6026132233028785
2025-08-01,RH5,NHS ENGLAND SOUTH WEST,SOMERSET NHS FOUNDATION TRUST,12732,21944,5663,5824,371,75,0.7345971563981042,0.55521520578071
2025-08-01,RH8,NHS ENGLAND SOUTH WEST,ROYAL DEVON UNIVERSITY HEALTHCARE NHS FOUNDATION TRUST,13530,18047,5694,5718,724,136,0.6831606361168061,0.5791574279379157
2025-08-01,RHM,NHS ENGLAND SOUTH EAST,UNIVERSITY HOSPITAL SOUTHAMPTON NHS FOUNDATION TRUST,11290,12649,3822,3963,271,14,0.6866946003636651,0.6614703277236492
2025-08-01,RHQ,NHS ENGLAND NORTH EAST AND YORKSHIRE,SHEFFIELD TEACHING HOSPITALS NHS FOUNDATION TRUST,8548,16349,4509,5177,869,11,0.6833445470670989,0.4725081890500702
2025-08-01,RHU,NHS ENGLAND SOUTH EAST,PORTSMOUTH HOSPITALS UNIVERSITY NHS TRUST,10329,14152,4125,4150,900,933,0.7067552289429055,0.6006389776357828
2025-08-01,RHW,NHS ENGLAND SOUTH EAST,ROYAL BERKSHIRE NHS FOUNDATION TRUST,10133,15288,3508,3514,377,1,0.7701465201465202,0.6538044014605744
2025-08-01,RJ1,NHS ENGLAND LONDON,GUY'S AND ST THOMAS' NHS FOUNDATION TRUST,9878,16661,3438,3606,107,61,0.7835664125802773,0.6519538368090707
2025-08-01,RJ2,NHS ENGLAND LONDON,LEWISHAM AND GREENWICH NHS TRUST,14926,23802,7482,7667,1087,571,0.6778842114108058,0.49872705346375457
2025-08-01,RJ6,NHS ENGLAND LONDON,CROYDON HEALTH SERVICES NHS TRUST,12011,16768,4177,4177,245,565,0.7508945610687023,0.652235450836733
2025-08-01,RJ7,NHS ENGLAND LONDON,ST GEORGE'S UNIVERSITY HOSPITALS NHS FOUNDATION TRUST,8178,11889,2502,2629,407,498,0.7788712255025654,0.6940572267057961
2025-08-01,RJ8,NHS ENGLAND SOUTH WEST,CORNWALL PARTNERSHIP NHS FOUNDATION TRUST,0,0,0,0,0,0,,
2025-08-01,RJC,NHS ENGLAND MIDLANDS,SOUTH WARWICKSHIRE UNIVERSITY NHS FOUNDATION TRUST,8133,8529,1769,1769,314,14,0.7925899871028257,0.7824910857002336
2025-08-01,RJE,NHS ENGLAND MIDLANDS,UNIVERSITY HOSPITALS OF NORTH MIDLANDS NHS TRUST,14640,23120,7035,7098,1120,443,0.6929930795847751,0.5194672131147541
2025-08-01,RJL,NHS ENGLAND NORTH EAST AND YORKSHIRE,NORTHERN LINCOLNSHIRE AND GOOLE NHS FOUNDATION TRUST,9249,16161,4275,4328,653,594,0.7321947899263659,0.5377878689588064
2025-08-01,RJN,NHS ENGLAND NORTH WEST,EAST CHESHIRE NHS TRUST,4192,4192,2265,2265,214,432,0.45968511450381677,0.45968511450381677
2025-08-01,RJR,NHS ENGLAND NORTH WEST,COUNTESS OF CHESTER HOSPITAL NHS FOUNDATION TRUST,5200,7449,2523,2650,763,330,0.6442475500067123,0.5148076923076923
2025-08-01,RJZ,NHS ENGLAND LONDON,KING'S COLLEGE HOSPITAL NHS FOUNDATION TRUST,14770,23601,5957,6464,1386,572,0.7261133002838862,0.5966824644549763
2025-08-01,RK5,NHS ENGLAND MIDLANDS,SHERWOOD FOREST HOSPITALS NHS FOUNDATION TRUST,10497,15886,4638,4944,704,346,0.6887825758529522,0.5581594741354673
2025-08-01,RK9,NHS ENGLAND SOUTH WEST,UNIVERSITY HOSPITALS PLYMOUTH NHS TRUST,9265,15162,4281,4376,680,329,0.7113837224640549,0.537938478143551
2025-08-01,RKB,NHS ENGLAND MIDLANDS,UNIVERSITY HOSPITALS COVENTRY AND WARWICKSHIRE NHS TRUST,11743,18739,4495,4669,74,9,0.750840493089279,0.6172187686281189
2025-08-01,RKE,NHS ENGLAND LONDON,WHITTINGTON HEALTH NHS TRUST,8361,8361,2409,2409,235,137,0.7118765697883028,0.7118765697883028
2025-08-01,RL1,NHS ENGLAND MIDLANDS,THE ROBERT JONES AND AGNES HUNT ORTHOPAEDIC HOSPITAL NHS FOUNDATION TRUST,0,0,0,0,0,0,,
2025-08-01,RL4,NHS ENGLAND MIDLANDS,THE ROYAL WOLVERHAMPTON NHS TRUST,12593,19366,3693,3894,1084,172,0.7989259527006093,0.7067418407051537
2025-08-01,RLQ,NHS ENGLAND MIDLANDS,WYE VALLEY NHS TRUST,5759,7028,2318,2318,454,207,0.670176437108708,0.5974995658968572
2025-08-01,RLT,NHS ENGLAND MIDLANDS,GEORGE ELIOT HOSPITAL NHS TRUST,6371,7992,2175,2224,269,441,0.7217217217217218,0.6586093234970962
2025-08-01,RM1,NHS ENGLAND EAST OF ENGLAND,NORFOLK AND NORWICH UNIVERSITY HOSPITALS NHS FOUNDATION TRUST,12652,20734,3830,3832,733,162,0.8151827915501109,0.6972810622826431
2025-08-01,RM3,NHS ENGLAND NORTH WEST,NORTHERN CARE ALLIANCE NHS FOUNDATION TRUST,25001,34577,9353,9598,1063,958,0.7224166353356277,0.625894964201432
2025-08-01,RMC,NHS ENGLAND NORTH WEST,BOLTON NHS FOUNDATION TRUST,7488,11378,3709,4027,481,331,0.6460713657936368,0.5046741452991452
2025-08-01,RMP,NHS ENGLAND NORTH WEST,TAMESIDE AND GLOSSOP INTEGRATED CARE NHS FOUNDATION TRUST,7961,10280,3629,3638,561,381,0.6461089494163423,0.5441527446300716
2025-08-01,RN3,NHS ENGLAND SOUTH WEST,GREAT WESTERN HOSPITALS NHS FOUNDATION TRUST,5788,10977,2994,3534,700,157,0.6780541131456682,0.4827228749136143
2025-08-01,RN5,NHS ENGLAND SOUTH EAST,HAMPSHIRE HOSPITALS NHS FOUNDATION TRUST,10479,13887,4015,4039,110,11,0.7091524447324836,0.6168527531252982
2025-08-01,RN7,NHS ENGLAND SOUTH EAST,DARTFORD AND GRAVESHAM NHS TRUST,10751,14389,2782,2792,576,17,0.8059628883174648,0.7412333736396615
2025-08-01,RNA,NHS ENGLAND MIDLANDS,THE DUDLEY GROUP NHS FOUNDATION TRUST,9641,13239,3211,3262,1812,78,0.7536067678827706,0.6669432631469765
2025-08-01,RNN,NHS ENGLAND NORTH EAST AND YORKSHIRE,NORTH CUMBRIA INTEGRATED CARE NHS FOUNDATION TRUST,8627,10651,3510,3565,441,309,0.6652896441648671,0.593137823113481
2025-08-01,RNQ,NHS ENGLAND MIDLANDS,KETTERING GENERAL HOSPITAL NHS FOUNDATION TRUST,9509,17261,3416,3495,532,626,0.7975204217600371,0.6407613839520454
2025-08-01,RNS,NHS ENGLAND MIDLANDS,NORTHAMPTON GENERAL HOSPITAL NHS TRUST,9943,12315,4224,4345,558,667,0.6471782379212343,0.5751785175500352
2025-08-01,RNU,NHS ENGLAND SOUTH EAST,OXFORD HEALTH NHS FOUNDATION TRUST,0,4244,0,116,0,0,0.9726672950047125,
2025-08-01,RNZ,NHS ENGLAND SOUTH WEST,SALISBURY NHS FOUNDATION TRUST,4767,6955,1763,1763,329,25,0.7465132997843278,0.6301657226767359
2025-08-01,RP5,NHS ENGLAND NORTH EAST AND YORKSHIRE,DONCASTER AND BASSETLAW TEACHING HOSPITALS NHS FOUNDATION TRUST,13912,17831,4851,4856,1164,108,0.7276653020021311,0.6513082231167338
2025-08-01,RP6,NHS ENGLAND LONDON,MOORFIELDS EYE HOSPITAL NHS FOUNDATION TRUST,0,5806,0,102,0,0,0.9824319669307613,
2025-08-01,RPA,NHS ENGLAND SOUTH EAST,MEDWAY NHS FOUNDATION TRUST,9278,15121,3599,4288,334,696,0.7164208716354739,0.6120931235179996
2025-08-01,RPC,NHS ENGLAND SOUTH EAST,QUEEN VICTORIA HOSPITAL NHS FOUNDATION TRUST,0,1387,0,2,0,0,0.9985580389329488,
2025-08-01,RQ3,NHS ENGLAND MIDLANDS,BIRMINGHAM WOMEN'S AND CHILDREN'S NHS FOUNDATION TRUST,3491,3491,155,155,7,1,0.9556001145803494,0.9556001145803494
2025-08-01,RQM,NHS ENGLAND LONDON,CHELSEA AND WESTMINSTER HOSPITAL NHS FOUNDATION TRUST,18603,24111,5678,5720,679,39,0.7627638837045332,0.6947804117615438
2025-08-01,RQW,NHS ENGLAND EAST OF ENGLAND,THE PRINCESS ALEXANDRA HOSPITAL NHS TRUST,7952,9698,2556,2556,484,195,0.7364405031965353,0.6785714285714286
2025-08-01,RQX,NHS ENGLAND LONDON,HOMERTON HEALTHCARE NHS FOUNDATION TRUST,10343,10343,1958,1958,224,35,0.8106932224693029,0.8106932224693029
2025-08-01,RR7,NHS ENGLAND NORTH EAST AND YORKSHIRE,GATESHEAD HEALTH NHS FOUNDATION TRUST,5545,9747,1701,1729,397,0,0.8226120857699806,0.6932371505861137
2025-08-01,RR8,NHS ENGLAND NORTH EAST AND YORKSHIRE,LEEDS TEACHING HOSPITALS NHS TRUST,16690,28203,6048,6159,1686,119,0.7816189767046059,0.6376273217495506
2025-08-01,RRF,NHS ENGLAND NORTH WEST,"WRIGHTINGTON, WIGAN AND LEIGH NHS FOUNDATION TRUST",7288,12244,2788,2818,530,260,0.7698464554067298,0.6174533479692645
2025-08-01,RRK,NHS ENGLAND MIDLANDS,UNIVERSITY HOSPITALS BIRMINGHAM NHS FOUNDATION TRUST,33886,35997,13154,13187,2674,1593,0.6336639164374809,0.6118160892403943
2025-08-01,RRV,NHS ENGLAND LONDON,UNIVERSITY COLLEGE LONDON HOSPITALS NHS FOUNDATION TRUST,12926,12926,3381,3381,299,72,0.7384341637010676,0.7384341637010676
2025-08-01,RTD,NHS ENGLAND NORTH EAST AND YORKSHIRE,THE NEWCASTLE UPON TYNE HOSPITALS NHS FOUNDATION TRUST,11603,19041,4166,4249,356,41,0.7768499553594874,0.6409549254503146
2025-08-01,RTE,NHS ENGLAND SOUTH WEST,GLOUCESTERSHIRE HOSPITALS NHS FOUNDATION TRUST,13420,13420,5301,5301,439,221,0.6049925484351714,0.6049925484351714
2025-08-01,RTF,NHS ENGLAND NORTH EAST AND YORKSHIRE,NORTHUMBRIA HEALTHCARE NHS FOUNDATION TRUST,9949,23818,2291,2295,3,0,0.9036443026282643,0.7697256005628706
2025-08-01,RTG,NHS ENGLAND MIDLANDS,UNIVERSITY HOSPITALS OF DERBY AND BURTON NHS FOUNDATION TRUST,17915,27343,8093,8094,979,521,0.7039827378122372,0.5482556516885292
2025-08-01,RTH,NHS ENGLAND SOUTH EAST,OXFORD UNIVERSITY HOSPITALS NHS FOUNDATION TRUST,11803,16787,3313,3412,411,0,0.7967474831715018,0.7193086503431332
2025-08-01,RTK,NHS ENGLAND SOUTH EAST,ASHFORD AND ST PETER'S HOSPITALS NHS FOUNDATION TRUST,6990,9810,3499,3530,535,118,0.6401630988786953,0.4994277539341917
2025-08-01,RTP,NHS ENGLAND SOUTH EAST,SURREY AND SUSSEX HEALTHCARE NHS TRUST,10052,10052,3904,3904,552,538,0.6116195781933944,0.6116195781933944
2025-08-01,RTQ,NHS ENGLAND SOUTH WEST,GLOUCESTERSHIRE HEALTH AND CARE NHS FOUNDATION TRUST,0,8680,0,125,0,0,0.9855990783410138,
2025-08-01,RTR,NHS ENGLAND NORTH EAST AND YORKSHIRE,SOUTH TEES HOSPITALS NHS FOUNDATION TRUST,7133,16367,3730,4032,381,11,0.753650638479868,0.4770783681480443
2025-08-01,RTX,NHS ENGLAND NORTH WEST,UNIVERSITY HOSPITALS OF MORECAMBE BAY NHS FOUNDATION TRUST,9279,12460,3434,3512,684,360,0.7181380417335473,0.6299170169199267
2025-08-01,RV9,NHS ENGLAND NORTH EAST AND YORKSHIRE,HUMBER TEACHING NHS FOUNDATION TRUST,0,1210,0,7,0,0,0.9942148760330578,
2025-08-01,RVJ,NHS ENGLAND SOUTH WEST,NORTH BRISTOL NHS TRUST,9415,9415,3069,3069,553,126,0.6740308019118428,0.6740308019118428
2025-08-01,RVR,NHS ENGLAND LONDON,EPSOM AND ST HELIER UNIVERSITY HOSPITALS NHS TRUST,10186,12654,2878,3075,930,642,0.7569938359412044,0.7174553308462596
2025-08-01,RVV,NHS ENGLAND SOUTH EAST,EAST KENT HOSPITALS UNIVERSITY NHS FOUNDATION TRUST,12118,25087,6199,6475,384,1311,0.741898194283892,0.48844693843868625
2025-08-01,RVW,NHS ENGLAND NORTH EAST AND YORKSHIRE,NORTH TEES AND HARTLEPOOL NHS FOUNDATION TRUST,4856,15346,2340,2360,160,6,0.8462139971328033,0.5181219110378913
2025-08-01,RW1,NHS ENGLAND SOUTH EAST,HAMPSHIRE AND ISLE OF WIGHT HEALTHCARE NHS FOUNDATION TRUST,0,2986,0,65,0,0,0.978231748158071,
2025-08-01,RW4,NHS ENGLAND NORTH WEST,MERSEY CARE NHS FOUNDATION TRUST,0,12199,0,174,0,0,0.9857365357816215,
2025-08-01,RWA,NHS ENGLAND NORTH EAST AND YORKSHIRE,HULL UNIVERSITY TEACHING HOSPITALS NHS TRUST,9446,13782,5071,5254,932,337,0.6187781163836888,0.4631590091043828
2025-08-01,RWD,NHS ENGLAND MIDLANDS,UNITED LINCOLNSHIRE TEACHING HOSPITALS NHS TRUST,16973,20777,6965,7293,1042,1061,0.6489868604707127,0.5896423731809344
2025-08-01,RWE,NHS ENGLAND MIDLANDS,UNIVERSITY HOSPITALS OF LEICESTER NHS TRUST,20916,22925,8251,8448,1161,964,0.6314940021810251,0.6055173073245362
2025-08-01,RWF,NHS ENGLAND SOUTH EAST,MAIDSTONE AND TUNBRIDGE WELLS NHS TRUST,18957,21202,4236,4256,932,130,0.7992642203565701,0.7765469219813261
2025-08-01,RWG,NHS ENGLAND EAST OF ENGLAND,WEST HERTFORDSHIRE TEACHING HOSPITALS NHS TRUST,7834,14943,2415,2462,591,27,0.8352405808739878,0.6917283635435283
2025-08-01,RWH,NHS ENGLAND EAST OF ENGLAND,EAST AND NORTH HERTFORDSHIRE NHS TRUST,8370,16472,3609,3651,192,23,0.7783511413307431,0.5688172043010753
2025-08-01,RWJ,NHS ENGLAND NORTH WEST,STOCKPORT NHS FOUNDATION TRUST,7677,8689,2936,2983,495,198,0.656692369662792,0.6175589422951674
2025-08-01,RWP,NHS ENGLAND MIDLANDS,WORCESTERSHIRE ACUTE HOSPITALS NHS TRUST,13741,19770,6939,7018,1186,846,0.6450177035913,0.4950149188559785
2025-08-01,RWW,NHS ENGLAND NORTH WEST,WARRINGTON AND HALTON TEACHING HOSPITALS NHS FOUNDATION TRUST,6781,9641,3543,3580,729,825,0.6286692251841095,0.47751069163840143
2025-08-01,RWX,NHS ENGLAND SOUTH EAST,BERKSHIRE HEALTHCARE NHS FOUNDATION TRUST,0,1435,0,7,0,0,0.9951219512195122,
2025-08-01,RWY,NHS ENGLAND NORTH EAST AND YORKSHIRE,CALDERDALE AND HUDDERSFIELD NHS FOUNDATION TRUST,15446,15446,2708,2708,846,16,0.8246795286805646,0.8246795286805646
2025-08-01,RX1,NHS ENGLAND MIDLANDS,NOTTINGHAM UNIVERSITY HOSPITALS NHS TRUST,12151,14187,6909,7006,251,566,0.5061676182420526,0.4314048226483417
2025-08-01,RXC,NHS ENGLAND SOUTH EAST,EAST SUSSEX HEALTHCARE NHS TRUST,8785,11340,3560,3604,204,6,0.6821869488536155,0.5947638019351167
2025-08-01,RXF,NHS ENGLAND NORTH EAST AND YORKSHIRE,MID YORKSHIRE TEACHING NHS TRUST,15988,22437,5760,5906,1544,9,0.736774078530998,0.6397297973480109
2025-08-01,RXG,NHS ENGLAND NORTH EAST AND YORKSHIRE,SOUTH WEST YORKSHIRE PARTNERSHIP NHS FOUNDATION TRUST,0,0,0,0,0,0,,
2025-08-01,RXK,NHS ENGLAND MIDLANDS,SANDWELL AND WEST BIRMINGHAM HOSPITALS NHS TRUST,10876,19844,3770,4081,645,102,0.7943458980044346,0.6533652077969843
2025-08-01,RXL,NHS ENGLAND NORTH WEST,BLACKPOOL TEACHING HOSPITALS NHS FOUNDATION TRUST,9421,19620,4240,4296,820,262,0.7810397553516819,0.5499416197855853
2025-08-01,RXN,NHS ENGLAND NORTH WEST,LANCASHIRE TEACHING HOSPITALS NHS FOUNDATION TRUST,11574,14625,4473,4554,1048,410,0.6886153846153846,0.6135303265940901
2025-08-01,RXP,NHS ENGLAND NORTH EAST AND YORKSHIRE,COUNTY DURHAM AND DARLINGTON NHS FOUNDATION TRUST,12390,16559,4837,4837,1701,9,0.7078929887070475,0.6096045197740113
2025-08-01,RXQ,NHS ENGLAND SOUTH EAST,BUCKINGHAMSHIRE HEALTHCARE NHS TRUST,10063,14238,2802,2860,189,261,0.7991290911644894,0.7215542084865348
2025-08-01,RXR,NHS ENGLAND NORTH WEST,EAST LANCASHIRE HOSPITALS NHS TRUST,13281,23936,4442,5037,577,925,0.7895638368983957,0.6655372336420451
2025-08-01,RXW,NHS ENGLAND MIDLANDS,THE SHREWSBURY AND TELFORD HOSPITAL NHS TRUST,10809,13242,5879,6347,612,1300,0.5206917384080955,0.45610139698399477
2025-08-01,RY2,NHS ENGLAND NORTH WEST,BRIDGEWATER COMMUNITY HEALTHCARE NHS FOUNDATION TRUST,0,2740,0,41,0,0,0.9850364963503649,
2025-08-01,RY4,NHS ENGLAND EAST OF ENGLAND,HERTFORDSHIRE COMMUNITY NHS TRUST,0,1061,0,19,0,0,0.9820923656927427,
2025-08-01,RY5,NHS ENGLAND MIDLANDS,LINCOLNSHIRE COMMUNITY HEALTH SERVICES NHS TRUST,0,9050,0,265,0,0,0.9707182320441989,
2025-08-01,RY7,NHS ENGLAND NORTH WEST,WIRRAL COMMUNITY HEALTH AND CARE NHS FOUNDATION TRUST,0,4252,0,175,0,0,0.9588428974600188,
2025-08-01,RY8,NHS ENGLAND MIDLANDS,DERBYSHIRE COMMUNITY HEALTH SERVICES NHS FOUNDATION TRUST,0,7623,0,226,0,0,0.9703528794437886,
2025-08-01,RYF,NHS ENGLAND SOUTH WEST,SOUTH WESTERN AMBULANCE SERVICE NHS FOUNDATION TRUST,0,1972,0,47,0,0,0.9761663286004056,
2025-08-01,RYG,NHS ENGLAND MIDLANDS,COVENTRY AND WARWICKSHIRE PARTNERSHIP NHS TRUST,0,0,0,0,0,0,,
2025-08-01,RYJ,NHS ENGLAND LONDON,IMPERIAL COLLEGE HEALTHCARE NHS TRUST,11631,22393,5103,5479,645,0,0.7553253248783102,0.5612587051844209
2025-08-01,RYR,NHS ENGLAND SOUTH EAST,UNIVERSITY HOSPITALS SUSSEX NHS FOUNDATION TRUST,26764,30376,10519,10790,632,534,0.6447853568606795,0.6069720520101629
2025-08-01,RYX,NHS ENGLAND LONDON,CENTRAL LONDON COMMUNITY HEALTHCARE NHS TRUST,0,11651,0,123,0,0,0.9894429662689898,
2025-08-01,RYY,NHS ENGLAND SOUTH EAST,KENT COMMUNITY HEALTH NHS FOUNDATION TRUST,0,6264,0,21,0,0,0.9966475095785441,
2025-08-01,Y00751,NHS ENGLAND SOUTH EAST,EAST BERKS PRIMARY CARE OOH(WAM),0,0,0,0,0,0,,
2025-08-01,Y02147,NHS ENGLAND LONDON,URGENT CARE CENTRE (QMS),0,7556,0,113,0,0,0.9850449973530969,
2025-08-01,Y02428,NHS ENGLAND EAST OF ENGLAND,PUTNOE WALK IN CENTRE,0,2334,0,0,0,0,1.0,
2025-08-01,Y02532,NHS ENGLAND NORTH WEST,MIRIAM MINOR EMERGENCY,0,1643,0,2,0,0,0.9987827145465612,
2025-08-01,Y02615,NHS ENGLAND MIDLANDS,SOUTH BIRMINGHAM GP WALK IN CENTRE,0,5641,0,0,0,0,1.0,
2025-08-01,Y02676,NHS ENGLAND SOUTH EAST,BRIGHTON STATION HEALTH CENTRE,0,1869,0,0,0,0,1.0,
2025-08-01,Y03007,NHS ENGLAND MIDLANDS,ERDINGTON GP HEALTH & WELLBEING WIC,0,0,0,0,0,0,,
2025-08-01,Y03218,NHS ENGLAND LONDON,THE PINN UNREGISTERED WIC,0,998,0,0,0,0,1.0,
2025-09-01,8J094,NHS ENGLAND MIDLANDS,BADGER LTD,0,0,0,0,0,0,,
2025-09-01,A5D4Q,NHS ENGLAND MIDLANDS,NEMS CBS (UTC),0,4240,0,991,0,0,0.7662735849056603,
2025-09-01,AAH,NHS ENGLAND SOUTH WEST,TETBURY HOSPITAL TRUST LTD,0,593,0,0,0,0,1.0,
2025-09-01,ACH01,NHS ENGLAND SOUTH EAST,WHITSTABLE MEDICAL PRACTICE,0,4919,0,0,0,0,1.0,
2025-09-01,AD913,NHS ENGLAND LONDON,BECKENHAM BEACON UCC,0,3395,0,30,0,0,0.9911634756995582,
2025-09-01,AJN,NHS ENGLAND NORTH EAST AND YORKSHIRE,WORKINGTON HEALTH LIMITED,0,392,0,0,0,0,1.0,
2025-09-01,AQM01,NHS ENGLAND SOUTH EAST,FAVERSHAM MEDICAL PRACTICE MIU,0,2934,0,0,0,0,1.0,
2025-09-01,AQN04,NHS ENGLAND SOUTH EAST,PHL LYMINGTON UTC,0,2988,0,15,0,0,0.9949799196787149,
2025-09-01,ARN03,NHS ENGLAND NORTH EAST AND YORKSHIRE,LOCAL CARE DIRECT,0,2151,0,9,0,0,0.99581589958159,
2025-09-01,C82009,NHS ENGLAND MIDLANDS,MARKET HARBOROUGH MED.CTR,0,304,0,0,0,0,1.0,
2025-09-01,C82038,NHS ENGLAND MIDLANDS,LATHAM HOUSE MEDICAL PRACTICE,0,363,0,0,0,0,1.0,
2025-09-01,C83023,NHS ENGLAND MIDLANDS,SLEAFORD MEDICAL GROUP,0,488,0,0,0,0,1.0,
2025-09-01,DJV01,NHS ENGLAND SOUTH EAST,HERNE BAY HEALTH CARE LTD,0,2454,0,0,0,0,1.0,
2025-09-01,DT301,NHS ENGLAND EAST OF ENGLAND,HERTS URGENT CARE (ASCOTS LANE),0,2249,0,207,0,0,0.9079590929301912,
2025-09-01,G0Q0L,NHS ENGLAND LONDON,BARKING HOSPITAL UTC,0,2853,0,24,0,0,0.9915878023133544,
2025-09-01,G3P9C,NHS ENGLAND SOUTH WEST,TROWBRIDGE MINOR INJURIES UNIT,0,936,0,7,0,0,0.9925213675213675,
2025-09-01,K6K0R,NHS ENGLAND LONDON,HAROLD WOOD POLYCLINIC UTC,0,2669,0,2,0,0,0.9992506556762832,
2025-09-01,L83087,NHS ENGLAND SOUTH WEST,OKEHAMPTON MEDICAL CENTRE,0,93,0,0,0,0,1.0,
2025-09-01,NDJ,NHS ENGLAND SOUTH EAST,FIRST COMMUNITY HEALTH AND CARE CIC,0,2403,0,14,0,0,0.994173949230129,
2025-09-01,NL7,NHS ENGLAND MIDLANDS,ASSURA VERTIS URGENT CARE CENTRES (BIRMINGHAM),0,3412,0,0,0,0,1.0,
2025-09-01,NLX,NHS ENGLAND SOUTH WEST,SIRONA CARE & HEALTH,0,8757,0,285,0,0,0.9674546077423776,
2025-09-01,NNF09,NHS ENGLAND NORTH EAST AND YORKSHIRE,BRANSHOLME HEALTH CENTRE,0,3484,0,315,0,0,0.9095866819747417,
2025-09-01,NNF16,NHS ENGLAND NORTH EAST AND YORKSHIRE,BRIDLINGTON HOSPITAL,0,1462,0,26,0,0,0.9822161422708618,
2025-09-01,NNF94,NHS ENGLAND NORTH EAST AND YORKSHIRE,EAST RIDING COMMUNITY HOSPITAL,0,2668,0,194,0,0,0.9272863568215892,
2025-09-01,NNFA7,NHS ENGLAND NORTH EAST AND YORKSHIRE,GOOLE & DISTRICT HOSPITAL,0,1644,0,37,0,0,0.9774939172749392,
2025-09-01,NNJ,NHS ENGLAND MIDLANDS,DHU HEALTH CARE C.I.C,0,1727,0,0,0,0,1.0,
2025-09-01,NNJ07,NHS ENGLAND MIDLANDS,LOUGHBOROUGH URGENT CARE CENTRE,0,6494,0,471,0,0,0.9274715121650754,
2025-09-01,NNJ0H,NHS ENGLAND MIDLANDS,LLR EA - THE MERLYN VAZ HEALTH & SOCIAL CARE CENTRE,0,345,0,1,0,0,0.9971014492753624,
2025-09-01,NNJ12,NHS ENGLAND MIDLANDS,MARKET HARBOROUGH,0,75,0,0,0,0,1.0,
2025-09-01,NNJ13,NHS ENGLAND MIDLANDS,MELTON MOWBRAY,0,46,0,0,0,0,1.0,
2025-09-01,NNJ14,NHS ENGLAND MIDLANDS,OADBY,0,512,0,1,0,0,0.998046875,
2025-09-01,NNJ15,NHS ENGLAND MIDLANDS,OAKHAM,0,48,0,0,0,0,1.0,
2025-09-01,NQT1I,NHS ENGLAND SOUTH WEST,CHIPPENHAM COMMUNITY HOSPITAL,0,1799,0,21,0,0,0.9883268482490273,
2025-09-01,NQT51,NHS ENGLAND SOUTH EAST,STATION PLAZA HEALTH CENTRE,0,856,0,0,0,0,1.0,
2025-09-01,NQT5F,NHS ENGLAND NORTH WEST,SKELMERSDALE WALK IN CENTRE,0,1565,0,7,0,0,0.9955271565495207,
2025-09-01,NQT5H,NHS ENGLAND SOUTH WEST,PAULTON MEMORIAL HOSPITAL,0,1175,0,9,0,0,0.9923404255319149,
2025-09-01,NQTE4,NHS ENGLAND MIDLANDS,SUMMERFIELD URGENT CARE CENTRE,0,3150,0,0,0,0,1.0,
2025-09-01,NR3,NHS ENGLAND MIDLANDS,NOTTINGHAM CITYCARE PARTNERSHIP,0,5001,0,281,0,0,0.9438112377524495,
2025-09-01,NTP11,NHS ENGLAND SOUTH EAST,PRACTICE PLUS GROUP HOSPITAL - SOUTHAMPTON,0,4769,0,107,0,0,0.9775634304885721,
2025-09-01,NTPAD,NHS ENGLAND SOUTH EAST,PRACTICE PLUS GROUP SURGICAL CENTRE - ST MARYS PORTSMOUTH,0,5205,0,390,0,0,0.9250720461095101,
2025-09-01,NTV0B,NHS ENGLAND SOUTH EAST,ASHFORD WALK-IN-CENTRE,0,2374,0,34,0,0,0.9856781802864364,
2025-09-01,NTV0W,NHS ENGLAND SOUTH EAST,WOKING WALK IN CENTRE,0,2621,0,70,0,0,0.9732926363983212,
2025-09-01,NV693,NHS ENGLAND NORTH WEST,ROSSENDALE MIU & OOH,0,1041,0,2,0,0,0.9980787704130644,
2025-09-01,R0A,NHS ENGLAND NORTH WEST,MANCHESTER UNIVERSITY NHS FOUNDATION TRUST,25360,39097,11008,11422,3225,105,0.7078548226206614,0.5659305993690852
2025-09-01,R0B,NHS ENGLAND NORTH EAST AND YORKSHIRE,SOUTH TYNESIDE AND SUNDERLAND NHS FOUNDATION TRUST,10956,17886,4858,5045,650,3,0.7179358157217937,0.5565899963490325
2025-09-01,R0D,NHS ENGLAND SOUTH WEST,UNIVERSITY HOSPITALS DORSET NHS FOUNDATION TRUST,13867,18840,5538,5538,936,169,0.7060509554140127,0.6006346001298046
2025-09-01,R1D,NHS ENGLAND MIDLANDS,SHROPSHIRE COMMUNITY HEALTH NHS TRUST,0,3451,0,12,0,0,0.9965227470298464,
2025-09-01,R1F,NHS ENGLAND SOUTH EAST,ISLE OF WIGHT NHS TRUST,4275,6244,1297,1352,163,86,0.783472133247918,0.6966081871345029
2025-09-01,R1H,NHS ENGLAND LONDON,BARTS HEALTH NHS TRUST,24887,43812,10741,12330,1162,951,0.718570254724733,0.5684092096275164
2025-09-01,R1K,NHS ENGLAND LONDON,LONDON NORTH WEST UNIVERSITY HEALTHCARE NHS TRUST,13596,28742,6518,7044,633,419,0.7549231090390369,0.5205942924389526
2025-09-01,RA2,NHS ENGLAND SOUTH EAST,ROYAL SURREY NHS FOUNDATION TRUST,6802,8615,2360,2360,422,7,0.7260591990713872,0.6530432225815936
2025-09-01,RA7,NHS ENGLAND SOUTH WEST,UNIVERSITY HOSPITALS BRISTOL AND WESTON NHS FOUNDATION TRUST,15522,17943,5293,5430,1027,213,0.6973750208995151,0.6590001288493751
2025-09-01,RA9,NHS ENGLAND SOUTH WEST,TORBAY AND SOUTH DEVON NHS FOUNDATION TRUST,6648,9970,3160,3163,255,78,0.6827482447342026,0.5246690734055355
2025-09-01,RAE,NHS ENGLAND NORTH EAST AND YORKSHIRE,BRADFORD TEACHING HOSPITALS NHS FOUNDATION TRUST,9085,13510,2193,2193,670,76,0.8376757957068838,0.7586130985140341
2025-09-01,RAJ,NHS ENGLAND EAST OF ENGLAND,MID AND SOUTH ESSEX NHS FOUNDATION TRUST,30199,34284,8720,8842,2024,483,0.7420954381052386,0.7112487168449286
2025-09-01,RAL,NHS ENGLAND LONDON,ROYAL FREE LONDON NHS FOUNDATION TRUST,26019,41536,8625,9228,1018,1975,0.7778312788906009,0.6685114723855644
2025-09-01,RAN,NHS ENGLAND LONDON,ROYAL NATIONAL ORTHOPAEDIC HOSPITAL NHS TRUST,0,0,0,0,0,0,,
2025-09-01,RAS,NHS ENGLAND LONDON,THE HILLINGDON HOSPITALS NHS FOUNDATION TRUST,5135,12458,2453,2552,460,37,0.7951517097447424,0.5222979552093476
2025-09-01,RAT,NHS ENGLAND LONDON,NORTH EAST LONDON NHS FOUNDATION TRUST,0,1849,0,88,0,0,0.9524067063277447,
2025-09-01,RAX,NHS ENGLAND LONDON,KINGSTON AND RICHMOND NHS FOUNDATION TRUST,7000,15430,4257,4599,316,320,0.7019442644199612,0.3918571428571429
2025-09-01,RBD,NHS ENGLAND SOUTH WEST,DORSET COUNTY HOSPITAL NHS FOUNDATION TRUST,4529,4529,1710,1710,209,74,0.6224332082137337,0.6224332082137337
2025-09-01,RBK,NHS ENGLAND MIDLANDS,WALSALL HEALTHCARE NHS TRUST,9406,13513,3357,3404,1030,198,0.7480944275882484,0.6431001488411652
2025-09-01,RBL,NHS ENGLAND NORTH WEST,WIRRAL UNIVERSITY TEACHING HOSPITAL NHS FOUNDATION TRUST,8030,10832,4600,4695,563,696,0.5665620384047267,0.427148194271482
2025-09-01,RBN,NHS ENGLAND NORTH WEST,MERSEY AND WEST LANCASHIRE TEACHING HOSPITALS NHS TRUST,17140,24129,6435,6519,564,367,0.7298271789133408,0.6245624270711785
2025-09-01,RBQ,NHS ENGLAND NORTH WEST,LIVERPOOL HEART AND CHEST HOSPITAL NHS FOUNDATION TRUST,0,0,0,0,0,0,,
2025-09-01,RBS,NHS ENGLAND NORTH WEST,ALDER HEY CHILDREN'S NHS FOUNDATION TRUST,5271,5271,669,669,0,0,0.8730791121229369,0.8730791121229369
2025-09-01,RBT,NHS ENGLAND NORTH WEST,MID CHESHIRE HOSPITALS NHS FOUNDATION TRUST,6842,9838,3886,3895,455,497,0.6040861963813784,0.4320374159602456
2025-09-01,RBV,NHS ENGLAND NORTH WEST,THE CHRISTIE NHS FOUNDATION TRUST,0,0,0,0,0,0,,
2025-09-01,RC9,NHS ENGLAND EAST OF ENGLAND,BEDFORDSHIRE HOSPITALS NHS FOUNDATION TRUST,16618,24627,6124,6124,80,2,0.7513298412311691,0.631483933084607
2025-09-01,RCB,NHS ENGLAND NORTH EAST AND YORKSHIRE,YORK AND SCARBOROUGH TEACHING HOSPITALS NHS FOUNDATION TRUST,10917,19051,5694,6155,800,535,0.676919846727206,0.4784281395987908
2025-09-01,RCD,NHS ENGLAND NORTH EAST AND YORKSHIRE,HARROGATE AND DISTRICT NHS FOUNDATION TRUST,5219,6258,1416,1416,58,0,0.7737296260786194,0.7286836558727725
2025-09-01,RCF,NHS ENGLAND NORTH EAST AND YORKSHIRE,AIREDALE NHS FOUNDATION TRUST,5960,6239,2336,2336,456,154,0.6255810225997755,0.6080536912751677
2025-09-01,RCU,NHS ENGLAND NORTH EAST AND YORKSHIRE,SHEFFIELD CHILDREN'S NHS FOUNDATION TRUST,4136,4457,262,262,14,0,0.9412160646174557,0.9366537717601547
2025-09-01,RCX,NHS ENGLAND EAST OF ENGLAND,"THE QUEEN ELIZABETH HOSPITAL, KING'S LYNN, NHS FOUNDATION TRUST",6525,7767,2857,2857,620,153,0.6321617097978627,0.5621455938697317
2025-09-01,RD1,NHS ENGLAND SOUTH WEST,ROYAL UNITED HOSPITALS BATH NHS FOUNDATION TRUST,8897,8897,3776,3776,970,113,0.5755872766100933,0.5755872766100933
2025-09-01,RD8,NHS ENGLAND EAST OF ENGLAND,MILTON KEYNES UNIVERSITY HOSPITAL NHS FOUNDATION TRUST,8199,12902,3248,3274,563,0,0.7462408928848241,0.6038541285522625
2025-09-01,RDE,NHS ENGLAND EAST OF ENGLAND,EAST SUFFOLK AND NORTH ESSEX NHS FOUNDATION TRUST,12269,25498,6644,7342,1073,597,0.7120558475174523,0.4584725731518461
2025-09-01,RDR,NHS ENGLAND SOUTH EAST,SUSSEX COMMUNITY NHS FOUNDATION TRUST,0,11738,0,131,0,0,0.9888396660419152,
2025-09-01,RDU,NHS ENGLAND SOUTH EAST,FRIMLEY HEALTH NHS FOUNDATION TRUST,22763,35876,9408,9654,1435,325,0.7309064555691828,0.5866977111979967
2025-09-01,RDY,NHS ENGLAND SOUTH WEST,DORSET HEALTHCARE UNIVERSITY NHS FOUNDATION TRUST,0,0,0,0,0,0,,
2025-09-01,REF,NHS ENGLAND SOUTH WEST,ROYAL CORNWALL HOSPITALS NHS TRUST,6655,18460,2843,3328,474,545,0.819718309859155,0.572802404207363
2025-09-01,REM,NHS ENGLAND NORTH WEST,LIVERPOOL UNIVERSITY HOSPITALS NHS FOUNDATION TRUST,16233,26297,8032,8273,1994,887,0.6854013765828801,0.505205445697037
2025-09-01,REP,NHS ENGLAND NORTH WEST,LIVERPOOL WOMEN'S NHS FOUNDATION TRUST,0,1461,0,95,0,0,0.9349760438056126,
2025-09-01,RET,NHS ENGLAND NORTH WEST,THE WALTON CENTRE NHS FOUNDATION TRUST,0,0,0,0,0,0,,
2025-09-01,RF4,NHS ENGLAND LONDON,"BARKING, HAVERING AND REDBRIDGE UNIVERSITY HOSPITALS NHS TRUST",13173,29271,5665,6145,646,772,0.7900652522974958,0.569953693160252
2025-09-01,RFF,NHS ENGLAND NORTH EAST AND YORKSHIRE,BARNSLEY HOSPITAL NHS FOUNDATION TRUST,9034,9034,2326,2326,199,1,0.7425282266991367,0.7425282266991367
2025-09-01,RFR,NHS ENGLAND NORTH EAST AND YORKSHIRE,THE ROTHERHAM NHS FOUNDATION TRUST,8932,8932,2550,2550,401,1,0.7145096283027317,0.7145096283027317
2025-09-01,RFS,NHS ENGLAND MIDLANDS,CHESTERFIELD ROYAL HOSPITAL NHS FOUNDATION TRUST,5270,9962,2840,3070,867,254,0.6918289500100381,0.461100569259962
2025-09-01,RGN,NHS ENGLAND EAST OF ENGLAND,NORTH WEST ANGLIA NHS FOUNDATION TRUST,14958,19877,5793,5981,651,689,0.6990994616893897,0.612715603690333
2025-09-01,RGP,NHS ENGLAND EAST OF ENGLAND,JAMES PAGET UNIVERSITY HOSPITALS NHS FOUNDATION TRUST,7390,8742,2629,2629,493,381,0.6992679020819035,0.6442489851150204
2025-09-01,RGR,NHS ENGLAND EAST OF ENGLAND,WEST SUFFOLK NHS FOUNDATION TRUST,7969,8617,2637,2637,534,373,0.6939770221654868,0.6690927343455891
2025-09-01,RGT,NHS ENGLAND EAST OF ENGLAND,CAMBRIDGE UNIVERSITY HOSPITALS NHS FOUNDATION TRUST,10918,16413,4607,4668,648,428,0.7155912995796015,0.5780362703791904
2025-09-01,RH5,NHS ENGLAND SOUTH WEST,SOMERSET NHS FOUNDATION TRUST,12710,21137,6042,6169,205,100,0.7081421204522875,0.5246262785208498
2025-09-01,RH8,NHS ENGLAND SOUTH WEST,ROYAL DEVON UNIVERSITY HEALTHCARE NHS FOUNDATION TRUST,13032,17246,5967,6003,974,180,0.6519192856314509,0.5421270718232044
2025-09-01,RHM,NHS ENGLAND SOUTH EAST,UNIVERSITY HOSPITAL SOUTHAMPTON NHS FOUNDATION TRUST,11703,12973,4114,4203,442,13,0.6760194249595313,0.648466205246518
2025-09-01,RHQ,NHS ENGLAND NORTH EAST AND YORKSHIRE,SHEFFIELD TEACHING HOSPITALS NHS FOUNDATION TRUST,8761,17124,4508,4982,1146,7,0.7090633029665966,0.4854468667960279
2025-09-01,RHU,NHS ENGLAND SOUTH EAST,PORTSMOUTH HOSPITALS UNIVERSITY NHS TRUST,10993,15046,4170,4197,801,1170,0.7210554300146218,0.6206676976257619
2025-09-01,RHW,NHS ENGLAND SOUTH EAST,ROYAL BERKSHIRE NHS FOUNDATION TRUST,10741,16086,3913,3969,625,12,0.7532637075718016,0.635695000465506
2025-09-01,RJ1,NHS ENGLAND LONDON,GUY'S AND ST THOMAS' NHS FOUNDATION TRUST,10047,16813,3541,3694,137,67,0.7802890620353298,0.6475564845227431
2025-09-01,RJ2,NHS ENGLAND LONDON,LEWISHAM AND GREENWICH NHS TRUST,15359,24392,7333,7623,1189,598,0.6874795014758938,0.5225600625040693
2025-09-01,RJ6,NHS ENGLAND LONDON,CROYDON HEALTH SERVICES NHS TRUST,12725,17471,4327,4327,275,609,0.7523324366092381,0.6599607072691552
2025-09-01,RJ7,NHS ENGLAND LONDON,ST GEORGE'S UNIVERSITY HOSPITALS NHS FOUNDATION TRUST,8302,12357,2580,2752,376,500,0.7772922230314802,0.6892315104794026
2025-09-01,RJ8,NHS ENGLAND SOUTH WEST,CORNWALL PARTNERSHIP NHS FOUNDATION TRUST,0,0,0,0,0,0,,
2025-09-01,RJC,NHS ENGLAND MIDLANDS,SOUTH WARWICKSHIRE UNIVERSITY NHS FOUNDATION TRUST,8326,8775,2163,2163,432,57,0.7535042735042735,0.7402113860196973
2025-09-01,RJE,NHS ENGLAND MIDLANDS,UNIVERSITY HOSPITALS OF NORTH MIDLANDS NHS TRUST,14776,23379,7469,7615,1062,1003,0.6742803370546216,0.49451813752030316
2025-09-01,RJL,NHS ENGLAND NORTH EAST AND YORKSHIRE,NORTHERN LINCOLNSHIRE AND GOOLE NHS FOUNDATION TRUST,9382,16458,4831,4873,745,689,0.7039129906428485,0.48507780856960137
2025-09-01,RJN,NHS ENGLAND NORTH WEST,EAST CHESHIRE NHS TRUST,4449,4449,2500,2500,245,385,0.4380759721285682,0.4380759721285682
2025-09-01,RJR,NHS ENGLAND NORTH WEST,COUNTESS OF CHESTER HOSPITAL NHS FOUNDATION TRUST,5335,7756,2746,2933,368,747,0.621841155234657,0.48528584817244613
2025-09-01,RJZ,NHS ENGLAND LONDON,KING'S COLLEGE HOSPITAL NHS FOUNDATION TRUST,15522,24637,7143,7846,1604,664,0.6815359012866826,0.539814456899884
2025-09-01,RK5,NHS ENGLAND MIDLANDS,SHERWOOD FOREST HOSPITALS NHS FOUNDATION TRUST,10728,15955,4743,5098,832,204,0.6804763397054214,0.5578859060402684
2025-09-01,RK9,NHS ENGLAND SOUTH WEST,UNIVERSITY HOSPITALS PLYMOUTH NHS TRUST,8381,15857,4936,5021,538,667,0.6833575077252948,0.411048800859086
2025-09-01,RKB,NHS ENGLAND MIDLANDS,UNIVERSITY HOSPITALS COVENTRY AND WARWICKSHIRE NHS TRUST,12527,19760,5074,5201,57,14,0.7367914979757084,0.5949548974215695
2025-09-01,RKE,NHS ENGLAND LONDON,WHITTINGTON HEALTH NHS TRUST,8812,8812,2582,2582,261,261,0.7069904675442578,0.7069904675442578
2025-09-01,RL1,NHS ENGLAND MIDLANDS,THE ROBERT JONES AND AGNES HUNT ORTHOPAEDIC HOSPITAL NHS FOUNDATION TRUST,0,0,0,0,0,0,,
2025-09-01,RL4,NHS ENGLAND MIDLANDS,THE ROYAL WOLVERHAMPTON NHS TRUST,10776,16403,3134,3241,556,486,0.8024141925257575,0.7091685226429102
2025-09-01,RLQ,NHS ENGLAND MIDLANDS,WYE VALLEY NHS TRUST,5972,7257,2510,2510,443,274,0.6541270497450737,0.5797052913596785
2025-09-01,RLT,NHS ENGLAND MIDLANDS,GEORGE ELIOT HOSPITAL NHS TRUST,6824,8451,1973,1990,256,499,0.7645249082948764,0.710873388042204
2025-09-01,RM1,NHS ENGLAND EAST OF ENGLAND,NORFOLK AND NORWICH UNIVERSITY HOSPITALS NHS FOUNDATION TRUST,12782,20057,3924,3929,616,145,0.8041082913695967,0.6930057893913315
2025-09-01,RM3,NHS ENGLAND NORTH WEST,NORTHERN CARE ALLIANCE NHS FOUNDATION TRUST,26117,35908,9870,10271,1017,1095,0.7139634621811295,0.6220852318413295
2025-09-01,RMC,NHS ENGLAND NORTH WEST,BOLTON NHS FOUNDATION TRUST,8141,11887,3816,4085,536,213,0.6563472701270295,0.5312615157843017
2025-09-01,RMP,NHS ENGLAND NORTH WEST,TAMESIDE AND GLOSSOP INTEGRATED CARE NHS FOUNDATION TRUST,8516,10895,3902,3944,405,650,0.6379990821477742,0.5418036636918742
2025-09-01,RN3,NHS ENGLAND SOUTH WEST,GREAT WESTERN HOSPITALS NHS FOUNDATION TRUST,5928,11449,3032,3630,692,266,0.6829417416368242,0.48852901484480427
2025-09-01,RN5,NHS ENGLAND SOUTH EAST,HAMPSHIRE HOSPITALS NHS FOUNDATION TRUST,10808,14294,4547,4701,186,17,0.6711207499650202,0.5792931162102146
2025-09-01,RN7,NHS ENGLAND SOUTH EAST,DARTFORD AND GRAVESHAM NHS TRUST,11172,14983,2488,2507,620,129,0.8326770339718348,0.7773003938417472
2025-09-01,RNA,NHS ENGLAND MIDLANDS,THE DUDLEY GROUP NHS FOUNDATION TRUST,9774,13624,3028,3074,2415,135,0.7743687610099824,0.6901984857785963
2025-09-01,RNN,NHS ENGLAND NORTH EAST AND YORKSHIRE,NORTH CUMBRIA INTEGRATED CARE NHS FOUNDATION TRUST,8864,10851,4042,4051,647,277,0.6266703529628606,0.5439981949458483
2025-09-01,RNQ,NHS ENGLAND MIDLANDS,KETTERING GENERAL HOSPITAL NHS FOUNDATION TRUST,9876,17993,3536,3611,759,438,0.7993108431056521,0.6419603078169299
2025-09-01,RNS,NHS ENGLAND MIDLANDS,NORTHAMPTON GENERAL HOSPITAL NHS TRUST,10254,12874,4221,4344,603,628,0.6625757340375952,0.588355763604447
2025-09-01,RNU,NHS ENGLAND SOUTH EAST,OXFORD HEALTH NHS FOUNDATION TRUST,0,4426,0,245,0,0,0.9446452779032987,
2025-09-01,RNZ,NHS ENGLAND SOUTH WEST,SALISBURY NHS FOUNDATION TRUST,4822,6845,2233,2233,418,78,0.6737764791818845,0.5369141435089175
2025-09-01,RP5,NHS ENGLAND NORTH EAST AND YORKSHIRE,DONCASTER AND BASSETLAW TEACHING HOSPITALS NHS FOUNDATION TRUST,13811,17953,5411,5417,1194,162,0.698267698991812,0.6082108464267613
2025-09-01,RP6,NHS ENGLAND LONDON,MOORFIELDS EYE HOSPITAL NHS FOUNDATION TRUST,0,5657,0,159,0,0,0.9718932296270107,
2025-09-01,RPA,NHS ENGLAND SOUTH EAST,MEDWAY NHS FOUNDATION TRUST,9817,15791,3316,4110,369,630,0.7397251599012096,0.6622186003870836
2025-09-01,RPC,NHS ENGLAND SOUTH EAST,QUEEN VICTORIA HOSPITAL NHS FOUNDATION TRUST,0,1342,0,25,0,0,0.981371087928465,
2025-09-01,RQ3,NHS ENGLAND MIDLANDS,BIRMINGHAM WOMEN'S AND CHILDREN'S NHS FOUNDATION TRUST,4565,4565,611,611,20,2,0.8661555312157722,0.8661555312157722
2025-09-01,RQM,NHS ENGLAND LONDON,CHELSEA AND WESTMINSTER HOSPITAL NHS FOUNDATION TRUST,19591,25693,5703,5838,937,46,0.7727785778227533,0.7088969424735848
2025-09-01,RQW,NHS ENGLAND EAST OF ENGLAND,THE PRINCESS ALEXANDRA HOSPITAL NHS TRUST,8343,10269,2187,2187,547,279,0.7870289219982471,0.7378640776699029
2025-09-01,RQX,NHS ENGLAND LONDON,HOMERTON HEALTHCARE NHS FOUNDATION TRUST,10890,10890,1947,1947,168,28,0.8212121212121212,0.8212121212121212
2025-09-01,RR7,NHS ENGLAND NORTH EAST AND YORKSHIRE,GATESHEAD HEALTH NHS FOUNDATION TRUST,5635,9698,2161,2185,643,2,0.7746958135698082,0.6165039929015084
2025-09-01,RR8,NHS ENGLAND NORTH EAST AND YORKSHIRE,LEEDS TEACHING HOSPITALS NHS TRUST,17702,29525,6911,7064,1435,552,0.7607451312447079,0.6095921364817535
2025-09-01,RRF,NHS ENGLAND NORTH WEST,"WRIGHTINGTON, WIGAN AND LEIGH NHS FOUNDATION TRUST",7389,12330,3087,3128,640,439,0.7463098134630981,0.582216808769793
2025-09-01,RRK,NHS ENGLAND MIDLANDS,UNIVERSITY HOSPITALS BIRMINGHAM NHS FOUNDATION TRUST,34990,38617,13697,13754,2739,1692,0.6438356164383562,0.608545298656759
2025-09-01,RRV,NHS ENGLAND LONDON,UNIVERSITY COLLEGE LONDON HOSPITALS NHS FOUNDATION TRUST,13081,13081,4117,4117,444,194,0.685268710343246,0.685268710343246
2025-09-01,RTD,NHS ENGLAND NORTH EAST AND YORKSHIRE,THE NEWCASTLE UPON TYNE HOSPITALS NHS FOUNDATION TRUST,12773,20752,5163,5242,541,12,0.7473978411719353,0.5957879902920222
2025-09-01,RTE,NHS ENGLAND SOUTH WEST,GLOUCESTERSHIRE HOSPITALS NHS FOUNDATION TRUST,13772,13772,5165,5165,502,281,0.6249636944525123,0.6249636944525123
2025-09-01,RTF,NHS ENGLAND NORTH EAST AND YORKSHIRE,NORTHUMBRIA HEALTHCARE NHS FOUNDATION TRUST,10222,23582,2584,2588,18,0,0.8902552794504283,0.7472118959107807
2025-09-01,RTG,NHS ENGLAND MIDLANDS,UNIVERSITY HOSPITALS OF DERBY AND BURTON NHS FOUNDATION TRUST,18343,27367,8755,8755,918,557,0.6800891584755362,0.5227062094531973
2025-09-01,RTH,NHS ENGLAND SOUTH EAST,OXFORD UNIVERSITY HOSPITALS NHS FOUNDATION TRUST,12153,17252,3679,3752,397,3,0.7825179689311385,0.6972763926602485
2025-09-01,RTK,NHS ENGLAND SOUTH EAST,ASHFORD AND ST PETER'S HOSPITALS NHS FOUNDATION TRUST,7056,9829,3397,3420,518,299,0.6520500559568623,0.5185657596371882
2025-09-01,RTP,NHS ENGLAND SOUTH EAST,SURREY AND SUSSEX HEALTHCARE NHS TRUST,10355,10355,3916,3916,569,441,0.6218252052148721,0.6218252052148721
2025-09-01,RTQ,NHS ENGLAND SOUTH WEST,GLOUCESTERSHIRE HEALTH AND CARE NHS FOUNDATION TRUST,0,8097,0,141,0,0,0.9825861430159318,
2025-09-01,RTR,NHS ENGLAND NORTH EAST AND YORKSHIRE,SOUTH TEES HOSPITALS NHS FOUNDATION TRUST,7342,16562,3918,4249,348,28,0.7434488588334742,0.46635794061563607
2025-09-01,RTX,NHS ENGLAND NORTH WEST,UNIVERSITY HOSPITALS OF MORECAMBE BAY NHS FOUNDATION TRUST,9043,11767,3480,3542,631,591,0.6989886972040452,0.6151719562092226
2025-09-01,RV9,NHS ENGLAND NORTH EAST AND YORKSHIRE,HUMBER TEACHING NHS FOUNDATION TRUST,0,1116,0,9,0,0,0.9919354838709677,
2025-09-01,RVJ,NHS ENGLAND SOUTH WEST,NORTH BRISTOL NHS TRUST,9147,9147,3238,3238,570,197,0.6460041543675522,0.6460041543675522
2025-09-01,RVR,NHS ENGLAND LONDON,EPSOM AND ST HELIER UNIVERSITY HOSPITALS NHS TRUST,10989,13357,3292,3487,871,778,0.7389383843677473,0.7004277004277004
2025-09-01,RVV,NHS ENGLAND SOUTH EAST,EAST KENT HOSPITALS UNIVERSITY NHS FOUNDATION TRUST,12369,25128,5916,6227,519,1172,0.7521887933779051,0.5217074945428086
2025-09-01,RVW,NHS ENGLAND NORTH EAST AND YORKSHIRE,NORTH TEES AND HARTLEPOOL NHS FOUNDATION TRUST,4801,15810,2574,2627,221,26,0.8338393421884883,0.46386169548010836
2025-09-01,RW1,NHS ENGLAND SOUTH EAST,HAMPSHIRE AND ISLE OF WIGHT HEALTHCARE NHS FOUNDATION TRUST,0,2793,0,64,0,0,0.9770855710705335,
2025-09-01,RW4,NHS ENGLAND NORTH WEST,MERSEY CARE NHS FOUNDATION TRUST,0,13214,0,235,0,0,0.9822158316936582,
2025-09-01,RWA,NHS ENGLAND NORTH EAST AND YORKSHIRE,HULL UNIVERSITY TEACHING HOSPITALS NHS TRUST,9658,14140,5594,5874,972,600,0.5845827439886846,0.4207910540484573
2025-09-01,RWD,NHS ENGLAND MIDLANDS,UNITED LINCOLNSHIRE TEACHING HOSPITALS NHS TRUST,16570,20466,6887,7154,985,946,0.6504446398905501,0.5843693421846711
2025-09-01,RWE,NHS ENGLAND MIDLANDS,UNIVERSITY HOSPITALS OF LEICESTER NHS TRUST,21979,24129,8933,9124,1336,619,0.6218658046334287,0.5935665862869102
2025-09-01,RWF,NHS ENGLAND SOUTH EAST,MAIDSTONE AND TUNBRIDGE WELLS NHS TRUST,19916,22021,4113,4182,839,96,0.8100903682848191,0.7934826270335409
2025-09-01,RWG,NHS ENGLAND EAST OF ENGLAND,WEST HERTFORDSHIRE TEACHING HOSPITALS NHS TRUST,7950,15649,2427,2531,627,26,0.8382644258419069,0.6947169811320755
2025-09-01,RWH,NHS ENGLAND EAST OF ENGLAND,EAST AND NORTH HERTFORDSHIRE TEACHING NHS TRUST,8701,16996,4036,4137,351,96,0.7565897858319605,0.536145270658545
2025-09-01,RWJ,NHS ENGLAND NORTH WEST,STOCKPORT NHS FOUNDATION TRUST,7974,8984,3249,3291,687,324,0.6336821015138023,0.59255079006772
2025-09-01,RWP,NHS ENGLAND MIDLANDS,WORCESTERSHIRE ACUTE HOSPITALS NHS TRUST,13774,19718,7203,7289,1068,1160,0.6303377624505528,0.4770582256425149
2025-09-01,RWW,NHS ENGLAND NORTH WEST,WARRINGTON AND HALTON TEACHING HOSPITALS NHS FOUNDATION TRUST,6814,9769,3428,3474,534,891,0.6443853004401678,0.49691810977399475
2025-09-01,RWX,NHS ENGLAND SOUTH EAST,BERKSHIRE HEALTHCARE NHS FOUNDATION TRUST,0,1480,0,10,0,0,0.9932432432432432,
2025-09-01,RWY,NHS ENGLAND NORTH EAST AND YORKSHIRE,CALDERDALE AND HUDDERSFIELD NHS FOUNDATION TRUST,16024,16024,2314,2314,874,9,0.8555916125811283,0.8555916125811283
2025-09-01,RX1,NHS ENGLAND MIDLANDS,NOTTINGHAM UNIVERSITY HOSPITALS NHS TRUST,12732,14874,6930,7072,255,634,0.5245394648379723,0.45570216776625827
2025-09-01,RXC,NHS ENGLAND SOUTH EAST,EAST SUSSEX HEALTHCARE NHS TRUST,8997,11481,3277,3308,185,19,0.711871788171762,0.6357674780482383
2025-09-01,RXF,NHS ENGLAND NORTH EAST AND YORKSHIRE,MID YORKSHIRE TEACHING NHS TRUST,16641,23101,6123,6273,1711,76,0.7284533137093632,0.6320533621777538
2025-09-01,RXG,NHS ENGLAND NORTH EAST AND YORKSHIRE,SOUTH WEST YORKSHIRE PARTNERSHIP NHS FOUNDATION TRUST,0,0,0,0,0,0,,
2025-09-01,RXK,NHS ENGLAND MIDLANDS,SANDWELL AND WEST BIRMINGHAM HOSPITALS NHS TRUST,11092,20276,4432,4749,894,299,0.7657822055632275,0.6004327443202309
2025-09-01,RXL,NHS ENGLAND NORTH WEST,BLACKPOOL TEACHING HOSPITALS NHS FOUNDATION TRUST,8782,18504,4275,4349,729,415,0.7649697362732382,0.5132088362559781
2025-09-01,RXN,NHS ENGLAND NORTH WEST,LANCASHIRE TEACHING HOSPITALS NHS FOUNDATION TRUST,12119,15135,4631,4732,1109,465,0.6873472084572183,0.6178727617790247
2025-09-01,RXP,NHS ENGLAND NORTH EAST AND YORKSHIRE,COUNTY DURHAM AND DARLINGTON NHS FOUNDATION TRUST,12654,16701,4903,4903,1789,42,0.7064247649841326,0.6125335862177967
2025-09-01,RXQ,NHS ENGLAND SOUTH EAST,BUCKINGHAMSHIRE HEALTHCARE NHS TRUST,10740,14984,4079,4177,195,337,0.7212359850507208,0.6202048417132215
2025-09-01,RXR,NHS ENGLAND NORTH WEST,EAST LANCASHIRE HOSPITALS NHS TRUST,13452,24194,4441,4968,365,978,0.7946598330164504,0.6698632173654475
2025-09-01,RXW,NHS ENGLAND MIDLANDS,THE SHREWSBURY AND TELFORD HOSPITAL NHS TRUST,10459,12966,5685,5997,392,1492,0.537482646922721,0.45644899129935945
2025-09-01,RY2,NHS ENGLAND NORTH WEST,BRIDGEWATER COMMUNITY HEALTHCARE NHS FOUNDATION TRUST,0,2781,0,52,0,0,0.9813016900395541,
2025-09-01,RY4,NHS ENGLAND EAST OF ENGLAND,HERTFORDSHIRE COMMUNITY NHS TRUST,0,1169,0,67,0,0,0.9426860564585116,
2025-09-01,RY5,NHS ENGLAND MIDLANDS,LINCOLNSHIRE COMMUNITY HEALTH SERVICES NHS TRUST,0,8314,0,187,0,0,0.9775078181380803,
2025-09-01,RY7,NHS ENGLAND NORTH WEST,WIRRAL COMMUNITY HEALTH AND CARE NHS FOUNDATION TRUST,0,4025,0,218,0,0,0.9458385093167702,
2025-09-01,RY8,NHS ENGLAND MIDLANDS,DERBYSHIRE COMMUNITY HEALTH SERVICES NHS FOUNDATION TRUST,0,7613,0,213,0,0,0.9720215420990411,
2025-09-01,RYF,NHS ENGLAND SOUTH WEST,SOUTH WESTERN AMBULANCE SERVICE NHS FOUNDATION TRUST,0,1871,0,40,0,0,0.9786210582576162,
2025-09-01,RYG,NHS ENGLAND MIDLANDS,COVENTRY AND WARWICKSHIRE PARTNERSHIP NHS TRUST,0,0,0,0,0,0,,
2025-09-01,RYJ,NHS ENGLAND LONDON,IMPERIAL COLLEGE HEALTHCARE NHS TRUST,11866,22799,5300,5830,588,0,0.7442870301329005,0.553345693578291
2025-09-01,RYR,NHS ENGLAND SOUTH EAST,UNIVERSITY HOSPITALS SUSSEX NHS FOUNDATION TRUST,26515,29780,10655,10908,754,589,0.6337139019476159,0.5981519894399396
2025-09-01,RYX,NHS ENGLAND LONDON,CENTRAL LONDON COMMUNITY HEALTHCARE NHS TRUST,0,11653,0,170,0,0,0.985411482021797,
2025-09-01,RYY,NHS ENGLAND SOUTH EAST,KENT COMMUNITY HEALTH NHS FOUNDATION TRUST,0,6480,0,22,0,0,0.9966049382716049,
2025-09-01,Y00751,NHS ENGLAND SOUTH EAST,EAST BERKS PRIMARY CARE OOH(WAM),0,0,0,0,0,0,,
2025-09-01,Y02147,NHS ENGLAND LONDON,URGENT CARE CENTRE (QMS),0,7801,0,123,0,0,0.9842327906678631,
2025-09-01,Y02428,NHS ENGLAND EAST OF ENGLAND,PUTNOE WALK IN CENTRE,0,2266,0,0,0,0,1.0,
2025-09-01,Y02532,NHS ENGLAND NORTH WEST,MIRIAM MINOR EMERGENCY,0,1605,0,0,0,0,1.0,
2025-09-01,Y02615,NHS ENGLAND MIDLANDS,SOUTH BIRMINGHAM GP WALK IN CENTRE,0,6084,0,0,0,0,1.0,
2025-09-01,Y02676,NHS ENGLAND SOUTH EAST,BRIGHTON STATION HEALTH CENTRE,0,1825,0,0,0,0,1.0,
2025-09-01,Y03007,NHS ENGLAND MIDLANDS,ERDINGTON GP HEALTH & WELLBEING WIC,0,0,0,0,0,0,,
2025-09-01,Y03218,NHS ENGLAND LONDON,THE PINN UNREGISTERED WIC,0,1044,0,0,0,0,1.0,
2025-10-01,8J094,NHS ENGLAND MIDLANDS,BADGER LTD,0,0,0,0,0,0,,
2025-10-01,AAH,NHS ENGLAND SOUTH WEST,TETBURY HOSPITAL TRUST LTD,0,609,0,0,0,0,1.0,
2025-10-01,ACH01,NHS ENGLAND SOUTH EAST,WHITSTABLE MEDICAL PRACTICE,0,4944,0,0,0,0,1.0,
2025-10-01,AD913,NHS ENGLAND LONDON,BECKENHAM BEACON UCC,0,3456,0,11,0,0,0.9968171296296297,
2025-10-01,AJN,NHS ENGLAND NORTH EAST AND YORKSHIRE,WORKINGTON HEALTH LIMITED,0,436,0,0,0,0,1.0,
2025-10-01,AQM01,NHS ENGLAND SOUTH EAST,FAVERSHAM MEDICAL PRACTICE MIU,0,2943,0,0,0,0,1.0,
2025-10-01,AQN04,NHS ENGLAND SOUTH EAST,PHL LYMINGTON UTC,0,2858,0,12,0,0,0.9958012596221134,
2025-10-01,ARN03,NHS ENGLAND NORTH EAST AND YORKSHIRE,LOCAL CARE DIRECT,0,2371,0,9,0,0,0.9962041332770982,
2025-10-01,C82009,NHS ENGLAND MIDLANDS,MARKET HARBOROUGH MED.CTR,0,412,0,0,0,0,1.0,
2025-10-01,C82038,NHS ENGLAND MIDLANDS,LATHAM HOUSE MEDICAL PRACTICE,0,362,0,0,0,0,1.0,
2025-10-01,C83023,NHS ENGLAND MIDLANDS,SLEAFORD MEDICAL GROUP,0,501,0,0,0,0,1.0,
2025-10-01,DJV01,NHS ENGLAND SOUTH EAST,HERNE BAY HEALTH CARE LTD,0,2567,0,0,0,0,1.0,
2025-10-01,DT301,NHS ENGLAND EAST OF ENGLAND,HERTS URGENT CARE (ASCOTS LANE),0,2189,0,100,0,0,0.9543170397441754,
2025-10-01,G0Q0L,NHS ENGLAND LONDON,BARKING HOSPITAL UTC,0,2914,0,9,0,0,0.9969114619080301,
2025-10-01,G3P9C,NHS ENGLAND SOUTH WEST,TROWBRIDGE MINOR INJURIES UNIT,0,889,0,1,0,0,0.9988751406074241,
2025-10-01,K6K0R,NHS ENGLAND LONDON,HAROLD WOOD POLYCLINIC UTC,0,2792,0,6,0,0,0.9978510028653295,
2025-10-01,L83087,NHS ENGLAND SOUTH WEST,OKEHAMPTON MEDICAL CENTRE,0,88,0,0,0,0,1.0,
2025-10-01,NDJ,NHS ENGLAND SOUTH EAST,FIRST COMMUNITY HEALTH AND CARE CIC,0,2218,0,8,0,0,0.9963931469792606,
2025-10-01,NL7,NHS ENGLAND MIDLANDS,ASSURA VERTIS URGENT CARE CENTRES (BIRMINGHAM),0,3565,0,0,0,0,1.0,
2025-10-01,NLX,NHS ENGLAND SOUTH WEST,SIRONA CARE & HEALTH,0,8430,0,328,0,0,0.961091340450771,
2025-10-01,NNF09,NHS ENGLAND NORTH EAST AND YORKSHIRE,BRANSHOLME HEALTH CENTRE,0,3696,0,373,0,0,0.8990800865800865,
2025-10-01,NNF16,NHS ENGLAND NORTH EAST AND YORKSHIRE,BRIDLINGTON HOSPITAL,0,1455,0,33,0,0,0.977319587628866,
2025-10-01,NNF94,NHS ENGLAND NORTH EAST AND YORKSHIRE,EAST RIDING COMMUNITY HOSPITAL,0,2680,0,75,0,0,0.9720149253731343,
2025-10-01,NNFA7,NHS ENGLAND NORTH EAST AND YORKSHIRE,GOOLE & DISTRICT HOSPITAL,0,1707,0,7,0,0,0.9958992384299942,
2025-10-01,NNJ,NHS ENGLAND MIDLANDS,DHU HEALTH CARE C.I.C,0,1869,0,2,0,0,0.9989299090422686,
2025-10-01,NNJ07,NHS ENGLAND MIDLANDS,LOUGHBOROUGH URGENT CARE CENTRE,0,0,0,0,0,0,,
2025-10-01,NNJ0H,NHS ENGLAND MIDLANDS,LLR EA - THE MERLYN VAZ HEALTH & SOCIAL CARE CENTRE,0,329,0,3,0,0,0.9908814589665653,
2025-10-01,NNJ12,NHS ENGLAND MIDLANDS,MARKET HARBOROUGH,0,89,0,0,0,0,1.0,
2025-10-01,NNJ13,NHS ENGLAND MIDLANDS,MELTON MOWBRAY,0,54,0,0,0,0,1.0,
2025-10-01,NNJ14,NHS ENGLAND MIDLANDS,OADBY,0,534,0,0,0,0,1.0,
2025-10-01,NNJ15,NHS ENGLAND MIDLANDS,OAKHAM,0,53,0,0,0,0,1.0,
2025-10-01,NQT1I,NHS ENGLAND SOUTH WEST,CHIPPENHAM COMMUNITY HOSPITAL,0,1645,0,12,0,0,0.9927051671732523,
2025-10-01,NQT5F,NHS ENGLAND NORTH WEST,SKELMERSDALE WALK IN CENTRE,0,1718,0,24,0,0,0.9860302677532014,
2025-10-01,NQT5H,NHS ENGLAND SOUTH WEST,PAULTON MEMORIAL HOSPITAL,0,1130,0,5,0,0,0.995575221238938,
2025-10-01,NQTE4,NHS ENGLAND MIDLANDS,SUMMERFIELD URGENT CARE CENTRE,0,3324,0,0,0,0,1.0,
2025-10-01,NTP11,NHS ENGLAND SOUTH EAST,PRACTICE PLUS GROUP HOSPITAL - SOUTHAMPTON,0,5502,0,113,0,0,0.9794620138131589,
2025-10-01,NTPAD,NHS ENGLAND SOUTH EAST,PRACTICE PLUS GROUP SURGICAL CENTRE - ST MARYS PORTSMOUTH,0,5220,0,514,0,0,0.9015325670498084,
2025-10-01,NTV0B,NHS ENGLAND SOUTH EAST,ASHFORD WALK-IN-CENTRE,0,2427,0,28,0,0,0.988463123197363,
2025-10-01,NTV0W,NHS ENGLAND SOUTH EAST,WOKING WALK IN CENTRE,0,2622,0,64,0,0,0.9755911517925248,
2025-10-01,NV693,NHS ENGLAND NORTH WEST,ROSSENDALE MIU & OOH,0,1009,0,0,0,0,1.0,
2025-10-01,NVE43,NHS ENGLAND SOUTH EAST,HASTINGS GP LED HEALTH CENTRE,0,1012,0,0,0,0,1.0,
2025-10-01,R0A,NHS ENGLAND NORTH WEST,MANCHESTER UNIVERSITY NHS FOUNDATION TRUST,27673,42050,11350,11839,3619,85,0.7184542211652793,0.5898529252339826
2025-10-01,R0B,NHS ENGLAND NORTH EAST AND YORKSHIRE,SOUTH TYNESIDE AND SUNDERLAND NHS FOUNDATION TRUST,11600,18751,5505,5755,865,2,0.6930830355714361,0.5254310344827586
2025-10-01,R0D,NHS ENGLAND SOUTH WEST,UNIVERSITY HOSPITALS DORSET NHS FOUNDATION TRUST,14481,19291,6026,6026,1171,434,0.6876263542584624,0.583868517367585
2025-10-01,R1D,NHS ENGLAND MIDLANDS,SHROPSHIRE COMMUNITY HEALTH NHS TRUST,0,3152,0,24,0,0,0.9923857868020305,
2025-10-01,R1F,NHS ENGLAND SOUTH EAST,ISLE OF WIGHT NHS TRUST,4287,6257,1661,1753,256,164,0.7198337861595013,0.6125495684627945
2025-10-01,R1H,NHS ENGLAND LONDON,BARTS HEALTH NHS TRUST,26298,46336,11870,13902,1062,1241,0.6999741022099448,0.5486348771769716
2025-10-01,R1K,NHS ENGLAND LONDON,LONDON NORTH WEST UNIVERSITY HEALTHCARE NHS TRUST,14426,30537,7089,8380,677,446,0.7255788060385762,0.5085955912934979
2025-10-01,RA2,NHS ENGLAND SOUTH EAST,ROYAL SURREY NHS FOUNDATION TRUST,6976,8855,2548,2548,508,12,0.7122529644268775,0.6347477064220184
2025-10-01,RA7,NHS ENGLAND SOUTH WEST,UNIVERSITY HOSPITALS BRISTOL AND WESTON NHS FOUNDATION TRUST,16671,19238,6315,6423,1187,562,0.6661295352947292,0.6211984883930178
2025-10-01,RA9,NHS ENGLAND SOUTH WEST,TORBAY AND SOUTH DEVON NHS FOUNDATION TRUST,6886,10157,3222,3244,185,35,0.6806143546322734,0.5320941039790881
2025-10-01,RAE,NHS ENGLAND NORTH EAST AND YORKSHIRE,BRADFORD TEACHING HOSPITALS NHS FOUNDATION TRUST,9468,13743,2265,2265,593,113,0.8351888234010041,0.7607731305449936
2025-10-01,RAJ,NHS ENGLAND EAST OF ENGLAND,MID AND SOUTH ESSEX NHS FOUNDATION TRUST,27691,35360,9186,9316,2393,610,0.7365384615384616,0.6682676681954426
2025-10-01,RAL,NHS ENGLAND LONDON,ROYAL FREE LONDON NHS FOUNDATION TRUST,27391,43876,9137,9843,899,2109,0.775663232746832,0.6664232777189587
2025-10-01,RAN,NHS ENGLAND LONDON,ROYAL NATIONAL ORTHOPAEDIC HOSPITAL NHS TRUST,0,0,0,0,0,0,,
2025-10-01,RAS,NHS ENGLAND LONDON,THE HILLINGDON HOSPITALS NHS FOUNDATION TRUST,5359,12190,2771,2829,516,42,0.7679245283018867,0.4829259190147416
2025-10-01,RAT,NHS ENGLAND LONDON,NORTH EAST LONDON NHS FOUNDATION TRUST,0,1899,0,36,0,0,0.981042654028436,
2025-10-01,RAX,NHS ENGLAND LONDON,KINGSTON AND RICHMOND NHS FOUNDATION TRUST,7042,15595,3867,4232,218,579,0.7286309714652133,0.4508662311843227
2025-10-01,RBD,NHS ENGLAND SOUTH WEST,DORSET COUNTY HOSPITAL NHS FOUNDATION TRUST,4757,4757,1564,1564,192,80,0.6712213579987387,0.6712213579987387
2025-10-01,RBK,NHS ENGLAND MIDLANDS,WALSALL HEALTHCARE NHS TRUST,9963,14391,3596,3701,945,279,0.7428253769717184,0.6390645387935361
2025-10-01,RBL,NHS ENGLAND NORTH WEST,WIRRAL UNIVERSITY TEACHING HOSPITAL NHS FOUNDATION TRUST,8314,11129,4670,4788,646,822,0.5697726660077276,0.43829684868895835
2025-10-01,RBN,NHS ENGLAND NORTH WEST,MERSEY AND WEST LANCASHIRE TEACHING HOSPITALS NHS TRUST,18638,26014,7006,7072,515,508,0.7281463827169985,0.6241012984225776
2025-10-01,RBQ,NHS ENGLAND NORTH WEST,LIVERPOOL HEART AND CHEST HOSPITAL NHS FOUNDATION TRUST,0,0,0,0,0,0,,
2025-10-01,RBS,NHS ENGLAND NORTH WEST,ALDER HEY CHILDREN'S NHS FOUNDATION TRUST,6441,6441,841,841,0,0,0.8694302126998913,0.8694302126998913
2025-10-01,RBT,NHS ENGLAND NORTH WEST,MID CHESHIRE HOSPITALS NHS FOUNDATION TRUST,7318,10268,4048,4052,471,510,0.6053759252045189,0.4468433998360207
2025-10-01,RBV,NHS ENGLAND NORTH WEST,THE CHRISTIE NHS FOUNDATION TRUST,0,0,0,0,0,0,,
2025-10-01,RC9,NHS ENGLAND EAST OF ENGLAND,BEDFORDSHIRE HOSPITALS NHS FOUNDATION TRUST,17663,26212,7164,7164,82,40,0.7266900656188006,0.5944063862311046
2025-10-01,RCB,NHS ENGLAND NORTH EAST AND YORKSHIRE,YORK AND SCARBOROUGH TEACHING HOSPITALS NHS FOUNDATION TRUST,11343,19632,5778,6145,945,628,0.6869906275468622,0.4906109494842634
2025-10-01,RCD,NHS ENGLAND NORTH EAST AND YORKSHIRE,HARROGATE AND DISTRICT NHS FOUNDATION TRUST,5321,6384,1651,1653,135,6,0.7410714285714286,0.6897199774478482
2025-10-01,RCF,NHS ENGLAND NORTH EAST AND YORKSHIRE,AIREDALE NHS FOUNDATION TRUST,6305,6560,2412,2412,517,139,0.6323170731707317,0.6174464710547185
2025-10-01,RCU,NHS ENGLAND NORTH EAST AND YORKSHIRE,SHEFFIELD CHILDREN'S NHS FOUNDATION TRUST,4674,5260,356,356,8,0,0.932319391634981,0.9238339751818571
2025-10-01,RCX,NHS ENGLAND EAST OF ENGLAND,"THE QUEEN ELIZABETH HOSPITAL, KING'S LYNN, NHS FOUNDATION TRUST",6549,7806,2593,2593,309,148,0.6678196259287728,0.6040616888074515
2025-10-01,RD1,NHS ENGLAND SOUTH WEST,ROYAL UNITED HOSPITALS BATH NHS FOUNDATION TRUST,9562,9562,4229,4229,982,112,0.5577285086801924,0.5577285086801924
2025-10-01,RD8,NHS ENGLAND EAST OF ENGLAND,MILTON KEYNES UNIVERSITY HOSPITAL NHS FOUNDATION TRUST,8428,13650,3454,3497,706,0,0.7438095238095238,0.5901756051257712
2025-10-01,RDE,NHS ENGLAND EAST OF ENGLAND,EAST SUFFOLK AND NORTH ESSEX NHS FOUNDATION TRUST,11567,24855,6210,7423,819,556,0.7013478173405754,0.4631278637503242
2025-10-01,RDR,NHS ENGLAND SOUTH EAST,SUSSEX COMMUNITY NHS FOUNDATION TRUST,0,11779,0,173,0,0,0.9853128448934545,
2025-10-01,RDU,NHS ENGLAND SOUTH EAST,FRIMLEY HEALTH NHS FOUNDATION TRUST,23647,37369,9661,9883,1387,492,0.7355294495437394,0.5914492324607772
2025-10-01,RDY,NHS ENGLAND SOUTH WEST,DORSET HEALTHCARE UNIVERSITY NHS FOUNDATION TRUST,0,0,0,0,0,0,,
2025-10-01,REF,NHS ENGLAND SOUTH WEST,ROYAL CORNWALL HOSPITALS NHS TRUST,6727,18281,3087,3613,431,626,0.8023631092391007,0.5411030176899063
2025-10-01,REM,NHS ENGLAND NORTH WEST,LIVERPOOL UNIVERSITY HOSPITALS NHS FOUNDATION TRUST,17001,27558,8937,9383,1439,962,0.6595181072646781,0.4743250397035469
2025-10-01,REP,NHS ENGLAND NORTH WEST,LIVERPOOL WOMEN'S NHS FOUNDATION TRUST,0,1601,0,267,0,0,0.8332292317301686,
2025-10-01,RET,NHS ENGLAND NORTH WEST,THE WALTON CENTRE NHS FOUNDATION TRUST,0,0,0,0,0,0,,
2025-10-01,RF4,NHS ENGLAND LONDON,"BARKING, HAVERING AND REDBRIDGE UNIVERSITY HOSPITALS NHS TRUST",14159,31072,6429,6900,690,949,0.7779351184346035,0.5459425100642701
2025-10-01,RFF,NHS ENGLAND NORTH EAST AND YORKSHIRE,BARNSLEY HOSPITAL NHS FOUNDATION TRUST,9681,9681,3103,3103,422,0,0.6794752608201632,0.6794752608201632
2025-10-01,RFR,NHS ENGLAND NORTH EAST AND YORKSHIRE,THE ROTHERHAM NHS FOUNDATION TRUST,9550,9550,3062,3062,602,2,0.679371727748691,0.679371727748691
2025-10-01,RFS,NHS ENGLAND MIDLANDS,CHESTERFIELD ROYAL HOSPITAL NHS FOUNDATION TRUST,5372,10776,2895,3152,963,276,0.7074981440237564,0.46109456440804175
2025-10-01,RGN,NHS ENGLAND EAST OF ENGLAND,NORTH WEST ANGLIA NHS FOUNDATION TRUST,15528,20324,5883,5979,560,945,0.7058157842944301,0.6211360123647605
2025-10-01,RGP,NHS ENGLAND EAST OF ENGLAND,JAMES PAGET UNIVERSITY HOSPITALS NHS FOUNDATION TRUST,7429,8715,2542,2542,519,363,0.7083189902467011,0.6578274330327096
2025-10-01,RGR,NHS ENGLAND EAST OF ENGLAND,WEST SUFFOLK NHS FOUNDATION TRUST,7944,8674,2673,2673,511,406,0.6918376758127738,0.6635196374622356
2025-10-01,RGT,NHS ENGLAND EAST OF ENGLAND,CAMBRIDGE UNIVERSITY HOSPITALS NHS FOUNDATION TRUST,11309,16643,4661,4709,546,568,0.7170582226762002,0.5878503846493943
2025-10-01,RH5,NHS ENGLAND SOUTH WEST,SOMERSET NHS FOUNDATION TRUST,12856,21216,6024,6163,610,207,0.7095116892911011,0.5314250155569384
2025-10-01,RH8,NHS ENGLAND SOUTH WEST,ROYAL DEVON UNIVERSITY HEALTHCARE NHS FOUNDATION TRUST,13317,17538,5806,5810,946,207,0.6687193522636561,0.5640159195013892
2025-10-01,RHM,NHS ENGLAND SOUTH EAST,UNIVERSITY HOSPITAL SOUTHAMPTON NHS FOUNDATION TRUST,12327,13651,5600,5678,583,13,0.5840597758405978,0.5457126632595116
2025-10-01,RHQ,NHS ENGLAND NORTH EAST AND YORKSHIRE,SHEFFIELD TEACHING HOSPITALS NHS FOUNDATION TRUST,8972,18054,4759,5169,1193,13,0.7136922565636423,0.4695720017833259
2025-10-01,RHU,NHS ENGLAND SOUTH EAST,PORTSMOUTH HOSPITALS UNIVERSITY NHS TRUST,11157,15340,4450,4493,784,1232,0.7071056062581487,0.6011472618087299
2025-10-01,RHW,NHS ENGLAND SOUTH EAST,ROYAL BERKSHIRE NHS FOUNDATION TRUST,11773,17112,4120,4220,691,13,0.7533894343151005,0.6500467170644695
2025-10-01,RJ1,NHS ENGLAND LONDON,GUY'S AND ST THOMAS' NHS FOUNDATION TRUST,10559,17514,3780,3972,129,94,0.7732100034258308,0.6420115541244436
2025-10-01,RJ2,NHS ENGLAND LONDON,LEWISHAM AND GREENWICH NHS TRUST,16150,32807,7660,8040,1253,652,0.7549303502301338,0.5256965944272446
2025-10-01,RJ6,NHS ENGLAND LONDON,CROYDON HEALTH SERVICES NHS TRUST,13542,18896,4873,4873,292,751,0.742114733276884,0.6401565499926156
2025-10-01,RJ7,NHS ENGLAND LONDON,ST GEORGE'S UNIVERSITY HOSPITALS NHS FOUNDATION TRUST,8936,12836,2633,2739,408,651,0.7866157681520722,0.7053491495076096
2025-10-01,RJ8,NHS ENGLAND SOUTH WEST,CORNWALL PARTNERSHIP NHS FOUNDATION TRUST,0,0,0,0,0,0,,
2025-10-01,RJC,NHS ENGLAND MIDLANDS,SOUTH WARWICKSHIRE UNIVERSITY NHS FOUNDATION TRUST,8934,9356,2584,2584,639,53,0.7238135955536554,0.7107678531452877
2025-10-01,RJE,NHS ENGLAND MIDLANDS,UNIVERSITY HOSPITALS OF NORTH MIDLANDS NHS TRUST,15284,24951,8226,8547,852,1384,0.6574485992545389,0.4617901073017535
2025-10-01,RJL,NHS ENGLAND NORTH EAST AND YORKSHIRE,NORTHERN LINCOLNSHIRE AND GOOLE NHS FOUNDATION TRUST,9779,17014,5154,5213,785,738,0.6936052662513225,0.4729522446057879
2025-10-01,RJN,NHS ENGLAND NORTH WEST,EAST CHESHIRE NHS TRUST,4646,4646,2459,2459,298,256,0.470727507533362,0.470727507533362
2025-10-01,RJR,NHS ENGLAND NORTH WEST,COUNTESS OF CHESTER HOSPITAL NHS FOUNDATION TRUST,5823,8054,2669,2849,565,530,0.6462627265954806,0.5416452000686931
2025-10-01,RJZ,NHS ENGLAND LONDON,KING'S COLLEGE HOSPITAL NHS FOUNDATION TRUST,16287,24965,6934,7292,1512,593,0.707911075505708,0.5742616810953521
2025-10-01,RK5,NHS ENGLAND MIDLANDS,SHERWOOD FOREST HOSPITALS NHS FOUNDATION TRUST,11208,16887,5069,5514,917,606,0.6734766388346065,0.547733761598858
2025-10-01,RK9,NHS ENGLAND SOUTH WEST,UNIVERSITY HOSPITALS PLYMOUTH NHS TRUST,8855,16598,5258,5323,647,528,0.6792987106880347,0.40621118012422364
2025-10-01,RKB,NHS ENGLAND MIDLANDS,UNIVERSITY HOSPITALS COVENTRY AND WARWICKSHIRE NHS TRUST,12851,20969,5414,5627,73,22,0.731651485526253,0.5787098280289471
2025-10-01,RKE,NHS ENGLAND LONDON,WHITTINGTON HEALTH NHS TRUST,9130,9130,2753,2753,248,296,0.6984665936473166,0.6984665936473166
2025-10-01,RL1,NHS ENGLAND MIDLANDS,THE ROBERT JONES AND AGNES HUNT ORTHOPAEDIC HOSPITAL NHS FOUNDATION TRUST,0,0,0,0,0,0,,
2025-10-01,RL4,NHS ENGLAND MIDLANDS,THE ROYAL WOLVERHAMPTON NHS TRUST,11729,20192,4517,4971,794,581,0.7538133914421553,0.6148861795549493
2025-10-01,RLQ,NHS ENGLAND MIDLANDS,WYE VALLEY NHS TRUST,6138,7408,2478,2478,417,272,0.6654967602591793,0.5962854349951124
2025-10-01,RLT,NHS ENGLAND MIDLANDS,GEORGE ELIOT HOSPITAL NHS TRUST,7354,8994,1918,1923,254,560,0.7861907938625751,0.7391895567038347
2025-10-01,RM1,NHS ENGLAND EAST OF ENGLAND,NORFOLK AND NORWICH UNIVERSITY HOSPITALS NHS FOUNDATION TRUST,12942,20612,4125,4126,741,215,0.7998253444595381,0.6812702828001854
2025-10-01,RM3,NHS ENGLAND NORTH WEST,NORTHERN CARE ALLIANCE NHS FOUNDATION TRUST,27521,36996,11063,11334,1130,1237,0.6936425559519948,0.5980160604629192
2025-10-01,RMC,NHS ENGLAND NORTH WEST,BOLTON NHS FOUNDATION TRUST,8841,12735,4490,4826,579,288,0.621044365920691,0.4921388983146703
2025-10-01,RMP,NHS ENGLAND NORTH WEST,TAMESIDE AND GLOSSOP INTEGRATED CARE NHS FOUNDATION TRUST,8957,11523,4543,4689,502,590,0.5930747201249675,0.4927989282125712
2025-10-01,RN3,NHS ENGLAND SOUTH WEST,GREAT WESTERN HOSPITALS NHS FOUNDATION TRUST,6185,12096,3152,3638,702,326,0.6992394179894179,0.4903799514955538
2025-10-01,RN5,NHS ENGLAND SOUTH EAST,HAMPSHIRE HOSPITALS NHS FOUNDATION TRUST,11240,14859,5158,5307,192,29,0.6428427215828791,0.5411032028469751
2025-10-01,RN7,NHS ENGLAND SOUTH EAST,DARTFORD AND GRAVESHAM NHS TRUST,11792,15675,3066,3075,713,112,0.8038277511961722,0.7399932157394844
2025-10-01,RNA,NHS ENGLAND MIDLANDS,THE DUDLEY GROUP NHS FOUNDATION TRUST,10233,14503,3203,3290,2600,141,0.7731503826794457,0.6869930616632464
2025-10-01,RNN,NHS ENGLAND NORTH EAST AND YORKSHIRE,NORTH CUMBRIA INTEGRATED CARE NHS FOUNDATION TRUST,8931,10892,4126,4171,610,318,0.6170583914799853,0.5380136602844026
2025-10-01,RNQ,NHS ENGLAND MIDLANDS,KETTERING GENERAL HOSPITAL NHS FOUNDATION TRUST,10327,18656,3898,4008,559,695,0.7851629502572899,0.6225428488428392
2025-10-01,RNS,NHS ENGLAND MIDLANDS,NORTHAMPTON GENERAL HOSPITAL NHS TRUST,10636,13526,4524,4697,571,764,0.6527428655921927,0.5746521248589695
2025-10-01,RNU,NHS ENGLAND SOUTH EAST,OXFORD HEALTH NHS FOUNDATION TRUST,0,4218,0,235,0,0,0.9442863916548128,
2025-10-01,RNZ,NHS ENGLAND SOUTH WEST,SALISBURY NHS FOUNDATION TRUST,4719,6613,2093,2093,464,80,0.6835021926508393,0.556473829201102
2025-10-01,RP5,NHS ENGLAND NORTH EAST AND YORKSHIRE,DONCASTER AND BASSETLAW TEACHING HOSPITALS NHS FOUNDATION TRUST,14193,18147,5556,5557,1283,142,0.693778585992175,0.6085394208412598
2025-10-01,RP6,NHS ENGLAND LONDON,MOORFIELDS EYE HOSPITAL NHS FOUNDATION TRUST,0,6051,0,196,0,0,0.9676086597256652,
2025-10-01,RPA,NHS ENGLAND SOUTH EAST,MEDWAY NHS FOUNDATION TRUST,10088,16113,3467,4373,367,728,0.7286042326072115,0.6563243457573354
2025-10-01,RPC,NHS ENGLAND SOUTH EAST,QUEEN VICTORIA HOSPITAL NHS FOUNDATION TRUST,0,1395,0,19,0,0,0.9863799283154122,
2025-10-01,RQ3,NHS ENGLAND MIDLANDS,BIRMINGHAM WOMEN'S AND CHILDREN'S NHS FOUNDATION TRUST,5419,5419,1065,1065,10,2,0.8034692747739436,0.8034692747739436
2025-10-01,RQM,NHS ENGLAND LONDON,CHELSEA AND WESTMINSTER HOSPITAL NHS FOUNDATION TRUST,20266,26850,5947,6076,1040,45,0.7737057728119181,0.7065528471331294
2025-10-01,RQW,NHS ENGLAND EAST OF ENGLAND,THE PRINCESS ALEXANDRA HOSPITAL NHS TRUST,8233,10555,2351,2351,549,240,0.7772619611558503,0.7144418802380663
2025-10-01,RQX,NHS ENGLAND LONDON,HOMERTON HEALTHCARE NHS FOUNDATION TRUST,11547,11547,2351,2351,269,20,0.7963973326405127,0.7963973326405127
2025-10-01,RR7,NHS ENGLAND NORTH EAST AND YORKSHIRE,GATESHEAD HEALTH NHS FOUNDATION TRUST,5933,10191,2653,2679,886,21,0.7371209891080366,0.5528400471936625
2025-10-01,RR8,NHS ENGLAND NORTH EAST AND YORKSHIRE,LEEDS TEACHING HOSPITALS NHS TRUST,18939,31574,7529,7982,1447,714,0.7471970608728701,0.6024605311790485
2025-10-01,RRF,NHS ENGLAND NORTH WEST,"WRIGHTINGTON, WIGAN AND LEIGH NHS FOUNDATION TRUST",8009,13054,3531,3585,647,434,0.7253715336295388,0.5591209888875015
2025-10-01,RRK,NHS ENGLAND MIDLANDS,UNIVERSITY HOSPITALS BIRMINGHAM NHS FOUNDATION TRUST,36434,40199,14338,14384,2442,2030,0.6421801537351675,0.6064664873469836
2025-10-01,RRV,NHS ENGLAND LONDON,UNIVERSITY COLLEGE LONDON HOSPITALS NHS FOUNDATION TRUST,14180,14180,3951,3951,449,219,0.7213681241184767,0.7213681241184767
2025-10-01,RTD,NHS ENGLAND NORTH EAST AND YORKSHIRE,THE NEWCASTLE UPON TYNE HOSPITALS NHS FOUNDATION TRUST,13761,22320,5390,5452,595,42,0.7557347670250896,0.6083133493205435
2025-10-01,RTE,NHS ENGLAND SOUTH WEST,GLOUCESTERSHIRE HOSPITALS NHS FOUNDATION TRUST,13881,13881,5212,5212,451,348,0.6245227289100209,0.6245227289100209
2025-10-01,RTF,NHS ENGLAND NORTH EAST AND YORKSHIRE,NORTHUMBRIA HEALTHCARE NHS FOUNDATION TRUST,11014,24222,2985,2985,49,0,0.8767649244488481,0.7289812965316869
2025-10-01,RTG,NHS ENGLAND MIDLANDS,UNIVERSITY HOSPITALS OF DERBY AND BURTON NHS FOUNDATION TRUST,19491,29485,9255,9259,935,1234,0.6859759199593014,0.5251654609819917
2025-10-01,RTH,NHS ENGLAND SOUTH EAST,OXFORD UNIVERSITY HOSPITALS NHS FOUNDATION TRUST,12950,18070,3808,3918,450,0,0.7831765356945213,0.705945945945946
2025-10-01,RTK,NHS ENGLAND SOUTH EAST,ASHFORD AND ST PETER'S HOSPITALS NHS FOUNDATION TRUST,7513,10381,3785,3801,596,361,0.6338503034389751,0.4962065752695328
2025-10-01,RTP,NHS ENGLAND SOUTH EAST,SURREY AND SUSSEX HEALTHCARE NHS TRUST,10542,10542,4261,4261,587,757,0.5958072472016696,0.5958072472016696
2025-10-01,RTQ,NHS ENGLAND SOUTH WEST,GLOUCESTERSHIRE HEALTH AND CARE NHS FOUNDATION TRUST,0,8164,0,113,0,0,0.9861587457128859,
2025-10-01,RTR,NHS ENGLAND NORTH EAST AND YORKSHIRE,SOUTH TEES HOSPITALS NHS FOUNDATION TRUST,7664,16728,3933,4245,400,24,0.7462338593974175,0.48682150313152406
2025-10-01,RTX,NHS ENGLAND NORTH WEST,UNIVERSITY HOSPITALS OF MORECAMBE BAY NHS FOUNDATION TRUST,9431,12229,3720,3789,718,700,0.6901627279417777,0.6055561446294137
2025-10-01,RV9,NHS ENGLAND NORTH EAST AND YORKSHIRE,HUMBER TEACHING NHS FOUNDATION TRUST,0,1118,0,3,0,0,0.9973166368515206,
2025-10-01,RVJ,NHS ENGLAND SOUTH WEST,NORTH BRISTOL NHS TRUST,9818,9818,3786,3786,631,401,0.6143817478101447,0.6143817478101447
2025-10-01,RVR,NHS ENGLAND LONDON,EPSOM AND ST HELIER UNIVERSITY HOSPITALS NHS TRUST,11208,13459,3363,3562,908,890,0.7353443792257969,0.6999464668094219
2025-10-01,RVV,NHS ENGLAND SOUTH EAST,EAST KENT HOSPITALS UNIVERSITY NHS FOUNDATION TRUST,13171,26188,6372,6729,406,1238,0.7430502520238277,0.5162098549844355
2025-10-01,RVW,NHS ENGLAND NORTH EAST AND YORKSHIRE,NORTH TEES AND HARTLEPOOL NHS FOUNDATION TRUST,4983,16208,2889,2917,286,47,0.8200271470878578,0.42022877784467183
2025-10-01,RW1,NHS ENGLAND SOUTH EAST,HAMPSHIRE AND ISLE OF WIGHT HEALTHCARE NHS FOUNDATION TRUST,0,2826,0,27,0,0,0.9904458598726115,
2025-10-01,RW4,NHS ENGLAND NORTH WEST,MERSEY CARE NHS FOUNDATION TRUST,0,14676,0,489,0,0,0.9666802943581357,
2025-10-01,RWA,NHS ENGLAND NORTH EAST AND YORKSHIRE,HULL UNIVERSITY TEACHING HOSPITALS NHS TRUST,9956,14317,5884,6322,991,670,0.5584270447719495,0.40899959823222176
2025-10-01,RWD,NHS ENGLAND MIDLANDS,UNITED LINCOLNSHIRE TEACHING HOSPITALS NHS TRUST,17436,21535,6972,7346,965,1196,0.6588808915718598,0.6001376462491397
2025-10-01,RWE,NHS ENGLAND MIDLANDS,UNIVERSITY HOSPITALS OF LEICESTER NHS TRUST,23885,26041,9536,9729,1182,844,0.6263968357589954,0.6007536110529621
2025-10-01,RWF,NHS ENGLAND SOUTH EAST,MAIDSTONE AND TUNBRIDGE WELLS NHS TRUST,20896,22718,4634,4663,1046,317,0.7947442556563078,0.7782350689127105
2025-10-01,RWG,NHS ENGLAND EAST OF ENGLAND,WEST HERTFORDSHIRE TEACHING HOSPITALS NHS TRUST,8532,15921,2749,2814,779,22,0.8232523082720935,0.6778012189404594
2025-10-01,RWH,NHS ENGLAND EAST OF ENGLAND,EAST AND NORTH HERTFORDSHIRE TEACHING NHS TRUST,9294,17697,4574,4601,545,172,0.7400124314855625,0.5078545298041748
2025-10-01,RWJ,NHS ENGLAND NORTH WEST,STOCKPORT NHS FOUNDATION TRUST,8296,9458,3528,3587,802,447,0.6207443434129838,0.5747348119575699
2025-10-01,RWP,NHS ENGLAND MIDLANDS,WORCESTERSHIRE ACUTE HOSPITALS NHS TRUST,14072,19746,7317,7423,935,1326,0.624075762179682,0.480031267765776
2025-10-01,RWW,NHS ENGLAND NORTH WEST,WARRINGTON AND HALTON TEACHING HOSPITALS NHS FOUNDATION TRUST,7210,10302,3769,3855,579,988,0.6258008153756552,0.47725381414701806
2025-10-01,RWX,NHS ENGLAND SOUTH EAST,BERKSHIRE HEALTHCARE NHS FOUNDATION TRUST,0,1447,0,12,0,0,0.9917069799585349,
2025-10-01,RWY,NHS ENGLAND NORTH EAST AND YORKSHIRE,CALDERDALE AND HUDDERSFIELD NHS FOUNDATION TRUST,16644,16644,2858,2858,975,7,0.8282864695986542,0.8282864695986542
2025-10-01,RX1,NHS ENGLAND MIDLANDS,NOTTINGHAM UNIVERSITY HOSPITALS NHS TRUST,12936,25102,7207,9746,195,859,0.6117440841367221,0.4428726035868893
2025-10-01,RXC,NHS ENGLAND SOUTH EAST,EAST SUSSEX HEALTHCARE NHS TRUST,9250,11678,3788,3816,275,117,0.6732317177598903,0.5904864864864865
2025-10-01,RXF,NHS ENGLAND NORTH EAST AND YORKSHIRE,MID YORKSHIRE TEACHING NHS TRUST,17426,24279,6729,6992,2098,125,0.7120144981259524,0.6138528635372432
2025-10-01,RXG,NHS ENGLAND NORTH EAST AND YORKSHIRE,SOUTH WEST YORKSHIRE PARTNERSHIP NHS FOUNDATION TRUST,0,0,0,0,0,0,,
2025-10-01,RXK,NHS ENGLAND MIDLANDS,SANDWELL AND WEST BIRMINGHAM HOSPITALS NHS TRUST,11927,22140,5468,5814,768,380,0.7373983739837399,0.5415443950700092
2025-10-01,RXL,NHS ENGLAND NORTH WEST,BLACKPOOL TEACHING HOSPITALS NHS FOUNDATION TRUST,9263,19747,4480,4633,524,544,0.7653820833544336,0.5163553924214617
2025-10-01,RXN,NHS ENGLAND NORTH WEST,LANCASHIRE TEACHING HOSPITALS NHS FOUNDATION TRUST,12893,16311,4637,4770,1023,463,0.707559315799154,0.6403474753742341
2025-10-01,RXP,NHS ENGLAND NORTH EAST AND YORKSHIRE,COUNTY DURHAM AND DARLINGTON NHS FOUNDATION TRUST,13410,17496,5620,5620,2278,19,0.6787837219935986,0.580909768829232
2025-10-01,RXQ,NHS ENGLAND SOUTH EAST,BUCKINGHAMSHIRE HEALTHCARE NHS TRUST,9939,14267,3693,3789,190,336,0.7344220929417538,0.6284334440084516
2025-10-01,RXR,NHS ENGLAND NORTH WEST,EAST LANCASHIRE HOSPITALS NHS TRUST,14603,25981,4992,5610,271,1380,0.7840729764058351,0.6581524344312812
2025-10-01,RXW,NHS ENGLAND MIDLANDS,THE SHREWSBURY AND TELFORD HOSPITAL NHS TRUST,10982,13619,5893,6233,429,1618,0.5423305675893972,0.46339464578401024
2025-10-01,RY2,NHS ENGLAND NORTH WEST,BRIDGEWATER COMMUNITY HEALTHCARE NHS FOUNDATION TRUST,0,2951,0,51,0,0,0.9827177228058286,
2025-10-01,RY4,NHS ENGLAND EAST OF ENGLAND,HERTFORDSHIRE COMMUNITY NHS TRUST,0,1205,0,63,0,0,0.9477178423236514,
2025-10-01,RY5,NHS ENGLAND MIDLANDS,LINCOLNSHIRE COMMUNITY HEALTH SERVICES NHS TRUST,0,8124,0,121,0,0,0.9851058591826687,
2025-10-01,RY7,NHS ENGLAND NORTH WEST,WIRRAL COMMUNITY HEALTH AND CARE NHS FOUNDATION TRUST,0,4249,0,382,0,0,0.9100964932925394,
2025-10-01,RY8,NHS ENGLAND MIDLANDS,DERBYSHIRE COMMUNITY HEALTH SERVICES NHS FOUNDATION TRUST,0,7561,0,288,0,0,0.9619098002909668,
2025-10-01,RYF,NHS ENGLAND SOUTH WEST,SOUTH WESTERN AMBULANCE SERVICE NHS FOUNDATION TRUST,0,1898,0,42,0,0,0.9778714436248683,
2025-10-01,RYG,NHS ENGLAND MIDLANDS,COVENTRY AND WARWICKSHIRE PARTNERSHIP NHS TRUST,0,0,0,0,0,0,,
2025-10-01,RYJ,NHS ENGLAND LONDON,IMPERIAL COLLEGE HEALTHCARE NHS TRUST,12719,24163,5375,5939,575,0,0.7542109837354634,0.577403883953141
2025-10-01,RYR,NHS ENGLAND SOUTH EAST,UNIVERSITY HOSPITALS SUSSEX NHS FOUNDATION TRUST,27873,31335,10753,10998,850,961,0.6490186692197224,0.6142144727872851
2025-10-01,RYX,NHS ENGLAND LONDON,CENTRAL LONDON COMMUNITY HEALTHCARE NHS TRUST,0,12138,0,133,0,0,0.989042675893887,
2025-10-01,RYY,NHS ENGLAND SOUTH EAST,KENT COMMUNITY HEALTH NHS FOUNDATION TRUST,0,6140,0,13,0,0,0.9978827361563518,
2025-10-01,Y02428,NHS ENGLAND EAST OF ENGLAND,PUTNOE WALK IN CENTRE,0,2619,0,0,0,0,1.0,
2025-10-01,Y02532,NHS ENGLAND NORTH WEST,MIRIAM MINOR EMERGENCY,0,1766,0,0,0,0,1.0,
2025-10-01,Y02615,NHS ENGLAND MIDLANDS,SOUTH BIRMINGHAM GP WALK IN CENTRE,0,6420,0,0,0,0,1.0,
2025-10-01,Y02676,NHS ENGLAND SOUTH EAST,BRIGHTON STATION HEALTH CENTRE,0,2161,0,0,0,0,1.0,
2025-10-01,Y03007,NHS ENGLAND MIDLANDS,ERDINGTON GP HEALTH & WELLBEING WIC,0,0,0,0,0,0,,
2025-10-01,Y03218,NHS ENGLAND LONDON,THE PINN UNREGISTERED WIC,0,1094,0,0,0,0,1.0,
2025-11-01,8J094,NHS ENGLAND MIDLANDS,BADGER LTD,0,0,0,0,0,0,,
2025-11-01,AAH,NHS ENGLAND SOUTH WEST,TETBURY HOSPITAL TRUST LTD,0,503,0,0,0,0,1.0,
2025-11-01,ACH01,NHS ENGLAND SOUTH EAST,WHITSTABLE MEDICAL PRACTICE,0,4747,0,0,0,0,1.0,
2025-11-01,AD913,NHS ENGLAND LONDON,BECKENHAM BEACON UCC,0,3433,0,4,0,0,0.9988348383338188,
2025-11-01,AJN,NHS ENGLAND NORTH EAST AND YORKSHIRE,WORKINGTON HEALTH LIMITED,0,337,0,0,0,0,1.0,
2025-11-01,AQM01,NHS ENGLAND SOUTH EAST,FAVERSHAM MEDICAL PRACTICE MIU,0,2962,0,0,0,0,1.0,
2025-11-01,AQN04,NHS ENGLAND SOUTH EAST,PHL LYMINGTON UTC,0,2802,0,13,0,0,0.9953604568165596,
2025-11-01,ARN03,NHS ENGLAND NORTH EAST AND YORKSHIRE,LOCAL CARE DIRECT,0,2555,0,9,0,0,0.9964774951076321,
2025-11-01,C82009,NHS ENGLAND MIDLANDS,MARKET HARBOROUGH MED.CTR,0,311,0,0,0,0,1.0,
2025-11-01,C82038,NHS ENGLAND MIDLANDS,LATHAM HOUSE MEDICAL PRACTICE,0,299,0,0,0,0,1.0,
2025-11-01,C83023,NHS ENGLAND MIDLANDS,SLEAFORD MEDICAL GROUP,0,591,0,0,0,0,1.0,
2025-11-01,DJV01,NHS ENGLAND SOUTH EAST,HERNE BAY HEALTH CARE LTD,0,2536,0,0,0,0,1.0,
2025-11-01,DT301,NHS ENGLAND EAST OF ENGLAND,HERTS URGENT CARE (ASCOTS LANE),0,1934,0,61,0,0,0.968459152016546,
2025-11-01,G0Q0L,NHS ENGLAND LONDON,BARKING HOSPITAL UTC,0,2802,0,14,0,0,0.9950035688793719,
2025-11-01,G3P9C,NHS ENGLAND SOUTH WEST,TROWBRIDGE MINOR INJURIES UNIT,0,990,0,1,0,0,0.998989898989899,
2025-11-01,K6K0R,NHS ENGLAND LONDON,HAROLD WOOD POLYCLINIC UTC,0,2904,0,23,0,0,0.9920798898071626,
2025-11-01,L83087,NHS ENGLAND SOUTH WEST,OKEHAMPTON MEDICAL CENTRE,0,82,0,0,0,0,1.0,
2025-11-01,NDJ,NHS ENGLAND SOUTH EAST,FIRST COMMUNITY HEALTH AND CARE CIC,0,2144,0,8,0,0,0.996268656716418,
2025-11-01,NL7,NHS ENGLAND MIDLANDS,ASSURA VERTIS URGENT CARE CENTRES (BIRMINGHAM),0,3460,0,0,0,0,1.0,
2025-11-01,NLX,NHS ENGLAND SOUTH WEST,SIRONA CARE & HEALTH,0,7581,0,160,0,0,0.9788946049333861,
2025-11-01,NNF09,NHS ENGLAND NORTH EAST AND YORKSHIRE,BRANSHOLME HEALTH CENTRE,0,3748,0,461,0,0,0.8770010672358591,
2025-11-01,NNF16,NHS ENGLAND NORTH EAST AND YORKSHIRE,BRIDLINGTON HOSPITAL,0,1320,0,57,0,0,0.9568181818181818,
2025-11-01,NNF94,NHS ENGLAND NORTH EAST AND YORKSHIRE,EAST RIDING COMMUNITY HOSPITAL,0,2511,0,83,0,0,0.9669454400637196,
2025-11-01,NNFA7,NHS ENGLAND NORTH EAST AND YORKSHIRE,GOOLE & DISTRICT HOSPITAL,0,1567,0,41,0,0,0.9738353541799617,
2025-11-01,NNJ,NHS ENGLAND MIDLANDS,DHU HEALTH CARE C.I.C,0,2137,0,2,0,0,0.9990641085634067,
2025-11-01,NNJ07,NHS ENGLAND MIDLANDS,LOUGHBOROUGH URGENT CARE CENTRE,0,5474,0,74,0,0,0.9864815491413957,
2025-11-01,NNJ0H,NHS ENGLAND MIDLANDS,LLR EA - THE MERLYN VAZ HEALTH & SOCIAL CARE CENTRE,0,219,0,0,0,0,1.0,
2025-11-01,NNJ12,NHS ENGLAND MIDLANDS,MARKET HARBOROUGH,0,107,0,0,0,0,1.0,
2025-11-01,NNJ13,NHS ENGLAND MIDLANDS,MELTON MOWBRAY,0,62,0,0,0,0,1.0,
2025-11-01,NNJ14,NHS ENGLAND MIDLANDS,OADBY,0,550,0,3,0,0,0.9945454545454545,
2025-11-01,NNJ15,NHS ENGLAND MIDLANDS,OAKHAM,0,302,0,0,0,0,1.0,
2025-11-01,NQT1I,NHS ENGLAND SOUTH WEST,CHIPPENHAM COMMUNITY HOSPITAL,0,1505,0,10,0,0,0.9933554817275747,
2025-11-01,NQT5F,NHS ENGLAND NORTH WEST,SKELMERSDALE WALK IN CENTRE,0,1681,0,5,0,0,0.9970255800118977,
2025-11-01,NQT5H,NHS ENGLAND SOUTH WEST,PAULTON MEMORIAL HOSPITAL,0,992,0,2,0,0,0.9979838709677419,
2025-11-01,NQTE4,NHS ENGLAND MIDLANDS,SUMMERFIELD URGENT CARE CENTRE,0,2981,0,0,0,0,1.0,
2025-11-01,NTP11,NHS ENGLAND SOUTH EAST,PRACTICE PLUS GROUP HOSPITAL - SOUTHAMPTON,0,5388,0,125,0,0,0.976800296956199,
2025-11-01,NTPAD,NHS ENGLAND SOUTH EAST,PRACTICE PLUS GROUP SURGICAL CENTRE - ST MARYS PORTSMOUTH,0,4955,0,370,0,0,0.9253279515640767,
2025-11-01,NTV0B,NHS ENGLAND SOUTH EAST,ASHFORD WALK-IN-CENTRE,0,2312,0,63,0,0,0.9727508650519031,
2025-11-01,NTV0W,NHS ENGLAND SOUTH EAST,WOKING WALK IN CENTRE,0,2487,0,67,0,0,0.973059911540008,
2025-11-01,NV693,NHS ENGLAND NORTH WEST,ROSSENDALE MIU & OOH,0,889,0,0,0,0,1.0,
2025-11-01,NVE43,NHS ENGLAND SOUTH EAST,HASTINGS GP LED HEALTH CENTRE,0,993,0,0,0,0,1.0,
2025-11-01,R0A,NHS ENGLAND NORTH WEST,MANCHESTER UNIVERSITY NHS FOUNDATION TRUST,27251,40910,10687,11197,3326,101,0.7263016377413836,0.6078309052878794
2025-11-01,R0B,NHS ENGLAND NORTH EAST AND YORKSHIRE,SOUTH TYNESIDE AND SUNDERLAND NHS FOUNDATION TRUST,11736,18609,5715,5975,919,2,0.6789188027298618,0.5130368098159509
2025-11-01,R0D,NHS ENGLAND SOUTH WEST,UNIVERSITY HOSPITALS DORSET NHS FOUNDATION TRUST,14479,19243,6290,6290,1066,324,0.6731278906615392,0.5655777332688722
2025-11-01,R1D,NHS ENGLAND MIDLANDS,SHROPSHIRE COMMUNITY HEALTH NHS TRUST,0,2838,0,15,0,0,0.9947145877378436,
2025-11-01,R1F,NHS ENGLAND SOUTH EAST,ISLE OF WIGHT NHS TRUST,4230,6011,1539,1597,231,151,0.7343204125769422,0.6361702127659574
2025-11-01,R1H,NHS ENGLAND LONDON,BARTS HEALTH NHS TRUST,26111,45268,11748,14009,906,1000,0.6905319430944596,0.550074681168856
2025-11-01,R1K,NHS ENGLAND LONDON,LONDON NORTH WEST UNIVERSITY HEALTHCARE NHS TRUST,13768,29679,6911,7807,754,667,0.7369520536406213,0.4980389308541545
2025-11-01,RA2,NHS ENGLAND SOUTH EAST,ROYAL SURREY NHS FOUNDATION TRUST,6753,8572,2110,2110,374,20,0.7538497433504433,0.6875462757293055
2025-11-01,RA7,NHS ENGLAND SOUTH WEST,UNIVERSITY HOSPITALS BRISTOL AND WESTON NHS FOUNDATION TRUST,16630,18932,6196,6349,1188,243,0.664641876188464,0.6274203247143716
2025-11-01,RA9,NHS ENGLAND SOUTH WEST,TORBAY AND SOUTH DEVON NHS FOUNDATION TRUST,6663,9520,3039,3053,155,42,0.6793067226890757,0.5438991445294912
2025-11-01,RAE,NHS ENGLAND NORTH EAST AND YORKSHIRE,BRADFORD TEACHING HOSPITALS NHS FOUNDATION TRUST,9942,14258,2582,2582,659,70,0.8189086828447187,0.7402937034801851
2025-11-01,RAJ,NHS ENGLAND EAST OF ENGLAND,MID AND SOUTH ESSEX NHS FOUNDATION TRUST,27777,35440,10517,10852,2305,869,0.6937923250564334,0.6213773985671599
2025-11-01,RAL,NHS ENGLAND LONDON,ROYAL FREE LONDON NHS FOUNDATION TRUST,27198,43383,9231,10075,945,2065,0.7677661756909389,0.6606000441208912
2025-11-01,RAN,NHS ENGLAND LONDON,ROYAL NATIONAL ORTHOPAEDIC HOSPITAL NHS TRUST,0,0,0,0,0,0,,
2025-11-01,RAS,NHS ENGLAND LONDON,THE HILLINGDON HOSPITALS NHS FOUNDATION TRUST,5129,11786,2459,2473,625,37,0.7901747836416086,0.5205693117566776
2025-11-01,RAT,NHS ENGLAND LONDON,NORTH EAST LONDON NHS FOUNDATION TRUST,0,1466,0,46,0,0,0.9686221009549796,
2025-11-01,RAX,NHS ENGLAND LONDON,KINGSTON AND RICHMOND NHS FOUNDATION TRUST,7192,15389,4095,4546,340,362,0.7045941906556632,0.43061735261401557
2025-11-01,RBD,NHS ENGLAND SOUTH WEST,DORSET COUNTY HOSPITAL NHS FOUNDATION TRUST,4321,4321,1540,1540,169,61,0.6436010182828049,0.6436010182828049
2025-11-01,RBK,NHS ENGLAND MIDLANDS,WALSALL HEALTHCARE NHS TRUST,9935,14044,3723,3951,1031,545,0.7186698946169183,0.6252642174131857
2025-11-01,RBL,NHS ENGLAND NORTH WEST,WIRRAL UNIVERSITY TEACHING HOSPITAL NHS FOUNDATION TRUST,8090,10834,4050,4164,452,875,0.6156544212663836,0.49938195302843014
2025-11-01,RBN,NHS ENGLAND NORTH WEST,MERSEY AND WEST LANCASHIRE TEACHING HOSPITALS NHS TRUST,17705,24889,6946,7066,520,471,0.7160994816987425,0.6076814459192319
2025-11-01,RBQ,NHS ENGLAND NORTH WEST,LIVERPOOL HEART AND CHEST HOSPITAL NHS FOUNDATION TRUST,0,0,0,0,0,0,,
2025-11-01,RBS,NHS ENGLAND NORTH WEST,ALDER HEY CHILDREN'S NHS FOUNDATION TRUST,6725,6725,1081,1081,0,0,0.8392565055762082,0.8392565055762082
2025-11-01,RBT,NHS ENGLAND NORTH WEST,MID CHESHIRE HOSPITALS NHS FOUNDATION TRUST,7319,10310,3761,3761,476,569,0.6352085354025219,0.4861319852438858
2025-11-01,RBV,NHS ENGLAND NORTH WEST,THE CHRISTIE NHS FOUNDATION TRUST,0,0,0,0,0,0,,
2025-11-01,RC9,NHS ENGLAND EAST OF ENGLAND,BEDFORDSHIRE HOSPITALS NHS FOUNDATION TRUST,17038,25980,6555,6555,80,13,0.747690531177829,0.6152717455100364
2025-11-01,RCB,NHS ENGLAND NORTH EAST AND YORKSHIRE,YORK AND SCARBOROUGH TEACHING HOSPITALS NHS FOUNDATION TRUST,11171,18813,5473,5717,807,306,0.6961143889863393,0.5100707188255305
2025-11-01,RCD,NHS ENGLAND NORTH EAST AND YORKSHIRE,HARROGATE AND DISTRICT NHS FOUNDATION TRUST,5283,6724,1894,1894,145,4,0.7183224271267104,0.6414915767556313
2025-11-01,RCF,NHS ENGLAND NORTH EAST AND YORKSHIRE,AIREDALE NHS FOUNDATION TRUST,6085,6320,2480,2480,499,223,0.6075949367088608,0.5924404272801972
2025-11-01,RCU,NHS ENGLAND NORTH EAST AND YORKSHIRE,SHEFFIELD CHILDREN'S NHS FOUNDATION TRUST,4998,5719,686,691,24,0,0.8791746808882672,0.8627450980392157
2025-11-01,RCX,NHS ENGLAND EAST OF ENGLAND,"THE QUEEN ELIZABETH HOSPITAL, KING'S LYNN, NHS FOUNDATION TRUST",6395,7667,2681,2681,558,229,0.6503195513238555,0.5807662236121971
2025-11-01,RD1,NHS ENGLAND SOUTH WEST,ROYAL UNITED HOSPITALS BATH NHS FOUNDATION TRUST,8866,8866,3750,3750,887,155,0.577035867358448,0.577035867358448
2025-11-01,RD8,NHS ENGLAND EAST OF ENGLAND,MILTON KEYNES UNIVERSITY HOSPITAL NHS FOUNDATION TRUST,8182,13700,3670,3772,859,0,0.7246715328467153,0.551454412124175
2025-11-01,RDE,NHS ENGLAND EAST OF ENGLAND,EAST SUFFOLK AND NORTH ESSEX NHS FOUNDATION TRUST,10929,24233,5054,6467,770,461,0.7331325052614204,0.5375606185378351
2025-11-01,RDR,NHS ENGLAND SOUTH EAST,SUSSEX COMMUNITY NHS FOUNDATION TRUST,0,10995,0,168,0,0,0.9847203274215552,
2025-11-01,RDU,NHS ENGLAND SOUTH EAST,FRIMLEY HEALTH NHS FOUNDATION TRUST,22861,34954,9459,9804,1216,427,0.7195170795903187,0.5862385722409343
2025-11-01,RDY,NHS ENGLAND SOUTH WEST,DORSET HEALTHCARE UNIVERSITY NHS FOUNDATION TRUST,0,0,0,0,0,0,,
2025-11-01,REF,NHS ENGLAND SOUTH WEST,ROYAL CORNWALL HOSPITALS NHS TRUST,6339,16740,2792,3269,399,599,0.8047192353643966,0.5595519798075406
2025-11-01,REM,NHS ENGLAND NORTH WEST,LIVERPOOL UNIVERSITY HOSPITALS NHS FOUNDATION TRUST,16331,26419,7870,8379,860,1040,0.6828418940913736,0.5180944216520728
2025-11-01,REP,NHS ENGLAND NORTH WEST,LIVERPOOL WOMEN'S NHS FOUNDATION TRUST,0,1482,0,286,0,0,0.8070175438596492,
2025-11-01,RET,NHS ENGLAND NORTH WEST,THE WALTON CENTRE NHS FOUNDATION TRUST,0,0,0,0,0,0,,
2025-11-01,RF4,NHS ENGLAND LONDON,"BARKING, HAVERING AND REDBRIDGE UNIVERSITY HOSPITALS NHS TRUST",13220,30166,7908,8846,583,829,0.7067559504077439,0.4018154311649017
2025-11-01,RFF,NHS ENGLAND NORTH EAST AND YORKSHIRE,BARNSLEY HOSPITAL NHS FOUNDATION TRUST,9445,9445,2600,2600,490,4,0.7247220751720487,0.7247220751720487
2025-11-01,RFR,NHS ENGLAND NORTH EAST AND YORKSHIRE,THE ROTHERHAM NHS FOUNDATION TRUST,9394,9394,2778,2778,408,0,0.7042793272301469,0.7042793272301469
2025-11-01,RFS,NHS ENGLAND MIDLANDS,CHESTERFIELD ROYAL HOSPITAL NHS FOUNDATION TRUST,6370,12259,3404,3570,686,325,0.708785382168203,0.4656200941915227
2025-11-01,RGN,NHS ENGLAND EAST OF ENGLAND,NORTH WEST ANGLIA NHS FOUNDATION TRUST,14820,19458,5796,5930,487,862,0.6952410319662863,0.608906882591093
2025-11-01,RGP,NHS ENGLAND EAST OF ENGLAND,JAMES PAGET UNIVERSITY HOSPITALS NHS FOUNDATION TRUST,6933,8156,2144,2144,425,342,0.7371260421775381,0.690754363190538
2025-11-01,RGR,NHS ENGLAND EAST OF ENGLAND,WEST SUFFOLK NHS FOUNDATION TRUST,7786,8489,2133,2133,368,229,0.7487336553186477,0.7260467505779604
2025-11-01,RGT,NHS ENGLAND EAST OF ENGLAND,CAMBRIDGE UNIVERSITY HOSPITALS NHS FOUNDATION TRUST,11116,16062,4544,4606,546,491,0.7132362096874612,0.5912198632601655
2025-11-01,RH5,NHS ENGLAND SOUTH WEST,SOMERSET NHS FOUNDATION TRUST,11913,20632,5991,6197,364,87,0.6996413338503296,0.49710400402921173
2025-11-01,RH8,NHS ENGLAND SOUTH WEST,ROYAL DEVON UNIVERSITY HEALTHCARE NHS FOUNDATION TRUST,12523,16538,5374,5376,875,207,0.6749304631757165,0.5708695999361175
2025-11-01,RHM,NHS ENGLAND SOUTH EAST,UNIVERSITY HOSPITAL SOUTHAMPTON NHS FOUNDATION TRUST,12376,13563,4907,5007,548,12,0.6308338863083389,0.6035067873303168
2025-11-01,RHQ,NHS ENGLAND NORTH EAST AND YORKSHIRE,SHEFFIELD TEACHING HOSPITALS NHS FOUNDATION TRUST,8870,17167,4425,4902,983,9,0.7144521465602609,0.5011273957158963
2025-11-01,RHU,NHS ENGLAND SOUTH EAST,PORTSMOUTH HOSPITALS UNIVERSITY NHS TRUST,11135,15174,4299,4318,678,1284,0.7154342955054699,0.6139200718455321
2025-11-01,RHW,NHS ENGLAND SOUTH EAST,ROYAL BERKSHIRE NHS FOUNDATION TRUST,11173,16243,3497,3521,494,7,0.7832296989472388,0.6870133357200394
2025-11-01,RJ1,NHS ENGLAND LONDON,GUY'S AND ST THOMAS' NHS FOUNDATION TRUST,10659,17527,3310,3488,141,76,0.8009927540366292,0.6894643024673984
2025-11-01,RJ2,NHS ENGLAND LONDON,LEWISHAM AND GREENWICH NHS TRUST,16440,32832,7469,7867,1025,506,0.760386208576998,0.5456812652068126
2025-11-01,RJ6,NHS ENGLAND LONDON,CROYDON HEALTH SERVICES NHS TRUST,13347,18743,4730,4730,218,713,0.747639118604279,0.645613246422417
2025-11-01,RJ7,NHS ENGLAND LONDON,ST GEORGE'S UNIVERSITY HOSPITALS NHS FOUNDATION TRUST,8963,12770,2493,2558,395,625,0.7996867658574784,0.7218565212540444
2025-11-01,RJ8,NHS ENGLAND SOUTH WEST,CORNWALL PARTNERSHIP NHS FOUNDATION TRUST,0,0,0,0,0,0,,
2025-11-01,RJC,NHS ENGLAND MIDLANDS,SOUTH WARWICKSHIRE UNIVERSITY NHS FOUNDATION TRUST,8530,8899,2261,2261,375,64,0.7459265085964715,0.7349355216881595
2025-11-01,RJE,NHS ENGLAND MIDLANDS,UNIVERSITY HOSPITALS OF NORTH MIDLANDS NHS TRUST,14698,23806,8019,8224,1073,1093,0.6545408720490633,0.4544155667437747
2025-11-01,RJL,NHS ENGLAND NORTH EAST AND YORKSHIRE,NORTHERN LINCOLNSHIRE AND GOOLE NHS FOUNDATION TRUST,9695,16813,5501,5576,698,857,0.6683518705763397,0.4325941206807633
2025-11-01,RJN,NHS ENGLAND NORTH WEST,EAST CHESHIRE NHS TRUST,4516,4516,2301,2301,172,549,0.49047829937998233,0.49047829937998233
2025-11-01,RJR,NHS ENGLAND NORTH WEST,COUNTESS OF CHESTER HOSPITAL NHS FOUNDATION TRUST,5805,8043,2829,3181,418,613,0.6045008081561607,0.5126614987080103
2025-11-01,RJZ,NHS ENGLAND LONDON,KING'S COLLEGE HOSPITAL NHS FOUNDATION TRUST,16021,24906,6752,7711,1426,811,0.6903958885409138,0.578553148991948
2025-11-01,RK5,NHS ENGLAND MIDLANDS,SHERWOOD FOREST HOSPITALS NHS FOUNDATION TRUST,10617,16317,4758,5307,814,484,0.6747563890421033,0.5518508053122351
2025-11-01,RK9,NHS ENGLAND SOUTH WEST,UNIVERSITY HOSPITALS PLYMOUTH NHS TRUST,8763,16143,4690,4765,687,373,0.7048256210122035,0.46479516147438094
2025-11-01,RKB,NHS ENGLAND MIDLANDS,UNIVERSITY HOSPITALS COVENTRY AND WARWICKSHIRE NHS TRUST,12703,21188,5588,5847,48,17,0.7240419105153861,0.5601039124616232
2025-11-01,RKE,NHS ENGLAND LONDON,WHITTINGTON HEALTH NHS TRUST,9340,9340,2580,2580,265,317,0.7237687366167024,0.7237687366167024
2025-11-01,RL1,NHS ENGLAND MIDLANDS,THE ROBERT JONES AND AGNES HUNT ORTHOPAEDIC HOSPITAL NHS FOUNDATION TRUST,0,0,0,0,0,0,,
2025-11-01,RL4,NHS ENGLAND MIDLANDS,THE ROYAL WOLVERHAMPTON NHS TRUST,11537,20296,4325,4618,759,620,0.772467481277099,0.6251191817630233
2025-11-01,RLQ,NHS ENGLAND MIDLANDS,WYE VALLEY NHS TRUST,5849,6912,2188,2188,374,178,0.6834490740740741,0.6259189605060694
2025-11-01,RLT,NHS ENGLAND MIDLANDS,GEORGE ELIOT HOSPITAL NHS TRUST,7200,8849,1863,1864,329,417,0.7893547293479489,0.74125
2025-11-01,RM1,NHS ENGLAND EAST OF ENGLAND,NORFOLK AND NORWICH UNIVERSITY HOSPITALS NHS FOUNDATION TRUST,12411,19687,3845,3847,696,236,0.80459186265048,0.6901941825799693
2025-11-01,RM3,NHS ENGLAND NORTH WEST,NORTHERN CARE ALLIANCE NHS FOUNDATION TRUST,26810,36217,11165,11466,1290,1068,0.6834083441477758,0.5835509138381201
2025-11-01,RMC,NHS ENGLAND NORTH WEST,BOLTON NHS FOUNDATION TRUST,8768,12556,4635,4903,467,395,0.6095093978974195,0.4713731751824818
2025-11-01,RMP,NHS ENGLAND NORTH WEST,TAMESIDE AND GLOSSOP INTEGRATED CARE NHS FOUNDATION TRUST,8397,11578,4053,4266,429,655,0.6315425807566073,0.5173276170060737
2025-11-01,RN3,NHS ENGLAND SOUTH WEST,GREAT WESTERN HOSPITALS NHS FOUNDATION TRUST,6143,11653,2947,3365,668,326,0.7112331588432164,0.5202669705355689
2025-11-01,RN5,NHS ENGLAND SOUTH EAST,HAMPSHIRE HOSPITALS NHS FOUNDATION TRUST,10970,14206,4721,4846,77,6,0.6588765310432212,0.569644484958979
2025-11-01,RN7,NHS ENGLAND SOUTH EAST,DARTFORD AND GRAVESHAM NHS TRUST,11842,15546,3069,3081,689,249,0.8018139714395986,0.7408376963350785
2025-11-01,RNA,NHS ENGLAND MIDLANDS,THE DUDLEY GROUP NHS FOUNDATION TRUST,9954,14408,3561,3646,2664,155,0.7469461410327596,0.6422543701024714
2025-11-01,RNN,NHS ENGLAND NORTH EAST AND YORKSHIRE,NORTH CUMBRIA INTEGRATED CARE NHS FOUNDATION TRUST,8819,10539,4564,4620,753,432,0.5616282379732422,0.482481006916884
2025-11-01,RNQ,NHS ENGLAND MIDLANDS,KETTERING GENERAL HOSPITAL NHS FOUNDATION TRUST,10226,18871,3683,3723,535,553,0.802713157755286,0.6398396244866027
2025-11-01,RNS,NHS ENGLAND MIDLANDS,NORTHAMPTON GENERAL HOSPITAL NHS TRUST,10425,13297,4000,4154,467,669,0.6875987064751448,0.6163069544364508
2025-11-01,RNU,NHS ENGLAND SOUTH EAST,OXFORD HEALTH NHS FOUNDATION TRUST,0,3576,0,110,0,0,0.9692393736017897,
2025-11-01,RNZ,NHS ENGLAND SOUTH WEST,SALISBURY NHS FOUNDATION TRUST,4555,6654,1638,1638,379,54,0.7538322813345356,0.6403951701427003
2025-11-01,RP5,NHS ENGLAND NORTH EAST AND YORKSHIRE,DONCASTER AND BASSETLAW TEACHING HOSPITALS NHS FOUNDATION TRUST,13650,17649,5155,5160,1179,197,0.7076321604623492,0.6223443223443224
2025-11-01,RP6,NHS ENGLAND LONDON,MOORFIELDS EYE HOSPITAL NHS FOUNDATION TRUST,0,5563,0,94,0,0,0.9831026424591048,
2025-11-01,RPA,NHS ENGLAND SOUTH EAST,MEDWAY NHS FOUNDATION TRUST,9523,15423,3391,4244,379,591,0.7248265577384425,0.643914732752284
2025-11-01,RPC,NHS ENGLAND SOUTH EAST,QUEEN VICTORIA HOSPITAL NHS FOUNDATION TRUST,0,1200,0,12,0,0,0.99,
2025-11-01,RQ3,NHS ENGLAND MIDLANDS,BIRMINGHAM WOMEN'S AND CHILDREN'S NHS FOUNDATION TRUST,5568,5568,1464,1464,23,0,0.7370689655172413,0.7370689655172413
2025-11-01,RQM,NHS ENGLAND LONDON,CHELSEA AND WESTMINSTER HOSPITAL NHS FOUNDATION TRUST,20633,26861,5718,5853,729,59,0.782100443021481,0.7228711287742936
2025-11-01,RQW,NHS ENGLAND EAST OF ENGLAND,THE PRINCESS ALEXANDRA HOSPITAL NHS TRUST,7743,10373,2165,2165,429,314,0.7912850670008676,0.7203926126824228
2025-11-01,RQX,NHS ENGLAND LONDON,HOMERTON HEALTHCARE NHS FOUNDATION TRUST,11300,11300,1890,1890,189,25,0.8327433628318583,0.8327433628318583
2025-11-01,RR7,NHS ENGLAND NORTH EAST AND YORKSHIRE,GATESHEAD HEALTH NHS FOUNDATION TRUST,6112,10446,2313,2338,577,6,0.7761822707256366,0.6215641361256545
2025-11-01,RR8,NHS ENGLAND NORTH EAST AND YORKSHIRE,LEEDS TEACHING HOSPITALS NHS TRUST,18631,30979,7498,8139,1271,707,0.7372736369798896,0.5975524663195749
2025-11-01,RRF,NHS ENGLAND NORTH WEST,"WRIGHTINGTON, WIGAN AND LEIGH NHS FOUNDATION TRUST",8206,12879,3681,3760,649,466,0.7080518673810079,0.5514257860102364
2025-11-01,RRK,NHS ENGLAND MIDLANDS,UNIVERSITY HOSPITALS BIRMINGHAM NHS FOUNDATION TRUST,35573,39127,14391,14461,2895,1702,0.6304086692054081,0.5954516065555338
2025-11-01,RRV,NHS ENGLAND LONDON,UNIVERSITY COLLEGE LONDON HOSPITALS NHS FOUNDATION TRUST,13781,13781,4221,4221,504,292,0.6937087294100573,0.6937087294100573
2025-11-01,RTD,NHS ENGLAND NORTH EAST AND YORKSHIRE,THE NEWCASTLE UPON TYNE HOSPITALS NHS FOUNDATION TRUST,13567,21659,5561,5627,586,48,0.740200378595503,0.5901083511461636
2025-11-01,RTE,NHS ENGLAND SOUTH WEST,GLOUCESTERSHIRE HOSPITALS NHS FOUNDATION TRUST,13199,13199,4804,4804,430,389,0.6360330328055156,0.6360330328055156
2025-11-01,RTF,NHS ENGLAND NORTH EAST AND YORKSHIRE,NORTHUMBRIA HEALTHCARE NHS FOUNDATION TRUST,10619,23123,2577,2577,20,0,0.8885525234614886,0.7573217817120256
2025-11-01,RTG,NHS ENGLAND MIDLANDS,UNIVERSITY HOSPITALS OF DERBY AND BURTON NHS FOUNDATION TRUST,21369,30742,9586,9589,943,1160,0.6880814520850953,0.551406242688006
2025-11-01,RTH,NHS ENGLAND SOUTH EAST,OXFORD UNIVERSITY HOSPITALS NHS FOUNDATION TRUST,12395,17702,4092,4202,436,1,0.762625692012202,0.6698668818071802
2025-11-01,RTK,NHS ENGLAND SOUTH EAST,ASHFORD AND ST PETER'S HOSPITALS NHS FOUNDATION TRUST,7533,10363,3455,3480,521,325,0.6641899063977612,0.5413513872295235
2025-11-01,RTP,NHS ENGLAND SOUTH EAST,SURREY AND SUSSEX HEALTHCARE NHS TRUST,10560,10560,4468,4468,528,702,0.5768939393939394,0.5768939393939394
2025-11-01,RTQ,NHS ENGLAND SOUTH WEST,GLOUCESTERSHIRE HEALTH AND CARE NHS FOUNDATION TRUST,0,7517,0,129,0,0,0.9828388984967407,
2025-11-01,RTR,NHS ENGLAND NORTH EAST AND YORKSHIRE,SOUTH TEES HOSPITALS NHS FOUNDATION TRUST,7413,16538,3761,4122,372,24,0.7507558350465594,0.49264805072170514
2025-11-01,RTX,NHS ENGLAND NORTH WEST,UNIVERSITY HOSPITALS OF MORECAMBE BAY NHS FOUNDATION TRUST,9070,11620,3894,3991,693,551,0.6565404475043028,0.5706725468577729
2025-11-01,RV9,NHS ENGLAND NORTH EAST AND YORKSHIRE,HUMBER TEACHING NHS FOUNDATION TRUST,0,966,0,0,0,0,1.0,
2025-11-01,RVJ,NHS ENGLAND SOUTH WEST,NORTH BRISTOL NHS TRUST,9172,9172,3075,3075,554,366,0.6647405146096816,0.6647405146096816
2025-11-01,RVR,NHS ENGLAND LONDON,EPSOM AND ST HELIER UNIVERSITY HOSPITALS NHS TRUST,11357,13536,3613,3819,952,712,0.717863475177305,0.6818702122039271
2025-11-01,RVV,NHS ENGLAND SOUTH EAST,EAST KENT HOSPITALS UNIVERSITY NHS FOUNDATION TRUST,13224,25696,5570,5864,496,1105,0.7717932752179327,0.5787961282516636
2025-11-01,RVW,NHS ENGLAND NORTH EAST AND YORKSHIRE,NORTH TEES AND HARTLEPOOL NHS FOUNDATION TRUST,5042,16532,2935,2972,264,29,0.8202274376965885,0.4178897262990877
2025-11-01,RW1,NHS ENGLAND SOUTH EAST,HAMPSHIRE AND ISLE OF WIGHT HEALTHCARE NHS FOUNDATION TRUST,0,2719,0,33,0,0,0.9878631849944832,
2025-11-01,RW4,NHS ENGLAND NORTH WEST,MERSEY CARE NHS FOUNDATION TRUST,0,14116,0,574,0,0,0.9593369226409748,
2025-11-01,RWA,NHS ENGLAND NORTH EAST AND YORKSHIRE,HULL UNIVERSITY TEACHING HOSPITALS NHS TRUST,9961,14654,5722,6274,936,534,0.5718575133069469,0.4255596827627748
2025-11-01,RWD,NHS ENGLAND MIDLANDS,UNITED LINCOLNSHIRE TEACHING HOSPITALS NHS TRUST,16510,20565,6433,6729,895,932,0.6727935813274981,0.6103573591762568
2025-11-01,RWE,NHS ENGLAND MIDLANDS,UNIVERSITY HOSPITALS OF LEICESTER NHS TRUST,22973,24848,9337,9472,1283,716,0.6188023180940116,0.5935663605101641
2025-11-01,RWF,NHS ENGLAND SOUTH EAST,MAIDSTONE AND TUNBRIDGE WELLS NHS TRUST,18346,20085,3915,3970,988,247,0.8023400547672392,0.786601984083724
2025-11-01,RWG,NHS ENGLAND EAST OF ENGLAND,WEST HERTFORDSHIRE TEACHING HOSPITALS NHS TRUST,8802,16080,2661,2771,807,18,0.8276741293532338,0.6976823449216087
2025-11-01,RWH,NHS ENGLAND EAST OF ENGLAND,EAST AND NORTH HERTFORDSHIRE TEACHING NHS TRUST,9292,17566,4538,4578,474,185,0.7393828987817375,0.5116229014205769
2025-11-01,RWJ,NHS ENGLAND NORTH WEST,STOCKPORT NHS FOUNDATION TRUST,8127,9198,3187,3244,644,445,0.6473146336160035,0.6078503752922357
2025-11-01,RWP,NHS ENGLAND MIDLANDS,WORCESTERSHIRE ACUTE HOSPITALS NHS TRUST,13836,19048,7046,7110,989,1083,0.6267324653506929,0.4907487713211911
2025-11-01,RWW,NHS ENGLAND NORTH WEST,WARRINGTON AND HALTON TEACHING HOSPITALS NHS FOUNDATION TRUST,6989,9882,3444,3514,615,922,0.6444039668083383,0.5072256402918873
2025-11-01,RWX,NHS ENGLAND SOUTH EAST,BERKSHIRE HEALTHCARE NHS FOUNDATION TRUST,0,1168,0,5,0,0,0.9957191780821918,
2025-11-01,RWY,NHS ENGLAND NORTH EAST AND YORKSHIRE,CALDERDALE AND HUDDERSFIELD NHS FOUNDATION TRUST,16724,16724,3083,3083,1074,20,0.8156541497249462,0.8156541497249462
2025-11-01,RX1,NHS ENGLAND MIDLANDS,NOTTINGHAM UNIVERSITY HOSPITALS NHS TRUST,13016,23938,7451,8633,157,495,0.639360013367867,0.4275507068223725
2025-11-01,RXC,NHS ENGLAND SOUTH EAST,EAST SUSSEX HEALTHCARE NHS TRUST,8986,11334,4166,4198,278,101,0.6296100229398272,0.5363899399065213
2025-11-01,RXF,NHS ENGLAND NORTH EAST AND YORKSHIRE,MID YORKSHIRE TEACHING NHS TRUST,16746,23192,6446,6816,2112,332,0.7061055536391859,0.615072256061149
2025-11-01,RXG,NHS ENGLAND NORTH EAST AND YORKSHIRE,SOUTH WEST YORKSHIRE PARTNERSHIP NHS FOUNDATION TRUST,0,0,0,0,0,0,,
2025-11-01,RXK,NHS ENGLAND MIDLANDS,SANDWELL AND WEST BIRMINGHAM HOSPITALS NHS TRUST,11914,21707,5652,6076,695,386,0.7200902934537246,0.5256001342957864
2025-11-01,RXL,NHS ENGLAND NORTH WEST,BLACKPOOL TEACHING HOSPITALS NHS FOUNDATION TRUST,8917,18934,4390,4465,574,404,0.7641808387028626,0.5076819558147359
2025-11-01,RXN,NHS ENGLAND NORTH WEST,LANCASHIRE TEACHING HOSPITALS NHS FOUNDATION TRUST,12364,15668,4551,4763,960,471,0.6960045953535869,0.6319152377871239
2025-11-01,RXP,NHS ENGLAND NORTH EAST AND YORKSHIRE,COUNTY DURHAM AND DARLINGTON NHS FOUNDATION TRUST,13118,17039,5639,5639,1980,46,0.6690533482011856,0.5701326421710626
2025-11-01,RXQ,NHS ENGLAND SOUTH EAST,BUCKINGHAMSHIRE HEALTHCARE NHS TRUST,9743,13902,4327,4387,235,268,0.684433894403683,0.5558862773273119
2025-11-01,RXR,NHS ENGLAND NORTH WEST,EAST LANCASHIRE HOSPITALS NHS TRUST,14006,24886,4649,5347,292,1284,0.7851402394920839,0.6680708267885191
2025-11-01,RXW,NHS ENGLAND MIDLANDS,THE SHREWSBURY AND TELFORD HOSPITAL NHS TRUST,10683,13361,5826,6206,385,1454,0.5355138088466432,0.45464757090704855
2025-11-01,RY2,NHS ENGLAND NORTH WEST,BRIDGEWATER COMMUNITY HEALTHCARE NHS FOUNDATION TRUST,0,2910,0,120,0,0,0.9587628865979382,
2025-11-01,RY4,NHS ENGLAND EAST OF ENGLAND,HERTFORDSHIRE COMMUNITY NHS TRUST,0,1062,0,25,0,0,0.9764595103578154,
2025-11-01,RY5,NHS ENGLAND MIDLANDS,LINCOLNSHIRE COMMUNITY HEALTH SERVICES NHS TRUST,0,7788,0,128,0,0,0.9835644581407293,
2025-11-01,RY7,NHS ENGLAND NORTH WEST,WIRRAL COMMUNITY HEALTH AND CARE NHS FOUNDATION TRUST,0,4139,0,393,0,0,0.9050495288717082,
2025-11-01,RY8,NHS ENGLAND MIDLANDS,DERBYSHIRE COMMUNITY HEALTH SERVICES NHS FOUNDATION TRUST,0,6956,0,404,0,0,0.9419206440483037,
2025-11-01,RYF,NHS ENGLAND SOUTH WEST,SOUTH WESTERN AMBULANCE SERVICE NHS FOUNDATION TRUST,0,1883,0,17,0,0,0.9909718534253851,
2025-11-01,RYG,NHS ENGLAND MIDLANDS,COVENTRY AND WARWICKSHIRE PARTNERSHIP NHS TRUST,0,0,0,0,0,0,,
2025-11-01,RYJ,NHS ENGLAND LONDON,IMPERIAL COLLEGE HEALTHCARE NHS TRUST,12110,22647,4743,5184,579,0,0.7710955093389853,0.6083402146985962
2025-11-01,RYR,NHS ENGLAND SOUTH EAST,UNIVERSITY HOSPITALS SUSSEX NHS FOUNDATION TRUST,27121,30240,10224,10469,769,804,0.6538029100529101,0.6230227498986025
2025-11-01,RYX,NHS ENGLAND LONDON,CENTRAL LONDON COMMUNITY HEALTHCARE NHS TRUST,0,11752,0,125,0,0,0.9893635125936011,
2025-11-01,RYY,NHS ENGLAND SOUTH EAST,KENT COMMUNITY HEALTH NHS FOUNDATION TRUST,0,6044,0,27,0,0,0.9955327597617472,
2025-11-01,Y02428,NHS ENGLAND EAST OF ENGLAND,PUTNOE WALK IN CENTRE,0,3023,0,0,0,0,1.0,
2025-11-01,Y02532,NHS ENGLAND NORTH WEST,MIRIAM MINOR EMERGENCY,0,1650,0,0,0,0,1.0,
2025-11-01,Y02615,NHS ENGLAND MIDLANDS,SOUTH BIRMINGHAM GP WALK IN CENTRE,0,4290,0,0,0,0,1.0,
2025-11-01,Y02676,NHS ENGLAND SOUTH EAST,BRIGHTON STATION HEALTH CENTRE,0,1946,0,0,0,0,1.0,
2025-11-01,Y03007,NHS ENGLAND MIDLANDS,ERDINGTON GP HEALTH & WELLBEING WIC,0,0,0,0,0,0,,
2025-11-01,Y03218,NHS ENGLAND LONDON,THE PINN UNREGISTERED WIC,0,918,0,0,0,0,1.0,
2025-12-01,8J094,NHS ENGLAND MIDLANDS,BADGER LTD,0,0,0,0,0,0,,
2025-12-01,AAH,NHS ENGLAND SOUTH WEST,TETBURY HOSPITAL TRUST LTD,0,587,0,0,0,0,1.0,
2025-12-01,ACH01,NHS ENGLAND SOUTH EAST,WHITSTABLE MEDICAL PRACTICE,0,4984,0,0,0,0,1.0,
2025-12-01,AD913,NHS ENGLAND LONDON,BECKENHAM BEACON UCC,0,3330,0,31,0,0,0.9906906906906907,
2025-12-01,AJN,NHS ENGLAND NORTH EAST AND YORKSHIRE,WORKINGTON HEALTH LIMITED,0,316,0,0,0,0,1.0,
2025-12-01,AQM01,NHS ENGLAND SOUTH EAST,FAVERSHAM MEDICAL PRACTICE MIU,0,3186,0,0,0,0,1.0,
2025-12-01,AQN04,NHS ENGLAND SOUTH EAST,PHL LYMINGTON UTC,0,2758,0,31,0,0,0.9887599709934736,
2025-12-01,ARN03,NHS ENGLAND NORTH EAST AND YORKSHIRE,LOCAL CARE DIRECT,0,2515,0,9,0,0,0.9964214711729622,
2025-12-01,C82009,NHS ENGLAND MIDLANDS,MARKET HARBOROUGH MED.CTR,0,306,0,0,0,0,1.0,
2025-12-01,C82038,NHS ENGLAND MIDLANDS,LATHAM HOUSE MEDICAL PRACTICE,0,283,0,0,0,0,1.0,
2025-12-01,C83023,NHS ENGLAND MIDLANDS,SLEAFORD MEDICAL GROUP,0,489,0,0,0,0,1.0,
2025-12-01,DJV01,NHS ENGLAND SOUTH EAST,HERNE BAY HEALTH CARE LTD,0,2761,0,0,0,0,1.0,
2025-12-01,DT301,NHS ENGLAND EAST OF ENGLAND,HERTS URGENT CARE (ASCOTS LANE),0,1857,0,37,0,0,0.9800753904146473,
2025-12-01,G0Q0L,NHS ENGLAND LONDON,BARKING HOSPITAL UTC,0,2627,0,24,0,0,0.9908641035401599,
2025-12-01,G3P9C,NHS ENGLAND SOUTH WEST,TROWBRIDGE MINOR INJURIES UNIT,0,993,0,1,0,0,0.998992950654582,
2025-12-01,K6K0R,NHS ENGLAND LONDON,HAROLD WOOD POLYCLINIC UTC,0,2897,0,26,0,0,0.9910251984811874,
2025-12-01,L83087,NHS ENGLAND SOUTH WEST,OKEHAMPTON MEDICAL CENTRE,0,53,0,0,0,0,1.0,
2025-12-01,NDJ,NHS ENGLAND SOUTH EAST,FIRST COMMUNITY HEALTH AND CARE CIC,0,2224,0,4,0,0,0.9982014388489209,
2025-12-01,NL7,NHS ENGLAND MIDLANDS,ASSURA VERTIS URGENT CARE CENTRES (BIRMINGHAM),0,3101,0,0,0,0,1.0,
2025-12-01,NLX,NHS ENGLAND SOUTH WEST,SIRONA CARE & HEALTH,0,7242,0,161,0,0,0.9777685722176195,
2025-12-01,NNF09,NHS ENGLAND NORTH EAST AND YORKSHIRE,BRANSHOLME HEALTH CENTRE,0,3846,0,525,0,0,0.8634945397815913,
2025-12-01,NNF16,NHS ENGLAND NORTH EAST AND YORKSHIRE,BRIDLINGTON HOSPITAL,0,1526,0,62,0,0,0.9593709043250328,
2025-12-01,NNF94,NHS ENGLAND NORTH EAST AND YORKSHIRE,EAST RIDING COMMUNITY HOSPITAL,0,3038,0,212,0,0,0.9302172481895984,
2025-12-01,NNFA7,NHS ENGLAND NORTH EAST AND YORKSHIRE,GOOLE & DISTRICT HOSPITAL,0,1790,0,5,0,0,0.9972067039106145,
2025-12-01,NNJ,NHS ENGLAND MIDLANDS,DHU HEALTH CARE C.I.C,0,2159,0,3,0,0,0.998610467809171,
2025-12-01,NNJ07,NHS ENGLAND MIDLANDS,LOUGHBOROUGH URGENT CARE CENTRE,0,5189,0,23,0,0,0.9955675467334747,
2025-12-01,NNJ0H,NHS ENGLAND MIDLANDS,LLR EA - THE MERLYN VAZ HEALTH & SOCIAL CARE CENTRE,0,217,0,0,0,0,1.0,
2025-12-01,NNJ12,NHS ENGLAND MIDLANDS,MARKET HARBOROUGH,0,97,0,0,0,0,1.0,
2025-12-01,NNJ13,NHS ENGLAND MIDLANDS,MELTON MOWBRAY,0,55,0,0,0,0,1.0,
2025-12-01,NNJ14,NHS ENGLAND MIDLANDS,OADBY,0,546,0,1,0,0,0.9981684981684982,
2025-12-01,NNJ15,NHS ENGLAND MIDLANDS,OAKHAM,0,55,0,0,0,0,1.0,
2025-12-01,NQT1I,NHS ENGLAND SOUTH WEST,CHIPPENHAM COMMUNITY HOSPITAL,0,1364,0,13,0,0,0.9904692082111437,
2025-12-01,NQT5F,NHS ENGLAND NORTH WEST,SKELMERSDALE WALK IN CENTRE,0,1706,0,41,0,0,0.9759671746776084,
2025-12-01,NQT5H,NHS ENGLAND SOUTH WEST,PAULTON MEMORIAL HOSPITAL,0,1010,0,1,0,0,0.999009900990099,
2025-12-01,NQTE4,NHS ENGLAND MIDLANDS,SUMMERFIELD URGENT CARE CENTRE,0,3033,0,0,0,0,1.0,
2025-12-01,NTP11,NHS ENGLAND SOUTH EAST,PRACTICE PLUS GROUP HOSPITAL - SOUTHAMPTON,0,4862,0,35,0,0,0.9928013163307281,
2025-12-01,NTPAD,NHS ENGLAND SOUTH EAST,PRACTICE PLUS GROUP SURGICAL CENTRE - ST MARYS PORTSMOUTH,0,5032,0,178,0,0,0.9646263910969793,
2025-12-01,NTV0B,NHS ENGLAND SOUTH EAST,ASHFORD WALK-IN-CENTRE,0,2358,0,42,0,0,0.9821882951653944,
2025-12-01,NTV0W,NHS ENGLAND SOUTH EAST,WOKING WALK IN CENTRE,0,2599,0,28,0,0,0.9892266256252404,
2025-12-01,NV693,NHS ENGLAND NORTH WEST,ROSSENDALE MIU & OOH,0,787,0,2,0,0,0.9974587039390089,
2025-12-01,NVE43,NHS ENGLAND SOUTH EAST,HASTINGS GP LED HEALTH CENTRE,0,1127,0,0,0,0,1.0,
2025-12-01,R0A,NHS ENGLAND NORTH WEST,MANCHESTER UNIVERSITY NHS FOUNDATION TRUST,26603,39508,10068,10488,3206,117,0.7345347777665283,0.6215464421305867
2025-12-01,R0B,NHS ENGLAND NORTH EAST AND YORKSHIRE,SOUTH TYNESIDE AND SUNDERLAND NHS FOUNDATION TRUST,11522,17986,5763,5906,937,4,0.6716334927165573,0.4998264190244749
2025-12-01,R0D,NHS ENGLAND SOUTH WEST,UNIVERSITY HOSPITALS DORSET NHS FOUNDATION TRUST,14438,18473,6298,6298,1095,395,0.6590699940453635,0.5637899986147665
2025-12-01,R1D,NHS ENGLAND MIDLANDS,SHROPSHIRE COMMUNITY HEALTH NHS TRUST,0,2808,0,11,0,0,0.9960826210826211,
2025-12-01,R1F,NHS ENGLAND SOUTH EAST,ISLE OF WIGHT NHS TRUST,4274,6000,1637,1750,296,162,0.7083333333333333,0.6169864295741694
2025-12-01,R1H,NHS ENGLAND LONDON,BARTS HEALTH NHS TRUST,25706,44740,12110,13985,1150,1088,0.6874161823871257,0.5289037578775383
2025-12-01,R1K,NHS ENGLAND LONDON,LONDON NORTH WEST UNIVERSITY HEALTHCARE NHS TRUST,13918,29462,7172,8038,649,673,0.7271739868304935,0.4846960770225607
2025-12-01,RA2,NHS ENGLAND SOUTH EAST,ROYAL SURREY NHS FOUNDATION TRUST,6457,8217,2061,2061,353,10,0.7491785323110625,0.6808115223788137
2025-12-01,RA7,NHS ENGLAND SOUTH WEST,UNIVERSITY HOSPITALS BRISTOL AND WESTON NHS FOUNDATION TRUST,16151,18318,5956,6125,1219,496,0.665629435527896,0.6312302643799146
2025-12-01,RA9,NHS ENGLAND SOUTH WEST,TORBAY AND SOUTH DEVON NHS FOUNDATION TRUST,6606,9531,2812,2814,155,56,0.7047529115517783,0.574326369966697
2025-12-01,RAE,NHS ENGLAND NORTH EAST AND YORKSHIRE,BRADFORD TEACHING HOSPITALS NHS FOUNDATION TRUST,9699,13737,2395,2395,699,50,0.8256533449807091,0.753067326528508
2025-12-01,RAJ,NHS ENGLAND EAST OF ENGLAND,MID AND SOUTH ESSEX NHS FOUNDATION TRUST,27713,35288,10824,11014,2261,869,0.687882566311494,0.6094251795186374
2025-12-01,RAL,NHS ENGLAND LONDON,ROYAL FREE LONDON NHS FOUNDATION TRUST,27408,43038,9294,10013,1000,1921,0.7673451368558019,0.6609019264448337
2025-12-01,RAN,NHS ENGLAND LONDON,ROYAL NATIONAL ORTHOPAEDIC HOSPITAL NHS TRUST,0,0,0,0,0,0,,
2025-12-01,RAS,NHS ENGLAND LONDON,THE HILLINGDON HOSPITALS NHS FOUNDATION TRUST,5634,12544,3050,3105,449,32,0.7524713010204082,0.4586439474618388
2025-12-01,RAT,NHS ENGLAND LONDON,NORTH EAST LONDON NHS FOUNDATION TRUST,0,1508,0,16,0,0,0.9893899204244032,
2025-12-01,RAX,NHS ENGLAND LONDON,KINGSTON AND RICHMOND NHS FOUNDATION TRUST,7217,15300,3964,4309,255,498,0.7183660130718954,0.4507413052514896
2025-12-01,RBD,NHS ENGLAND SOUTH WEST,DORSET COUNTY HOSPITAL NHS FOUNDATION TRUST,4536,4536,1868,1868,220,63,0.5881834215167548,0.5881834215167548
2025-12-01,RBK,NHS ENGLAND MIDLANDS,WALSALL HEALTHCARE NHS TRUST,9994,13874,3869,3984,922,620,0.7128441689491134,0.6128677206323794
2025-12-01,RBL,NHS ENGLAND NORTH WEST,WIRRAL UNIVERSITY TEACHING HOSPITAL NHS FOUNDATION TRUST,7893,10979,4414,4623,480,897,0.5789233992166865,0.44077030279994933
2025-12-01,RBN,NHS ENGLAND NORTH WEST,MERSEY AND WEST LANCASHIRE TEACHING HOSPITALS NHS TRUST,17740,24902,7414,7541,570,497,0.6971729178379247,0.5820744081172491
2025-12-01,RBQ,NHS ENGLAND NORTH WEST,LIVERPOOL HEART AND CHEST HOSPITAL NHS FOUNDATION TRUST,0,0,0,0,0,0,,
2025-12-01,RBS,NHS ENGLAND NORTH WEST,ALDER HEY CHILDREN'S NHS FOUNDATION TRUST,6808,6808,1089,1089,1,0,0.8400411280846063,0.8400411280846063
2025-12-01,RBT,NHS ENGLAND NORTH WEST,MID CHESHIRE HOSPITALS NHS FOUNDATION TRUST,6779,9555,3555,3568,488,551,0.6265829408686552,0.47558636967104295
2025-12-01,RBV,NHS ENGLAND NORTH WEST,THE CHRISTIE NHS FOUNDATION TRUST,0,0,0,0,0,0,,
2025-12-01,RC9,NHS ENGLAND EAST OF ENGLAND,BEDFORDSHIRE HOSPITALS NHS FOUNDATION TRUST,17035,26523,6156,6156,82,39,0.7678995588734306,0.6386263574992662
2025-12-01,RCB,NHS ENGLAND NORTH EAST AND YORKSHIRE,YORK AND SCARBOROUGH TEACHING HOSPITALS NHS FOUNDATION TRUST,11321,17910,5819,6152,817,759,0.6565047459519822,0.48599947001148314
2025-12-01,RCD,NHS ENGLAND NORTH EAST AND YORKSHIRE,HARROGATE AND DISTRICT NHS FOUNDATION TRUST,5262,6615,1825,1825,159,6,0.7241118669690099,0.6531736982136069
2025-12-01,RCF,NHS ENGLAND NORTH EAST AND YORKSHIRE,AIREDALE NHS FOUNDATION TRUST,5866,6105,2195,2195,517,239,0.6404586404586405,0.6258097511080805
2025-12-01,RCU,NHS ENGLAND NORTH EAST AND YORKSHIRE,SHEFFIELD CHILDREN'S NHS FOUNDATION TRUST,4907,5461,587,592,13,0,0.8915949459805896,0.8803749745261871
2025-12-01,RCX,NHS ENGLAND EAST OF ENGLAND,"THE QUEEN ELIZABETH HOSPITAL, KING'S LYNN, NHS FOUNDATION TRUST",6527,7862,2656,2656,797,160,0.6621724751971508,0.5930749195648843
2025-12-01,RD1,NHS ENGLAND SOUTH WEST,ROYAL UNITED HOSPITALS BATH NHS FOUNDATION TRUST,9074,9074,3932,3932,874,137,0.5666740136654177,0.5666740136654177
2025-12-01,RD8,NHS ENGLAND EAST OF ENGLAND,MILTON KEYNES UNIVERSITY HOSPITAL NHS FOUNDATION TRUST,7749,13431,3066,3228,604,0,0.7596604869332142,0.6043360433604337
2025-12-01,RDE,NHS ENGLAND EAST OF ENGLAND,EAST SUFFOLK AND NORTH ESSEX NHS FOUNDATION TRUST,11399,24403,5265,6114,810,433,0.749457033971233,0.5381173787174314
2025-12-01,RDR,NHS ENGLAND SOUTH EAST,SUSSEX COMMUNITY NHS FOUNDATION TRUST,0,11047,0,215,0,0,0.980537702543677,
2025-12-01,RDU,NHS ENGLAND SOUTH EAST,FRIMLEY HEALTH NHS FOUNDATION TRUST,22507,34801,8969,9188,1037,351,0.7359845981437315,0.6015017550095526
2025-12-01,RDY,NHS ENGLAND SOUTH WEST,DORSET HEALTHCARE UNIVERSITY NHS FOUNDATION TRUST,0,0,0,0,0,0,,
2025-12-01,REF,NHS ENGLAND SOUTH WEST,ROYAL CORNWALL HOSPITALS NHS TRUST,6695,17162,3210,3813,529,581,0.7778230975410791,0.520537714712472
2025-12-01,REM,NHS ENGLAND NORTH WEST,LIVERPOOL UNIVERSITY HOSPITALS NHS FOUNDATION TRUST,15674,24603,7785,8134,806,1111,0.669389911799374,0.5033175960188847
2025-12-01,REP,NHS ENGLAND NORTH WEST,LIVERPOOL WOMEN'S NHS FOUNDATION TRUST,0,1382,0,180,0,0,0.869753979739508,
2025-12-01,RET,NHS ENGLAND NORTH WEST,THE WALTON CENTRE NHS FOUNDATION TRUST,0,0,0,0,0,0,,
2025-12-01,RF4,NHS ENGLAND LONDON,"BARKING, HAVERING AND REDBRIDGE UNIVERSITY HOSPITALS NHS TRUST",13846,30851,6745,7446,722,840,0.7586463971994425,0.5128556983966488
2025-12-01,RFF,NHS ENGLAND NORTH EAST AND YORKSHIRE,BARNSLEY HOSPITAL NHS FOUNDATION TRUST,9266,9266,2831,2831,601,11,0.6944744226203323,0.6944744226203323
2025-12-01,RFR,NHS ENGLAND NORTH EAST AND YORKSHIRE,THE ROTHERHAM NHS FOUNDATION TRUST,9857,9857,3359,3359,808,22,0.6592269453180482,0.6592269453180482
2025-12-01,RFS,NHS ENGLAND MIDLANDS,CHESTERFIELD ROYAL HOSPITAL NHS FOUNDATION TRUST,6384,12459,3165,3206,637,385,0.7426759772052332,0.5042293233082706
2025-12-01,RGN,NHS ENGLAND EAST OF ENGLAND,NORTH WEST ANGLIA NHS FOUNDATION TRUST,15671,20181,5968,6073,572,865,0.6990733858579852,0.6191691659753685
2025-12-01,RGP,NHS ENGLAND EAST OF ENGLAND,JAMES PAGET UNIVERSITY HOSPITALS NHS FOUNDATION TRUST,7283,8611,2285,2285,480,362,0.7346417373127395,0.6862556638747769
2025-12-01,RGR,NHS ENGLAND EAST OF ENGLAND,WEST SUFFOLK NHS FOUNDATION TRUST,7850,8665,2566,2566,481,341,0.703866128101558,0.6731210191082803
2025-12-01,RGT,NHS ENGLAND EAST OF ENGLAND,CAMBRIDGE UNIVERSITY HOSPITALS NHS FOUNDATION TRUST,10979,15822,4799,4902,527,420,0.690178232840349,0.5628927953365517
2025-12-01,RH5,NHS ENGLAND SOUTH WEST,SOMERSET NHS FOUNDATION TRUST,11873,20793,5902,6089,502,132,0.7071610638195547,0.5029057525477976
2025-12-01,RH8,NHS ENGLAND SOUTH WEST,ROYAL DEVON UNIVERSITY HEALTHCARE NHS FOUNDATION TRUST,11950,15864,5412,5416,876,272,0.6585980837115482,0.547112970711297
2025-12-01,RHM,NHS ENGLAND SOUTH EAST,UNIVERSITY HOSPITAL SOUTHAMPTON NHS FOUNDATION TRUST,11758,12891,4459,4495,568,11,0.6513071134900318,0.6207688382377956
2025-12-01,RHQ,NHS ENGLAND NORTH EAST AND YORKSHIRE,SHEFFIELD TEACHING HOSPITALS NHS FOUNDATION TRUST,9074,17232,4702,5122,1214,5,0.7027623026926648,0.48181617809124977
2025-12-01,RHU,NHS ENGLAND SOUTH EAST,PORTSMOUTH HOSPITALS UNIVERSITY NHS TRUST,10779,14560,4119,4133,773,1033,0.7161401098901099,0.6178680768160312
2025-12-01,RHW,NHS ENGLAND SOUTH EAST,ROYAL BERKSHIRE NHS FOUNDATION TRUST,10977,15938,3714,3748,347,12,0.7648387501568579,0.6616561902159059
2025-12-01,RJ1,NHS ENGLAND LONDON,GUY'S AND ST THOMAS' NHS FOUNDATION TRUST,10381,16883,3407,3542,129,60,0.7902031629449742,0.6718042577786341
2025-12-01,RJ2,NHS ENGLAND LONDON,LEWISHAM AND GREENWICH NHS TRUST,16397,32237,7768,8099,1088,674,0.7487669448149642,0.5262548027078124
2025-12-01,RJ6,NHS ENGLAND LONDON,CROYDON HEALTH SERVICES NHS TRUST,13592,18909,4565,4565,311,691,0.7585805700988947,0.6641406709829312
2025-12-01,RJ7,NHS ENGLAND LONDON,ST GEORGE'S UNIVERSITY HOSPITALS NHS FOUNDATION TRUST,8872,12487,2272,2348,377,457,0.8119644430207416,0.7439134355275023
2025-12-01,RJ8,NHS ENGLAND SOUTH WEST,CORNWALL PARTNERSHIP NHS FOUNDATION TRUST,0,0,0,0,0,0,,
2025-12-01,RJC,NHS ENGLAND MIDLANDS,SOUTH WARWICKSHIRE UNIVERSITY NHS FOUNDATION TRUST,8104,8450,2015,2015,396,49,0.7615384615384615,0.7513573543928924
2025-12-01,RJE,NHS ENGLAND MIDLANDS,UNIVERSITY HOSPITALS OF NORTH MIDLANDS NHS TRUST,14115,22667,7811,8183,1035,1035,0.6389906030793665,0.44661707403471484
2025-12-01,RJL,NHS ENGLAND NORTH EAST AND YORKSHIRE,NORTHERN LINCOLNSHIRE AND GOOLE NHS FOUNDATION TRUST,9775,16345,5737,5778,686,871,0.6464973998164576,0.41309462915601025
2025-12-01,RJN,NHS ENGLAND NORTH WEST,EAST CHESHIRE NHS TRUST,4450,4450,2192,2192,195,285,0.5074157303370787,0.5074157303370787
2025-12-01,RJR,NHS ENGLAND NORTH WEST,COUNTESS OF CHESTER HOSPITAL NHS FOUNDATION TRUST,5495,7611,2600,2902,437,634,0.6187097621863094,0.5268425841674249
2025-12-01,RJZ,NHS ENGLAND LONDON,KING'S COLLEGE HOSPITAL NHS FOUNDATION TRUST,15697,24587,6760,7531,1315,722,0.6936999227233904,0.5693444607249794
2025-12-01,RK5,NHS ENGLAND MIDLANDS,SHERWOOD FOREST HOSPITALS NHS FOUNDATION TRUST,10530,16057,4775,5306,860,642,0.6695522202154823,0.5465337132003798
2025-12-01,RK9,NHS ENGLAND SOUTH WEST,UNIVERSITY HOSPITALS PLYMOUTH NHS TRUST,8876,15981,5057,5130,688,441,0.678993805143608,0.4302613789995493
2025-12-01,RKB,NHS ENGLAND MIDLANDS,UNIVERSITY HOSPITALS COVENTRY AND WARWICKSHIRE NHS TRUST,12997,21117,5550,5818,52,14,0.724487379836151,0.5729783796260676
2025-12-01,RKE,NHS ENGLAND LONDON,WHITTINGTON HEALTH NHS TRUST,9136,9136,2819,2819,282,258,0.6914404553415061,0.6914404553415061
2025-12-01,RL1,NHS ENGLAND MIDLANDS,THE ROBERT JONES AND AGNES HUNT ORTHOPAEDIC HOSPITAL NHS FOUNDATION TRUST,0,0,0,0,0,0,,
2025-12-01,RL4,NHS ENGLAND MIDLANDS,THE ROYAL WOLVERHAMPTON NHS TRUST,10941,19913,4264,4797,883,530,0.7591020941093758,0.6102732839776985
2025-12-01,RLQ,NHS ENGLAND MIDLANDS,WYE VALLEY NHS TRUST,5847,6897,2414,2414,400,202,0.6499927504712193,0.5871387036086881
2025-12-01,RLT,NHS ENGLAND MIDLANDS,GEORGE ELIOT HOSPITAL NHS TRUST,7185,8754,1900,1907,329,424,0.7821567283527531,0.7355601948503827
2025-12-01,RM1,NHS ENGLAND EAST OF ENGLAND,NORFOLK AND NORWICH UNIVERSITY HOSPITALS NHS FOUNDATION TRUST,12638,20753,3957,3960,706,257,0.8091842143304583,0.6868966608640608
2025-12-01,RM3,NHS ENGLAND NORTH WEST,NORTHERN CARE ALLIANCE NHS FOUNDATION TRUST,26198,36401,10888,11233,1121,1085,0.6914095766599819,0.5843957554011756
2025-12-01,RMC,NHS ENGLAND NORTH WEST,BOLTON NHS FOUNDATION TRUST,8610,11847,4428,4724,512,440,0.6012492614163923,0.48571428571428577
2025-12-01,RMP,NHS ENGLAND NORTH WEST,TAMESIDE AND GLOSSOP INTEGRATED CARE NHS FOUNDATION TRUST,8135,11480,4160,4322,361,732,0.6235191637630662,0.4886293792255685
2025-12-01,RN3,NHS ENGLAND SOUTH WEST,GREAT WESTERN HOSPITALS NHS FOUNDATION TRUST,6312,11692,3035,3336,786,209,0.7146767020184741,0.519169835234474
2025-12-01,RN5,NHS ENGLAND SOUTH EAST,HAMPSHIRE HOSPITALS NHS FOUNDATION TRUST,10601,14282,5071,5192,202,6,0.6364654810250665,0.5216489010470711
2025-12-01,RN7,NHS ENGLAND SOUTH EAST,DARTFORD AND GRAVESHAM NHS TRUST,11729,15460,2881,2960,586,342,0.8085381630012937,0.7543695114673032
2025-12-01,RNA,NHS ENGLAND MIDLANDS,THE DUDLEY GROUP NHS FOUNDATION TRUST,9815,14139,4068,4286,2856,155,0.696866822264658,0.5855323484462558
2025-12-01,RNN,NHS ENGLAND NORTH EAST AND YORKSHIRE,NORTH CUMBRIA INTEGRATED CARE NHS FOUNDATION TRUST,8641,10319,3868,3914,606,338,0.6206996802015698,0.5523666242333063
2025-12-01,RNQ,NHS ENGLAND MIDLANDS,KETTERING GENERAL HOSPITAL NHS FOUNDATION TRUST,10450,19488,3980,4011,690,481,0.7941810344827587,0.6191387559808612
2025-12-01,RNS,NHS ENGLAND MIDLANDS,NORTHAMPTON GENERAL HOSPITAL NHS TRUST,10580,13503,4346,4524,484,774,0.6649633414796712,0.5892249527410207
2025-12-01,RNU,NHS ENGLAND SOUTH EAST,OXFORD HEALTH NHS FOUNDATION TRUST,0,3444,0,103,0,0,0.9700929152148664,
2025-12-01,RNZ,NHS ENGLAND SOUTH WEST,SALISBURY NHS FOUNDATION TRUST,4458,6891,1661,1661,417,101,0.7589609635756784,0.6274113952445043
2025-12-01,RP5,NHS ENGLAND NORTH EAST AND YORKSHIRE,DONCASTER AND BASSETLAW TEACHING HOSPITALS NHS FOUNDATION TRUST,13497,17275,5338,5338,1246,235,0.6909985528219971,0.6045047047492036
2025-12-01,RP6,NHS ENGLAND LONDON,MOORFIELDS EYE HOSPITAL NHS FOUNDATION TRUST,0,5192,0,180,0,0,0.9653312788906009,
2025-12-01,RPA,NHS ENGLAND SOUTH EAST,MEDWAY NHS FOUNDATION TRUST,9720,15450,3923,4950,417,680,0.6796116504854368,0.5963991769547325
2025-12-01,RPC,NHS ENGLAND SOUTH EAST,QUEEN VICTORIA HOSPITAL NHS FOUNDATION TRUST,0,1163,0,5,0,0,0.9957007738607051,
2025-12-01,RQ3,NHS ENGLAND MIDLANDS,BIRMINGHAM WOMEN'S AND CHILDREN'S NHS FOUNDATION TRUST,5169,5169,1484,1484,52,3,0.7129038498742504,0.7129038498742504
2025-12-01,RQM,NHS ENGLAND LONDON,CHELSEA AND WESTMINSTER HOSPITAL NHS FOUNDATION TRUST,19984,26685,5683,5923,922,51,0.7780400974330148,0.7156224979983987
2025-12-01,RQW,NHS ENGLAND EAST OF ENGLAND,THE PRINCESS ALEXANDRA HOSPITAL NHS TRUST,8104,10633,2415,2415,492,181,0.7728768926925609,0.7019990128331688
2025-12-01,RQX,NHS ENGLAND LONDON,HOMERTON HEALTHCARE NHS FOUNDATION TRUST,11082,11082,2048,2048,226,25,0.815195813030139,0.815195813030139
2025-12-01,RR7,NHS ENGLAND NORTH EAST AND YORKSHIRE,GATESHEAD HEALTH NHS FOUNDATION TRUST,6245,10445,2793,2820,884,2,0.7300143609382479,0.5527622097678142
2025-12-01,RR8,NHS ENGLAND NORTH EAST AND YORKSHIRE,LEEDS TEACHING HOSPITALS NHS TRUST,17518,29270,7234,7807,1349,809,0.7332763922104544,0.5870533165886517
2025-12-01,RRF,NHS ENGLAND NORTH WEST,"WRIGHTINGTON, WIGAN AND LEIGH NHS FOUNDATION TRUST",8080,12443,4062,4133,548,453,0.6678453749095877,0.4972772277227723
2025-12-01,RRK,NHS ENGLAND MIDLANDS,UNIVERSITY HOSPITALS BIRMINGHAM NHS FOUNDATION TRUST,33408,36732,13755,13795,3075,1269,0.6244419035173691,0.5882722701149425
2025-12-01,RRV,NHS ENGLAND LONDON,UNIVERSITY COLLEGE LONDON HOSPITALS NHS FOUNDATION TRUST,13329,13329,3677,3677,379,128,0.7241353439867957,0.7241353439867957
2025-12-01,RTD,NHS ENGLAND NORTH EAST AND YORKSHIRE,THE NEWCASTLE UPON TYNE HOSPITALS NHS FOUNDATION TRUST,12604,20587,5205,5279,569,65,0.7435760431340166,0.5870358616312281
2025-12-01,RTE,NHS ENGLAND SOUTH WEST,GLOUCESTERSHIRE HOSPITALS NHS FOUNDATION TRUST,12939,12939,4733,4733,380,414,0.6342066620295231,0.6342066620295231
2025-12-01,RTF,NHS ENGLAND NORTH EAST AND YORKSHIRE,NORTHUMBRIA HEALTHCARE NHS FOUNDATION TRUST,10826,23465,3036,3036,89,0,0.8706158107820158,0.7195640125623499
2025-12-01,RTG,NHS ENGLAND MIDLANDS,UNIVERSITY HOSPITALS OF DERBY AND BURTON NHS FOUNDATION TRUST,20794,30314,10071,10199,1284,770,0.6635547931648743,0.5156775993074926
2025-12-01,RTH,NHS ENGLAND SOUTH EAST,OXFORD UNIVERSITY HOSPITALS NHS FOUNDATION TRUST,12246,17371,4126,4212,743,14,0.7575269126705428,0.6630736567042299
2025-12-01,RTK,NHS ENGLAND SOUTH EAST,ASHFORD AND ST PETER'S HOSPITALS NHS FOUNDATION TRUST,7785,10317,3911,3923,596,359,0.619753804400504,0.4976236351958895
2025-12-01,RTP,NHS ENGLAND SOUTH EAST,SURREY AND SUSSEX HEALTHCARE NHS TRUST,10436,10436,4737,4737,573,727,0.5460904561134534,0.5460904561134534
2025-12-01,RTQ,NHS ENGLAND SOUTH WEST,GLOUCESTERSHIRE HEALTH AND CARE NHS FOUNDATION TRUST,0,7676,0,116,0,0,0.9848879624804586,
2025-12-01,RTR,NHS ENGLAND NORTH EAST AND YORKSHIRE,SOUTH TEES HOSPITALS NHS FOUNDATION TRUST,7786,16788,3671,4113,327,11,0.7550035739814153,0.52851271512972
2025-12-01,RTX,NHS ENGLAND NORTH WEST,UNIVERSITY HOSPITALS OF MORECAMBE BAY NHS FOUNDATION TRUST,8766,11333,3818,3891,736,609,0.6566663725403689,0.5644535706137349
2025-12-01,RV9,NHS ENGLAND NORTH EAST AND YORKSHIRE,HUMBER TEACHING NHS FOUNDATION TRUST,0,1108,0,3,0,0,0.9972924187725631,
2025-12-01,RVJ,NHS ENGLAND SOUTH WEST,NORTH BRISTOL NHS TRUST,9074,9074,3144,3144,460,430,0.6535155389023584,0.6535155389023584
2025-12-01,RVR,NHS ENGLAND LONDON,EPSOM AND ST HELIER UNIVERSITY HOSPITALS NHS TRUST,11581,13508,3817,3940,722,821,0.7083209949659461,0.670408427596926
2025-12-01,RVV,NHS ENGLAND SOUTH EAST,EAST KENT HOSPITALS UNIVERSITY NHS FOUNDATION TRUST,14024,26361,6794,7125,597,1276,0.7297143507454193,0.5155447803764974
2025-12-01,RVW,NHS ENGLAND NORTH EAST AND YORKSHIRE,NORTH TEES AND HARTLEPOOL NHS FOUNDATION TRUST,5187,16637,2726,2774,292,33,0.8332632085111499,0.4744553691922113
2025-12-01,RW1,NHS ENGLAND SOUTH EAST,HAMPSHIRE AND ISLE OF WIGHT HEALTHCARE NHS FOUNDATION TRUST,0,2752,0,31,0,0,0.9887354651162791,
2025-12-01,RW4,NHS ENGLAND NORTH WEST,MERSEY CARE NHS FOUNDATION TRUST,0,13436,0,422,0,0,0.9685918428103603,
2025-12-01,RWA,NHS ENGLAND NORTH EAST AND YORKSHIRE,HULL UNIVERSITY TEACHING HOSPITALS NHS TRUST,10230,14458,5408,5764,953,635,0.6013279845068474,0.4713587487781036
2025-12-01,RWD,NHS ENGLAND MIDLANDS,UNITED LINCOLNSHIRE TEACHING HOSPITALS NHS TRUST,17127,21422,6863,7171,877,1081,0.6652506768742414,0.5992876744321831
2025-12-01,RWE,NHS ENGLAND MIDLANDS,UNIVERSITY HOSPITALS OF LEICESTER NHS TRUST,22050,23959,8067,8213,1270,520,0.6572060603531031,0.6341496598639456
2025-12-01,RWF,NHS ENGLAND SOUTH EAST,MAIDSTONE AND TUNBRIDGE WELLS NHS TRUST,18605,19937,4846,4861,1010,383,0.7561819732156292,0.7395323837678043
2025-12-01,RWG,NHS ENGLAND EAST OF ENGLAND,WEST HERTFORDSHIRE TEACHING HOSPITALS NHS TRUST,8832,16276,2577,2771,669,27,0.8297493241582699,0.7082201086956521
2025-12-01,RWH,NHS ENGLAND EAST OF ENGLAND,EAST AND NORTH HERTFORDSHIRE TEACHING NHS TRUST,9346,17659,4818,4925,527,225,0.7211053853559092,0.4844853413224909
2025-12-01,RWJ,NHS ENGLAND NORTH WEST,STOCKPORT NHS FOUNDATION TRUST,8034,9118,3226,3260,596,438,0.6424654529502084,0.5984565596216082
2025-12-01,RWP,NHS ENGLAND MIDLANDS,WORCESTERSHIRE ACUTE HOSPITALS NHS TRUST,13727,18329,7261,7345,1189,1035,0.5992689181079165,0.471042471042471
2025-12-01,RWW,NHS ENGLAND NORTH WEST,WARRINGTON AND HALTON TEACHING HOSPITALS NHS FOUNDATION TRUST,6918,9733,3672,3699,814,772,0.6199527381074694,0.46921075455333916
2025-12-01,RWX,NHS ENGLAND SOUTH EAST,BERKSHIRE HEALTHCARE NHS FOUNDATION TRUST,0,1244,0,13,0,0,0.9895498392282959,
2025-12-01,RWY,NHS ENGLAND NORTH EAST AND YORKSHIRE,CALDERDALE AND HUDDERSFIELD NHS FOUNDATION TRUST,15746,15746,3024,3024,1144,56,0.8079512257081163,0.8079512257081163
2025-12-01,RX1,NHS ENGLAND MIDLANDS,NOTTINGHAM UNIVERSITY HOSPITALS NHS TRUST,12838,23662,7926,9407,196,578,0.60244273518722,0.3826141143480293
2025-12-01,RXC,NHS ENGLAND SOUTH EAST,EAST SUSSEX HEALTHCARE NHS TRUST,9441,11300,4009,4058,275,70,0.6408849557522124,0.5753627793665925
2025-12-01,RXF,NHS ENGLAND NORTH EAST AND YORKSHIRE,MID YORKSHIRE TEACHING NHS TRUST,16288,22701,6350,6710,2001,315,0.7044183075635435,0.6101424361493124
2025-12-01,RXG,NHS ENGLAND NORTH EAST AND YORKSHIRE,SOUTH WEST YORKSHIRE PARTNERSHIP NHS FOUNDATION TRUST,0,0,0,0,0,0,,
2025-12-01,RXK,NHS ENGLAND MIDLANDS,SANDWELL AND WEST BIRMINGHAM HOSPITALS NHS TRUST,11394,21200,5354,5672,1036,422,0.7324528301886792,0.5301035632789187
2025-12-01,RXL,NHS ENGLAND NORTH WEST,BLACKPOOL TEACHING HOSPITALS NHS FOUNDATION TRUST,8841,18810,4200,4324,498,466,0.7701222753854333,0.5249406175771971
2025-12-01,RXN,NHS ENGLAND NORTH WEST,LANCASHIRE TEACHING HOSPITALS NHS FOUNDATION TRUST,12275,15525,4443,4535,1006,446,0.707890499194847,0.6380448065173117
2025-12-01,RXP,NHS ENGLAND NORTH EAST AND YORKSHIRE,COUNTY DURHAM AND DARLINGTON NHS FOUNDATION TRUST,12861,16920,5583,5583,1981,30,0.6700354609929078,0.5658968975973875
2025-12-01,RXQ,NHS ENGLAND SOUTH EAST,BUCKINGHAMSHIRE HEALTHCARE NHS TRUST,9649,13936,3938,3989,205,204,0.7137629161882892,0.591874805679345
2025-12-01,RXR,NHS ENGLAND NORTH WEST,EAST LANCASHIRE HOSPITALS NHS TRUST,13823,24319,4863,5387,412,1139,0.7784859574818044,0.648195037256746
2025-12-01,RXW,NHS ENGLAND MIDLANDS,THE SHREWSBURY AND TELFORD HOSPITAL NHS TRUST,10764,13569,6049,6507,497,1429,0.5204510280787088,0.43803418803418803
2025-12-01,RY2,NHS ENGLAND NORTH WEST,BRIDGEWATER COMMUNITY HEALTHCARE NHS FOUNDATION TRUST,0,3088,0,130,0,0,0.957901554404145,
2025-12-01,RY4,NHS ENGLAND EAST OF ENGLAND,HERTFORDSHIRE COMMUNITY NHS TRUST,0,1033,0,11,0,0,0.989351403678606,
2025-12-01,RY5,NHS ENGLAND MIDLANDS,LINCOLNSHIRE COMMUNITY HEALTH SERVICES NHS TRUST,0,8220,0,166,0,0,0.9798053527980535,
2025-12-01,RY7,NHS ENGLAND NORTH WEST,WIRRAL COMMUNITY HEALTH AND CARE NHS FOUNDATION TRUST,0,3401,0,324,0,0,0.9047339017935901,
2025-12-01,RY8,NHS ENGLAND MIDLANDS,DERBYSHIRE COMMUNITY HEALTH SERVICES NHS FOUNDATION TRUST,0,6947,0,346,0,0,0.9501943284871167,
2025-12-01,RYF,NHS ENGLAND SOUTH WEST,SOUTH WESTERN AMBULANCE SERVICE NHS FOUNDATION TRUST,0,1808,0,23,0,0,0.9872787610619469,
2025-12-01,RYG,NHS ENGLAND MIDLANDS,COVENTRY AND WARWICKSHIRE PARTNERSHIP NHS TRUST,0,0,0,0,0,0,,
2025-12-01,RYJ,NHS ENGLAND LONDON,IMPERIAL COLLEGE HEALTHCARE NHS TRUST,12169,22105,5058,5405,621,0,0.7554851843474327,0.5843536855945435
2025-12-01,RYR,NHS ENGLAND SOUTH EAST,UNIVERSITY HOSPITALS SUSSEX NHS FOUNDATION TRUST,27283,30091,11226,11444,905,718,0.619686949586255,0.5885349851555914
2025-12-01,RYX,NHS ENGLAND LONDON,CENTRAL LONDON COMMUNITY HEALTHCARE NHS TRUST,0,11883,0,143,0,0,0.9879660018513843,
2025-12-01,RYY,NHS ENGLAND SOUTH EAST,KENT COMMUNITY HEALTH NHS FOUNDATION TRUST,0,6479,0,17,0,0,0.9973761382929465,
2025-12-01,Y02428,NHS ENGLAND EAST OF ENGLAND,PUTNOE WALK IN CENTRE,0,3460,0,0,0,0,1.0,
2025-12-01,Y02532,NHS ENGLAND NORTH WEST,MIRIAM MINOR EMERGENCY,0,1787,0,0,0,0,1.0,
2025-12-01,Y02615,NHS ENGLAND MIDLANDS,SOUTH BIRMINGHAM GP WALK IN CENTRE,0,4387,0,0,0,0,1.0,
2025-12-01,Y02676,NHS ENGLAND SOUTH EAST,BRIGHTON STATION HEALTH CENTRE,0,1871,0,0,0,0,1.0,
2025-12-01,Y03007,NHS ENGLAND MIDLANDS,ERDINGTON GP HEALTH & WELLBEING WIC,0,0,0,0,0,0,,
2025-12-01,Y03218,NHS ENGLAND LONDON,THE PINN UNREGISTERED WIC,0,1005,0,0,0,0,1.0,
2026-01-01,8J094,NHS ENGLAND MIDLANDS,BADGER LTD,0,0,0,0,0,0,,
2026-01-01,AAH,NHS ENGLAND SOUTH WEST,TETBURY HOSPITAL TRUST LTD,0,589,0,1,0,0,0.99830220713073,
2026-01-01,ACH01,NHS ENGLAND SOUTH EAST,WHITSTABLE MEDICAL PRACTICE,0,4990,0,0,0,0,1.0,
2026-01-01,AD913,NHS ENGLAND LONDON,BECKENHAM BEACON UCC,0,3343,0,7,0,0,0.9979060723900688,
2026-01-01,AJN,NHS ENGLAND NORTH EAST AND YORKSHIRE,WORKINGTON HEALTH LIMITED,0,361,0,0,0,0,1.0,
2026-01-01,AQM01,NHS ENGLAND SOUTH EAST,FAVERSHAM MEDICAL PRACTICE MIU,0,3162,0,0,0,0,1.0,
2026-01-01,AQN04,NHS ENGLAND SOUTH EAST,PHL LYMINGTON UTC,0,2705,0,13,0,0,0.9951940850277264,
2026-01-01,ARN03,NHS ENGLAND NORTH EAST AND YORKSHIRE,LOCAL CARE DIRECT,0,2462,0,9,0,0,0.996344435418359,
2026-01-01,C82009,NHS ENGLAND MIDLANDS,MARKET HARBOROUGH MED.CTR,0,219,0,0,0,0,1.0,
2026-01-01,C82038,NHS ENGLAND MIDLANDS,LATHAM HOUSE MEDICAL PRACTICE,0,322,0,0,0,0,1.0,
2026-01-01,C83023,NHS ENGLAND MIDLANDS,SLEAFORD MEDICAL GROUP,0,561,0,0,0,0,1.0,
2026-01-01,DJV01,NHS ENGLAND SOUTH EAST,HERNE BAY HEALTH CARE LTD,0,2650,0,0,0,0,1.0,
2026-01-01,DT301,NHS ENGLAND EAST OF ENGLAND,HERTS URGENT CARE (ASCOTS LANE),0,1941,0,37,0,0,0.9809376609994848,
2026-01-01,G0Q0L,NHS ENGLAND LONDON,BARKING HOSPITAL UTC,0,2520,0,10,0,0,0.996031746031746,
2026-01-01,G3P9C,NHS ENGLAND SOUTH WEST,TROWBRIDGE MINOR INJURIES UNIT,0,1052,0,2,0,0,0.9980988593155894,
2026-01-01,K6K0R,NHS ENGLAND LONDON,HAROLD WOOD POLYCLINIC UTC,0,2911,0,13,0,0,0.9955341806939196,
2026-01-01,L83087,NHS ENGLAND SOUTH WEST,OKEHAMPTON MEDICAL CENTRE,0,62,0,0,0,0,1.0,
2026-01-01,NDJ,NHS ENGLAND SOUTH EAST,FIRST COMMUNITY HEALTH AND CARE CIC,0,2236,0,17,0,0,0.9923971377459749,
2026-01-01,NL7,NHS ENGLAND MIDLANDS,ASSURA VERTIS URGENT CARE CENTRES (BIRMINGHAM),0,3237,0,0,0,0,1.0,
2026-01-01,NLX,NHS ENGLAND SOUTH WEST,SIRONA CARE & HEALTH,0,7859,0,116,0,0,0.985239852398524,
2026-01-01,NNF09,NHS ENGLAND NORTH EAST AND YORKSHIRE,BRANSHOLME HEALTH CENTRE,0,3624,0,266,0,0,0.9266004415011038,
2026-01-01,NNF16,NHS ENGLAND NORTH EAST AND YORKSHIRE,BRIDLINGTON HOSPITAL,0,1283,0,23,0,0,0.9820732657833203,
2026-01-01,NNF94,NHS ENGLAND NORTH EAST AND YORKSHIRE,EAST RIDING COMMUNITY HOSPITAL,0,2419,0,138,0,0,0.9429516329061596,
2026-01-01,NNFA7,NHS ENGLAND NORTH EAST AND YORKSHIRE,GOOLE & DISTRICT HOSPITAL,0,1571,0,21,0,0,0.9866327180140039,
2026-01-01,NNJ,NHS ENGLAND MIDLANDS,DHU HEALTH CARE C.I.C,0,1937,0,11,0,0,0.9943211151264842,
2026-01-01,NNJ07,NHS ENGLAND MIDLANDS,LOUGHBOROUGH URGENT CARE CENTRE,0,5147,0,37,0,0,0.9928113464153876,
2026-01-01,NNJ0H,NHS ENGLAND MIDLANDS,LLR EA - THE MERLYN VAZ HEALTH & SOCIAL CARE CENTRE,0,207,0,1,0,0,0.9951690821256038,
2026-01-01,NNJ12,NHS ENGLAND MIDLANDS,MARKET HARBOROUGH,0,106,0,0,0,0,1.0,
2026-01-01,NNJ13,NHS ENGLAND MIDLANDS,MELTON MOWBRAY,0,59,0,1,0,0,0.9830508474576272,
2026-01-01,NNJ14,NHS ENGLAND MIDLANDS,OADBY,0,551,0,2,0,0,0.9963702359346642,
2026-01-01,NNJ15,NHS ENGLAND MIDLANDS,OAKHAM,0,62,0,1,0,0,0.9838709677419355,
2026-01-01,NQT1I,NHS ENGLAND SOUTH WEST,CHIPPENHAM COMMUNITY HOSPITAL,0,1504,0,14,0,0,0.9906914893617021,
2026-01-01,NQT5F,NHS ENGLAND NORTH WEST,SKELMERSDALE WALK IN CENTRE,0,1552,0,4,0,0,0.9974226804123711,
2026-01-01,NQT5H,NHS ENGLAND SOUTH WEST,PAULTON MEMORIAL HOSPITAL,0,1043,0,5,0,0,0.9952061361457335,
2026-01-01,NQTE4,NHS ENGLAND MIDLANDS,SUMMERFIELD URGENT CARE CENTRE,0,2840,0,0,0,0,1.0,
2026-01-01,NTP11,NHS ENGLAND SOUTH EAST,PRACTICE PLUS GROUP HOSPITAL - SOUTHAMPTON,0,5146,0,71,0,0,0.9862028760202098,
2026-01-01,NTPAD,NHS ENGLAND SOUTH EAST,PRACTICE PLUS GROUP SURGICAL CENTRE - ST MARYS PORTSMOUTH,0,4866,0,227,0,0,0.9533497739416359,
2026-01-01,NTV0B,NHS ENGLAND SOUTH EAST,ASHFORD WALK-IN-CENTRE,0,2350,0,28,0,0,0.9880851063829788,
2026-01-01,NTV0W,NHS ENGLAND SOUTH EAST,WOKING WALK IN CENTRE,0,2724,0,22,0,0,0.9919236417033774,
2026-01-01,NV693,NHS ENGLAND NORTH WEST,ROSSENDALE MIU & OOH,0,854,0,1,0,0,0.9988290398126464,
2026-01-01,NVE43,NHS ENGLAND SOUTH EAST,HASTINGS GP LED HEALTH CENTRE,0,1059,0,0,0,0,1.0,
2026-01-01,R0A,NHS ENGLAND NORTH WEST,MANCHESTER UNIVERSITY NHS FOUNDATION TRUST,26747,40731,10951,11450,4363,188,0.7188873339716677,0.5905709051482408
2026-01-01,R0B,NHS ENGLAND NORTH EAST AND YORKSHIRE,SOUTH TYNESIDE AND SUNDERLAND NHS FOUNDATION TRUST,11310,17745,5981,6202,1220,0,0.6504930966469429,0.47117595048629535
2026-01-01,R0D,NHS ENGLAND SOUTH WEST,UNIVERSITY HOSPITALS DORSET NHS FOUNDATION TRUST,14299,18302,6765,6765,1172,698,0.6303682657633045,0.5268899923071544
2026-01-01,R1D,NHS ENGLAND MIDLANDS,SHROPSHIRE COMMUNITY HEALTH NHS TRUST,0,2888,0,5,0,0,0.9982686980609419,
2026-01-01,R1F,NHS ENGLAND SOUTH EAST,ISLE OF WIGHT NHS TRUST,4083,5695,1710,1812,287,307,0.6818261633011413,0.5811903012490816
2026-01-01,R1H,NHS ENGLAND LONDON,BARTS HEALTH NHS TRUST,26186,44832,11785,12959,1058,1352,0.7109430763740185,0.5499503551516077
2026-01-01,R1K,NHS ENGLAND LONDON,LONDON NORTH WEST UNIVERSITY HEALTHCARE NHS TRUST,13710,29520,7893,8517,802,776,0.7114837398373983,0.42428884026258207
2026-01-01,RA2,NHS ENGLAND SOUTH EAST,ROYAL SURREY NHS FOUNDATION TRUST,6755,8646,2764,2764,543,136,0.6803145963451307,0.5908216136195411
2026-01-01,RA7,NHS ENGLAND SOUTH WEST,UNIVERSITY HOSPITALS BRISTOL AND WESTON NHS FOUNDATION TRUST,15960,18376,6011,6193,1077,793,0.6629843273835437,0.6233709273182957
2026-01-01,RA9,NHS ENGLAND SOUTH WEST,TORBAY AND SOUTH DEVON NHS FOUNDATION TRUST,6524,9558,3120,3123,202,106,0.6732580037664784,0.5217657878602084
2026-01-01,RAE,NHS ENGLAND NORTH EAST AND YORKSHIRE,BRADFORD TEACHING HOSPITALS NHS FOUNDATION TRUST,9305,13580,2144,2145,594,83,0.8420471281296024,0.769586243954863
2026-01-01,RAJ,NHS ENGLAND EAST OF ENGLAND,MID AND SOUTH ESSEX NHS FOUNDATION TRUST,26230,33725,11399,11890,2637,951,0.6474425500370644,0.5654212733511247
2026-01-01,RAL,NHS ENGLAND LONDON,ROYAL FREE LONDON NHS FOUNDATION TRUST,27220,43338,9515,10626,739,2508,0.7548110203516545,0.6504408523144747
2026-01-01,RAN,NHS ENGLAND LONDON,ROYAL NATIONAL ORTHOPAEDIC HOSPITAL NHS TRUST,0,0,0,0,0,0,,
2026-01-01,RAS,NHS ENGLAND LONDON,THE HILLINGDON HOSPITALS NHS FOUNDATION TRUST,5428,12107,2710,2736,622,34,0.7740150326257537,0.5007369196757554
2026-01-01,RAT,NHS ENGLAND LONDON,NORTH EAST LONDON NHS FOUNDATION TRUST,0,1623,0,40,0,0,0.9753542821934689,
2026-01-01,RAX,NHS ENGLAND LONDON,KINGSTON AND RICHMOND NHS FOUNDATION TRUST,7010,14988,4131,4543,176,667,0.6968908460101415,0.4106990014265335
2026-01-01,RBD,NHS ENGLAND SOUTH WEST,DORSET COUNTY HOSPITAL NHS FOUNDATION TRUST,4499,4499,1806,1806,229,114,0.5985774616581463,0.5985774616581463
2026-01-01,RBK,NHS ENGLAND MIDLANDS,WALSALL HEALTHCARE NHS TRUST,9620,13276,3986,4027,1063,729,0.696670683940946,0.5856548856548857
2026-01-01,RBL,NHS ENGLAND NORTH WEST,WIRRAL UNIVERSITY TEACHING HOSPITAL NHS FOUNDATION TRUST,7867,10651,4561,4640,412,1051,0.5643601539761525,0.42023643065971783
2026-01-01,RBN,NHS ENGLAND NORTH WEST,MERSEY AND WEST LANCASHIRE TEACHING HOSPITALS NHS TRUST,17418,24623,6696,6768,410,573,0.7251350363481298,0.6155700998966587
2026-01-01,RBQ,NHS ENGLAND NORTH WEST,LIVERPOOL HEART AND CHEST HOSPITAL NHS FOUNDATION TRUST,0,0,0,0,0,0,,
2026-01-01,RBS,NHS ENGLAND NORTH WEST,ALDER HEY CHILDREN'S NHS FOUNDATION TRUST,6012,6012,823,823,0,0,0.863107119095143,0.863107119095143
2026-01-01,RBT,NHS ENGLAND NORTH WEST,MID CHESHIRE HOSPITALS NHS FOUNDATION TRUST,6966,9841,3491,3495,417,590,0.6448531653287268,0.4988515647430376
2026-01-01,RBV,NHS ENGLAND NORTH WEST,THE CHRISTIE NHS FOUNDATION TRUST,0,0,0,0,0,0,,
2026-01-01,RC9,NHS ENGLAND EAST OF ENGLAND,BEDFORDSHIRE HOSPITALS NHS FOUNDATION TRUST,17269,26439,6734,6734,82,92,0.7453005030447445,0.6100526955816781
2026-01-01,RCB,NHS ENGLAND NORTH EAST AND YORKSHIRE,YORK AND SCARBOROUGH TEACHING HOSPITALS NHS FOUNDATION TRUST,10943,17527,6338,6569,795,930,0.6252068237576311,0.42081696061409124
2026-01-01,RCD,NHS ENGLAND NORTH EAST AND YORKSHIRE,HARROGATE AND DISTRICT NHS FOUNDATION TRUST,5166,6454,1844,1846,422,43,0.7139758289432909,0.6430507162214479
2026-01-01,RCF,NHS ENGLAND NORTH EAST AND YORKSHIRE,AIREDALE NHS FOUNDATION TRUST,6127,6338,2600,2600,576,301,0.589775954559798,0.5756487677493063
2026-01-01,RCU,NHS ENGLAND NORTH EAST AND YORKSHIRE,SHEFFIELD CHILDREN'S NHS FOUNDATION TRUST,4169,4619,305,305,3,0,0.9339683914267157,0.9268409690573279
2026-01-01,RCX,NHS ENGLAND EAST OF ENGLAND,"THE QUEEN ELIZABETH HOSPITAL, KING'S LYNN, NHS FOUNDATION TRUST",6576,8318,2997,2997,585,229,0.6396970425583073,0.5442518248175183
2026-01-01,RD1,NHS ENGLAND SOUTH WEST,ROYAL UNITED HOSPITALS BATH NHS FOUNDATION TRUST,8979,8979,4112,4112,1058,328,0.5420425437131083,0.5420425437131083
2026-01-01,RD8,NHS ENGLAND EAST OF ENGLAND,MILTON KEYNES UNIVERSITY HOSPITAL NHS FOUNDATION TRUST,8057,13501,3997,4161,935,0,0.6918006073624177,0.5039096437880104
2026-01-01,RDE,NHS ENGLAND EAST OF ENGLAND,EAST SUFFOLK AND NORTH ESSEX NHS FOUNDATION TRUST,11181,24344,5267,6214,674,744,0.7447420308905686,0.5289330113585546
2026-01-01,RDR,NHS ENGLAND SOUTH EAST,SUSSEX COMMUNITY NHS FOUNDATION TRUST,0,11207,0,126,0,0,0.9887570268582137,
2026-01-01,RDU,NHS ENGLAND SOUTH EAST,FRIMLEY HEALTH NHS FOUNDATION TRUST,23318,35682,11117,11371,1272,743,0.6813239168208061,0.5232438459559139
2026-01-01,RDY,NHS ENGLAND SOUTH WEST,DORSET HEALTHCARE UNIVERSITY NHS FOUNDATION TRUST,0,0,0,0,0,0,,
2026-01-01,REF,NHS ENGLAND SOUTH WEST,ROYAL CORNWALL HOSPITALS NHS TRUST,6796,17447,3732,4395,613,773,0.7480942282340803,0.4508534432018835
2026-01-01,REM,NHS ENGLAND NORTH WEST,LIVERPOOL UNIVERSITY HOSPITALS NHS FOUNDATION TRUST,16038,25692,8285,8572,739,1485,0.6663552856920443,0.48341439082179827
2026-01-01,REP,NHS ENGLAND NORTH WEST,LIVERPOOL WOMEN'S NHS FOUNDATION TRUST,0,1575,0,164,0,0,0.8958730158730159,
2026-01-01,RET,NHS ENGLAND NORTH WEST,THE WALTON CENTRE NHS FOUNDATION TRUST,0,0,0,0,0,0,,
2026-01-01,RF4,NHS ENGLAND LONDON,"BARKING, HAVERING AND REDBRIDGE UNIVERSITY HOSPITALS NHS TRUST",13676,30178,6707,7410,540,1361,0.7544568891245278,0.5095788242176075
2026-01-01,RFF,NHS ENGLAND NORTH EAST AND YORKSHIRE,BARNSLEY HOSPITAL NHS FOUNDATION TRUST,9365,9365,3429,3429,915,19,0.6338494394020289,0.6338494394020289
2026-01-01,RFR,NHS ENGLAND NORTH EAST AND YORKSHIRE,THE ROTHERHAM NHS FOUNDATION TRUST,9772,9772,3420,3420,1099,112,0.6500204666393778,0.6500204666393778
2026-01-01,RFS,NHS ENGLAND MIDLANDS,CHESTERFIELD ROYAL HOSPITAL NHS FOUNDATION TRUST,5497,10957,4006,4060,767,628,0.6294606187825135,0.2712388575586684
2026-01-01,RGN,NHS ENGLAND EAST OF ENGLAND,NORTH WEST ANGLIA NHS FOUNDATION TRUST,15653,20367,6612,6752,554,1056,0.6684833308783817,0.5775889605826359
2026-01-01,RGP,NHS ENGLAND EAST OF ENGLAND,JAMES PAGET UNIVERSITY HOSPITALS NHS FOUNDATION TRUST,7247,9039,2533,2533,577,417,0.7197698860493418,0.6504760590589209
2026-01-01,RGR,NHS ENGLAND EAST OF ENGLAND,WEST SUFFOLK NHS FOUNDATION TRUST,7780,8687,2804,2804,473,622,0.6772188327385749,0.6395886889460154
2026-01-01,RGT,NHS ENGLAND EAST OF ENGLAND,CAMBRIDGE UNIVERSITY HOSPITALS NHS FOUNDATION TRUST,11197,16313,5218,5328,538,729,0.6733893214001103,0.533982316691971
2026-01-01,RH5,NHS ENGLAND SOUTH WEST,SOMERSET NHS FOUNDATION TRUST,11844,21001,6579,6888,839,330,0.6720156183038903,0.44452887537993924
2026-01-01,RH8,NHS ENGLAND SOUTH WEST,ROYAL DEVON UNIVERSITY HEALTHCARE NHS FOUNDATION TRUST,12593,16495,5840,5848,1073,430,0.6454683237344649,0.5362502977844834
2026-01-01,RHM,NHS ENGLAND SOUTH EAST,UNIVERSITY HOSPITAL SOUTHAMPTON NHS FOUNDATION TRUST,11380,12612,4182,4227,438,11,0.6648430066603235,0.6325131810193322
2026-01-01,RHQ,NHS ENGLAND NORTH EAST AND YORKSHIRE,SHEFFIELD TEACHING HOSPITALS NHS FOUNDATION TRUST,9248,17305,5409,5882,1527,16,0.6600982375036117,0.41511678200692037
2026-01-01,RHU,NHS ENGLAND SOUTH EAST,PORTSMOUTH HOSPITALS UNIVERSITY NHS TRUST,10780,14924,4300,4306,719,1400,0.7114714553738943,0.601113172541744
2026-01-01,RHW,NHS ENGLAND SOUTH EAST,ROYAL BERKSHIRE NHS FOUNDATION TRUST,11180,16244,4292,4360,336,11,0.7315932036444226,0.6161001788908766
2026-01-01,RJ1,NHS ENGLAND LONDON,GUY'S AND ST THOMAS' NHS FOUNDATION TRUST,10484,16995,3908,4061,127,59,0.7610473668726097,0.6272415108737124
2026-01-01,RJ2,NHS ENGLAND LONDON,LEWISHAM AND GREENWICH NHS TRUST,16319,32409,8960,9383,1147,943,0.7104816563300318,0.450946749188063
2026-01-01,RJ6,NHS ENGLAND LONDON,CROYDON HEALTH SERVICES NHS TRUST,13686,18733,4963,4963,224,814,0.7350664602572999,0.6373666520531931
2026-01-01,RJ7,NHS ENGLAND LONDON,ST GEORGE'S UNIVERSITY HOSPITALS NHS FOUNDATION TRUST,9068,13000,3013,3132,432,697,0.7590769230769231,0.6677326863696516
2026-01-01,RJ8,NHS ENGLAND SOUTH WEST,CORNWALL PARTNERSHIP NHS FOUNDATION TRUST,0,0,0,0,0,0,,
2026-01-01,RJC,NHS ENGLAND MIDLANDS,SOUTH WARWICKSHIRE UNIVERSITY NHS FOUNDATION TRUST,8243,8629,2728,2728,558,235,0.6838567620813536,0.6690525294189009
2026-01-01,RJE,NHS ENGLAND MIDLANDS,UNIVERSITY HOSPITALS OF NORTH MIDLANDS NHS TRUST,14374,22519,8158,8304,1062,1264,0.631244726675252,0.4324474746069292
2026-01-01,RJL,NHS ENGLAND NORTH EAST AND YORKSHIRE,NORTHERN LINCOLNSHIRE AND GOOLE NHS FOUNDATION TRUST,9631,16692,5647,5687,676,1139,0.6592978672417924,0.4136642093240578
2026-01-01,RJN,NHS ENGLAND NORTH WEST,EAST CHESHIRE NHS TRUST,4314,4314,2554,2554,254,384,0.4079740380157626,0.4079740380157626
2026-01-01,RJR,NHS ENGLAND NORTH WEST,COUNTESS OF CHESTER HOSPITAL NHS FOUNDATION TRUST,5364,7781,2934,3351,262,865,0.5693355609818789,0.4530201342281879
2026-01-01,RJZ,NHS ENGLAND LONDON,KING'S COLLEGE HOSPITAL NHS FOUNDATION TRUST,16373,25541,7823,8460,1503,1145,0.668767863435261,0.5222011848775423
2026-01-01,RK5,NHS ENGLAND MIDLANDS,SHERWOOD FOREST HOSPITALS NHS FOUNDATION TRUST,11441,16632,4631,5104,837,689,0.6931216931216931,0.5952276898872476
2026-01-01,RK9,NHS ENGLAND SOUTH WEST,UNIVERSITY HOSPITALS PLYMOUTH NHS TRUST,8852,16801,5644,5842,559,807,0.6522826022260579,0.36240397650248535
2026-01-01,RKB,NHS ENGLAND MIDLANDS,UNIVERSITY HOSPITALS COVENTRY AND WARWICKSHIRE NHS TRUST,12635,20915,5477,5703,46,8,0.727324886445135,0.5665215670755837
2026-01-01,RKE,NHS ENGLAND LONDON,WHITTINGTON HEALTH NHS TRUST,9222,9222,2870,2870,179,376,0.6887876816308827,0.6887876816308827
2026-01-01,RL1,NHS ENGLAND MIDLANDS,THE ROBERT JONES AND AGNES HUNT ORTHOPAEDIC HOSPITAL NHS FOUNDATION TRUST,0,0,0,0,0,0,,
2026-01-01,RL4,NHS ENGLAND MIDLANDS,THE ROYAL WOLVERHAMPTON NHS TRUST,11174,18997,4222,4518,838,718,0.7621729746802126,0.6221585824234831
2026-01-01,RLQ,NHS ENGLAND MIDLANDS,WYE VALLEY NHS TRUST,6012,7045,2490,2490,505,275,0.6465578424414478,0.5858283433133733
2026-01-01,RLT,NHS ENGLAND MIDLANDS,GEORGE ELIOT HOSPITAL NHS TRUST,7067,8681,2268,2292,347,568,0.7359751180739547,0.679071741898967
2026-01-01,RM1,NHS ENGLAND EAST OF ENGLAND,NORFOLK AND NORWICH UNIVERSITY HOSPITALS NHS FOUNDATION TRUST,12503,19875,4255,4256,652,555,0.7858616352201258,0.6596816763976645
2026-01-01,RM3,NHS ENGLAND NORTH WEST,NORTHERN CARE ALLIANCE NHS FOUNDATION TRUST,26583,36255,10504,10770,893,1610,0.7029375258585022,0.6048602490313358
2026-01-01,RMC,NHS ENGLAND NORTH WEST,BOLTON NHS FOUNDATION TRUST,8324,11947,4154,4521,445,531,0.6215786389888676,0.5009610764055743
2026-01-01,RMP,NHS ENGLAND NORTH WEST,TAMESIDE AND GLOSSOP INTEGRATED CARE NHS FOUNDATION TRUST,8359,11253,4561,4680,232,904,0.5841109037589975,0.45436056944610603
2026-01-01,RN3,NHS ENGLAND SOUTH WEST,GREAT WESTERN HOSPITALS NHS FOUNDATION TRUST,6337,11670,3548,3887,527,463,0.666923736075407,0.4401136184314345
2026-01-01,RN5,NHS ENGLAND SOUTH EAST,HAMPSHIRE HOSPITALS NHS FOUNDATION TRUST,10362,14443,6010,6289,429,53,0.5645641487225646,0.41999613974136263
2026-01-01,RN7,NHS ENGLAND SOUTH EAST,DARTFORD AND GRAVESHAM NHS TRUST,11427,15203,3042,3070,536,502,0.7980661711504309,0.7337883959044369
2026-01-01,RNA,NHS ENGLAND MIDLANDS,THE DUDLEY GROUP NHS FOUNDATION TRUST,9849,13681,3750,3812,2570,117,0.7213653972662817,0.6192506853487664
2026-01-01,RNN,NHS ENGLAND NORTH EAST AND YORKSHIRE,NORTH CUMBRIA INTEGRATED CARE NHS FOUNDATION TRUST,8906,10449,4344,4383,635,603,0.5805340223944875,0.5122389400404221
2026-01-01,RNQ,NHS ENGLAND MIDLANDS,KETTERING GENERAL HOSPITAL NHS FOUNDATION TRUST,10704,19295,4181,4189,614,647,0.7828971236071521,0.609398355754858
2026-01-01,RNS,NHS ENGLAND MIDLANDS,NORTHAMPTON GENERAL HOSPITAL NHS TRUST,10676,13412,4333,4430,407,923,0.6696987772144348,0.5941363806669164
2026-01-01,RNU,NHS ENGLAND SOUTH EAST,OXFORD HEALTH NHS FOUNDATION TRUST,0,3872,0,118,0,0,0.9695247933884298,
2026-01-01,RNZ,NHS ENGLAND SOUTH WEST,SALISBURY NHS FOUNDATION TRUST,4691,7058,2163,2163,434,171,0.6935392462453953,0.5389042848006822
2026-01-01,RP5,NHS ENGLAND NORTH EAST AND YORKSHIRE,DONCASTER AND BASSETLAW TEACHING HOSPITALS NHS FOUNDATION TRUST,13844,17819,5716,5718,1288,339,0.6791065716370166,0.5871135509968217
2026-01-01,RP6,NHS ENGLAND LONDON,MOORFIELDS EYE HOSPITAL NHS FOUNDATION TRUST,0,5617,0,271,0,0,0.9517536051272921,
2026-01-01,RPA,NHS ENGLAND SOUTH EAST,MEDWAY NHS FOUNDATION TRUST,9581,15128,4097,4863,312,869,0.6785430988894765,0.5723828410395575
2026-01-01,RPC,NHS ENGLAND SOUTH EAST,QUEEN VICTORIA HOSPITAL NHS FOUNDATION TRUST,0,1167,0,4,0,0,0.9965724078834619,
2026-01-01,RQ3,NHS ENGLAND MIDLANDS,BIRMINGHAM WOMEN'S AND CHILDREN'S NHS FOUNDATION TRUST,4501,4501,1009,1009,33,4,0.7758275938680294,0.7758275938680294
2026-01-01,RQM,NHS ENGLAND LONDON,CHELSEA AND WESTMINSTER HOSPITAL NHS FOUNDATION TRUST,20360,26947,6068,6265,1360,54,0.7675065870041192,0.7019646365422396
2026-01-01,RQW,NHS ENGLAND EAST OF ENGLAND,THE PRINCESS ALEXANDRA HOSPITAL NHS TRUST,8998,11421,2254,2254,511,322,0.8026442518168286,0.749499888864192
2026-01-01,RQX,NHS ENGLAND LONDON,HOMERTON HEALTHCARE NHS FOUNDATION TRUST,11326,11326,2399,2399,322,36,0.788186473600565,0.788186473600565
2026-01-01,RR7,NHS ENGLAND NORTH EAST AND YORKSHIRE,GATESHEAD HEALTH NHS FOUNDATION TRUST,5916,10109,3081,3119,1068,12,0.6914630527252943,0.47920892494929
2026-01-01,RR8,NHS ENGLAND NORTH EAST AND YORKSHIRE,LEEDS TEACHING HOSPITALS NHS TRUST,18079,29818,7513,7852,1129,1030,0.7366691260312563,0.5844349798108303
2026-01-01,RRF,NHS ENGLAND NORTH WEST,"WRIGHTINGTON, WIGAN AND LEIGH TEACHING HOSPITALS NHS FOUNDATION TRUST",7503,12249,4108,4207,540,567,0.6565433912972487,0.45248567239770754
2026-01-01,RRK,NHS ENGLAND MIDLANDS,UNIVERSITY HOSPITALS BIRMINGHAM NHS FOUNDATION TRUST,33649,37179,14514,14547,2517,2076,0.6087307350923908,0.5686647448661178
2026-01-01,RRV,NHS ENGLAND LONDON,UNIVERSITY COLLEGE LONDON HOSPITALS NHS FOUNDATION TRUST,13308,13308,4256,4256,394,317,0.6801923654944395,0.6801923654944395
2026-01-01,RTD,NHS ENGLAND NORTH EAST AND YORKSHIRE,THE NEWCASTLE UPON TYNE HOSPITALS NHS FOUNDATION TRUST,11948,20646,5103,5304,669,26,0.7430979366463237,0.5728992299966522
2026-01-01,RTE,NHS ENGLAND SOUTH WEST,GLOUCESTERSHIRE HOSPITALS NHS FOUNDATION TRUST,13205,13205,5315,5315,318,543,0.5975009466111321,0.5975009466111321
2026-01-01,RTF,NHS ENGLAND NORTH EAST AND YORKSHIRE,NORTHUMBRIA HEALTHCARE NHS FOUNDATION TRUST,10331,22516,3062,3062,99,0,0.8640078166637057,0.7036104926918982
2026-01-01,RTG,NHS ENGLAND MIDLANDS,UNIVERSITY HOSPITALS OF DERBY AND BURTON NHS FOUNDATION TRUST,20357,28934,9961,9964,1085,1544,0.6556300546070367,0.5106842855037579
2026-01-01,RTH,NHS ENGLAND SOUTH EAST,OXFORD UNIVERSITY HOSPITALS NHS FOUNDATION TRUST,12324,17575,3953,4006,620,23,0.7720625889046941,0.6792437520285621
2026-01-01,RTK,NHS ENGLAND SOUTH EAST,ASHFORD AND ST PETER'S HOSPITALS NHS FOUNDATION TRUST,7877,10530,4216,4258,574,424,0.5956315289648624,0.46477085184714995
2026-01-01,RTP,NHS ENGLAND SOUTH EAST,SURREY AND SUSSEX HEALTHCARE NHS TRUST,10034,10034,4418,4418,515,783,0.5596970300976679,0.5596970300976679
2026-01-01,RTQ,NHS ENGLAND SOUTH WEST,GLOUCESTERSHIRE HEALTH AND CARE NHS FOUNDATION TRUST,0,7989,0,105,0,0,0.98685692827638,
2026-01-01,RTR,NHS ENGLAND NORTH EAST AND YORKSHIRE,SOUTH TEES HOSPITALS NHS FOUNDATION TRUST,7582,16430,4082,4539,587,58,0.7237370663420573,0.46161962542864676
2026-01-01,RTX,NHS ENGLAND NORTH WEST,UNIVERSITY HOSPITALS OF MORECAMBE BAY NHS FOUNDATION TRUST,8705,11095,3725,3778,710,763,0.6594862550698513,0.5720850086157381
2026-01-01,RV9,NHS ENGLAND NORTH EAST AND YORKSHIRE,HUMBER TEACHING NHS FOUNDATION TRUST,0,879,0,1,0,0,0.9988623435722411,
2026-01-01,RVJ,NHS ENGLAND SOUTH WEST,NORTH BRISTOL NHS TRUST,9077,9077,3607,3607,523,564,0.6026220116778671,0.6026220116778671
2026-01-01,RVR,NHS ENGLAND LONDON,EPSOM AND ST HELIER UNIVERSITY HOSPITALS NHS TRUST,11244,13411,3440,3643,580,913,0.7283573186190441,0.6940590537175382
2026-01-01,RVV,NHS ENGLAND SOUTH EAST,EAST KENT HOSPITALS UNIVERSITY NHS FOUNDATION TRUST,13369,25163,6172,6536,511,1208,0.740253546874379,0.5383349539980552
2026-01-01,RVW,NHS ENGLAND NORTH EAST AND YORKSHIRE,NORTH TEES AND HARTLEPOOL NHS FOUNDATION TRUST,5067,16038,3116,3147,353,65,0.8037785260007482,0.38504045786461416
2026-01-01,RW1,NHS ENGLAND SOUTH EAST,HAMPSHIRE AND ISLE OF WIGHT HEALTHCARE NHS FOUNDATION TRUST,0,2858,0,43,0,0,0.9849545136459062,
2026-01-01,RW4,NHS ENGLAND NORTH WEST,MERSEY CARE NHS FOUNDATION TRUST,0,13161,0,314,0,0,0.9761416305751842,
2026-01-01,RWA,NHS ENGLAND NORTH EAST AND YORKSHIRE,HULL UNIVERSITY TEACHING HOSPITALS NHS TRUST,10124,14254,5408,5723,798,856,0.5984986670408307,0.4658237850651916
2026-01-01,RWD,NHS ENGLAND MIDLANDS,UNITED LINCOLNSHIRE TEACHING HOSPITALS NHS TRUST,17164,21729,7743,8100,655,1595,0.6272262874499517,0.5488813796317875
2026-01-01,RWE,NHS ENGLAND MIDLANDS,UNIVERSITY HOSPITALS OF LEICESTER NHS TRUST,22688,24624,9253,9403,1467,1017,0.6181367771280052,0.592163258110014
2026-01-01,RWF,NHS ENGLAND SOUTH EAST,MAIDSTONE AND TUNBRIDGE WELLS NHS TRUST,18969,20903,5286,5311,910,629,0.7459216380423863,0.7213348094259054
2026-01-01,RWG,NHS ENGLAND EAST OF ENGLAND,WEST HERTFORDSHIRE TEACHING HOSPITALS NHS TRUST,8781,16414,3035,3149,913,14,0.8081515779212867,0.654367384124815
2026-01-01,RWH,NHS ENGLAND EAST OF ENGLAND,EAST AND NORTH HERTFORDSHIRE TEACHING NHS TRUST,9586,18000,5582,5645,698,334,0.6863888888888889,0.4176924681827665
2026-01-01,RWJ,NHS ENGLAND NORTH WEST,STOCKPORT NHS FOUNDATION TRUST,8068,9047,3478,3547,655,564,0.607936332485907,0.5689142290530491
2026-01-01,RWP,NHS ENGLAND MIDLANDS,WORCESTERSHIRE ACUTE HOSPITALS NHS TRUST,13731,18874,6952,7008,865,1431,0.6286955600296704,0.49370038598791055
2026-01-01,RWW,NHS ENGLAND NORTH WEST,WARRINGTON AND HALTON TEACHING HOSPITALS NHS FOUNDATION TRUST,6660,9342,3450,3477,499,1063,0.6278098908156712,0.48198198198198194
2026-01-01,RWX,NHS ENGLAND SOUTH EAST,BERKSHIRE HEALTHCARE NHS FOUNDATION TRUST,0,1325,0,14,0,0,0.9894339622641509,
2026-01-01,RWY,NHS ENGLAND NORTH EAST AND YORKSHIRE,CALDERDALE AND HUDDERSFIELD NHS FOUNDATION TRUST,15944,15944,2970,2970,1617,145,0.8137230306071249,0.8137230306071249
2026-01-01,RX1,NHS ENGLAND MIDLANDS,NOTTINGHAM UNIVERSITY HOSPITALS NHS TRUST,12595,23604,7716,9511,164,1027,0.5970598203694288,0.3873759428344581
2026-01-01,RXC,NHS ENGLAND SOUTH EAST,EAST SUSSEX HEALTHCARE NHS TRUST,9503,11520,4576,4617,225,197,0.59921875,0.518467852257182
2026-01-01,RXF,NHS ENGLAND NORTH EAST AND YORKSHIRE,MID YORKSHIRE TEACHING NHS TRUST,16197,22530,6542,6808,2350,1038,0.6978251220594762,0.596098042847441
2026-01-01,RXG,NHS ENGLAND NORTH EAST AND YORKSHIRE,SOUTH WEST YORKSHIRE PARTNERSHIP NHS FOUNDATION TRUST,0,0,0,0,0,0,,
2026-01-01,RXK,NHS ENGLAND MIDLANDS,SANDWELL AND WEST BIRMINGHAM HOSPITALS NHS TRUST,11472,20515,5655,5912,723,645,0.7118206190592249,0.5070606694560669
2026-01-01,RXL,NHS ENGLAND NORTH WEST,BLACKPOOL TEACHING HOSPITALS NHS FOUNDATION TRUST,9001,18784,4500,4730,578,650,0.7481899488926746,0.5000555493834018
2026-01-01,RXN,NHS ENGLAND NORTH WEST,LANCASHIRE TEACHING HOSPITALS NHS FOUNDATION TRUST,12016,15195,4833,4965,1163,523,0.6732477788746298,0.5977862849533955
2026-01-01,RXP,NHS ENGLAND NORTH EAST AND YORKSHIRE,COUNTY DURHAM AND DARLINGTON NHS FOUNDATION TRUST,12948,16579,5904,5904,2176,45,0.6438868448036673,0.5440222428174235
2026-01-01,RXQ,NHS ENGLAND SOUTH EAST,BUCKINGHAMSHIRE HEALTHCARE NHS TRUST,9621,13931,3889,3945,158,469,0.7168186059866485,0.5957800644423656
2026-01-01,RXR,NHS ENGLAND NORTH WEST,EAST LANCASHIRE HOSPITALS NHS TRUST,13668,24861,4842,5608,304,1407,0.7744258074896424,0.6457418788410887
2026-01-01,RXW,NHS ENGLAND MIDLANDS,THE SHREWSBURY AND TELFORD HOSPITAL NHS TRUST,10549,13020,5992,6341,470,1601,0.5129800307219662,0.43198407431984076
2026-01-01,RY2,NHS ENGLAND NORTH WEST,BRIDGEWATER COMMUNITY HEALTHCARE NHS FOUNDATION TRUST,0,3061,0,33,0,0,0.98921920940869,
2026-01-01,RY4,NHS ENGLAND EAST OF ENGLAND,HERTFORDSHIRE COMMUNITY NHS TRUST,0,1040,0,7,0,0,0.9932692307692308,
2026-01-01,RY5,NHS ENGLAND MIDLANDS,LINCOLNSHIRE COMMUNITY HEALTH SERVICES NHS TRUST,0,7660,0,146,0,0,0.9809399477806788,
2026-01-01,RY7,NHS ENGLAND NORTH WEST,WIRRAL COMMUNITY HEALTH AND CARE NHS FOUNDATION TRUST,0,2775,0,281,0,0,0.8987387387387388,
2026-01-01,RY8,NHS ENGLAND MIDLANDS,DERBYSHIRE COMMUNITY HEALTH SERVICES NHS FOUNDATION TRUST,0,6814,0,212,0,0,0.9688875843850895,
2026-01-01,RYF,NHS ENGLAND SOUTH WEST,SOUTH WESTERN AMBULANCE SERVICE NHS FOUNDATION TRUST,0,1859,0,27,0,0,0.9854760623991393,
2026-01-01,RYG,NHS ENGLAND MIDLANDS,COVENTRY AND WARWICKSHIRE PARTNERSHIP NHS TRUST,0,0,0,0,0,0,,
2026-01-01,RYJ,NHS ENGLAND LONDON,IMPERIAL COLLEGE HEALTHCARE NHS TRUST,12325,22688,5303,5699,564,0,0.7488099435825106,0.56973630831643
2026-01-01,RYR,NHS ENGLAND SOUTH EAST,UNIVERSITY HOSPITALS SUSSEX NHS FOUNDATION TRUST,27280,30437,11503,11747,952,1196,0.614055261688077,0.5783357771260997
2026-01-01,RYX,NHS ENGLAND LONDON,CENTRAL LONDON COMMUNITY HEALTHCARE NHS TRUST,0,11622,0,195,0,0,0.9832214765100671,
2026-01-01,RYY,NHS ENGLAND SOUTH EAST,KENT COMMUNITY HEALTH NHS FOUNDATION TRUST,0,6460,0,38,0,0,0.9941176470588236,
2026-01-01,Y02428,NHS ENGLAND EAST OF ENGLAND,PUTNOE WALK IN CENTRE,0,2871,0,0,0,0,1.0,
2026-01-01,Y02532,NHS ENGLAND NORTH WEST,MIRIAM MINOR EMERGENCY,0,1700,0,0,0,0,1.0,
2026-01-01,Y02615,NHS ENGLAND MIDLANDS,SOUTH BIRMINGHAM GP WALK IN CENTRE,0,3507,0,0,0,0,1.0,
2026-01-01,Y02676,NHS ENGLAND SOUTH EAST,BRIGHTON STATION HEALTH CENTRE,0,1838,0,0,0,0,1.0,
2026-01-01,Y03007,NHS ENGLAND MIDLANDS,ERDINGTON GP HEALTH & WELLBEING WIC,0,0,0,0,0,0,,
2026-01-01,Y03218,NHS ENGLAND LONDON,THE PINN UNREGISTERED WIC,0,897,0,0,0,0,1.0,
2026-02-01,8J094,NHS ENGLAND MIDLANDS,BADGER LTD,0,0,0,0,0,0,,
2026-02-01,AAH,NHS ENGLAND SOUTH WEST,TETBURY HOSPITAL TRUST LTD,0,537,0,0,0,0,1.0,
2026-02-01,ACH01,NHS ENGLAND SOUTH EAST,WHITSTABLE MEDICAL PRACTICE,0,4381,0,0,0,0,1.0,
2026-02-01,AD913,NHS ENGLAND LONDON,BECKENHAM BEACON UCC,0,3098,0,6,0,0,0.9980632666236281,
2026-02-01,AJN,NHS ENGLAND NORTH EAST AND YORKSHIRE,WORKINGTON HEALTH LIMITED,0,360,0,0,0,0,1.0,
2026-02-01,AQM01,NHS ENGLAND SOUTH EAST,FAVERSHAM MEDICAL PRACTICE MIU,0,2780,0,0,0,0,1.0,
2026-02-01,AQN04,NHS ENGLAND SOUTH EAST,PHL LYMINGTON UTC,0,2696,0,7,0,0,0.9974035608308606,
2026-02-01,ARN03,NHS ENGLAND NORTH EAST AND YORKSHIRE,LOCAL CARE DIRECT,0,2209,0,9,0,0,0.9959257582616569,
2026-02-01,C82009,NHS ENGLAND MIDLANDS,MARKET HARBOROUGH MED.CTR,0,281,0,0,0,0,1.0,
2026-02-01,C82038,NHS ENGLAND MIDLANDS,LATHAM HOUSE MEDICAL PRACTICE,0,295,0,0,0,0,1.0,
2026-02-01,C83023,NHS ENGLAND MIDLANDS,SLEAFORD MEDICAL GROUP,0,506,0,0,0,0,1.0,
2026-02-01,DJV01,NHS ENGLAND SOUTH EAST,HERNE BAY HEALTH CARE LTD,0,2444,0,0,0,0,1.0,
2026-02-01,DT301,NHS ENGLAND EAST OF ENGLAND,HERTS URGENT CARE (ASCOTS LANE),0,1792,0,110,0,0,0.9386160714285714,
2026-02-01,G0Q0L,NHS ENGLAND LONDON,BARKING HOSPITAL UTC,0,2696,0,18,0,0,0.9933234421364985,
2026-02-01,G3P9C,NHS ENGLAND SOUTH WEST,TROWBRIDGE MINOR INJURIES UNIT,0,989,0,1,0,0,0.9989888776541962,
2026-02-01,K6K0R,NHS ENGLAND LONDON,HAROLD WOOD POLYCLINIC UTC,0,2599,0,11,0,0,0.9957676029242016,
2026-02-01,L83087,NHS ENGLAND SOUTH WEST,OKEHAMPTON MEDICAL CENTRE,0,52,0,0,0,0,1.0,
2026-02-01,NDJ,NHS ENGLAND SOUTH EAST,FIRST COMMUNITY HEALTH AND CARE CIC,0,2041,0,4,0,0,0.9980401763841255,
2026-02-01,NL7,NHS ENGLAND MIDLANDS,ASSURA VERTIS URGENT CARE CENTRES (BIRMINGHAM),0,2988,0,0,0,0,1.0,
2026-02-01,NLX,NHS ENGLAND SOUTH WEST,SIRONA CARE & HEALTH,0,7064,0,136,0,0,0.9807474518686297,
2026-02-01,NNF09,NHS ENGLAND NORTH EAST AND YORKSHIRE,BRANSHOLME HEALTH CENTRE,0,3846,0,525,0,0,0.8634945397815913,
2026-02-01,NNF16,NHS ENGLAND NORTH EAST AND YORKSHIRE,BRIDLINGTON HOSPITAL,0,1526,0,62,0,0,0.9593709043250328,
2026-02-01,NNF94,NHS ENGLAND NORTH EAST AND YORKSHIRE,EAST RIDING COMMUNITY HOSPITAL,0,3038,0,212,0,0,0.9302172481895984,
2026-02-01,NNFA7,NHS ENGLAND NORTH EAST AND YORKSHIRE,GOOLE & DISTRICT HOSPITAL,0,1790,0,5,0,0,0.9972067039106145,
2026-02-01,NNJ,NHS ENGLAND MIDLANDS,DHU HEALTH CARE C.I.C,0,1788,0,0,0,0,1.0,
2026-02-01,NNJ07,NHS ENGLAND MIDLANDS,LOUGHBOROUGH URGENT CARE CENTRE,0,4952,0,30,0,0,0.9939418416801292,
2026-02-01,NNJ0H,NHS ENGLAND MIDLANDS,LLR EA - THE MERLYN VAZ HEALTH & SOCIAL CARE CENTRE,0,168,0,0,0,0,1.0,
2026-02-01,NNJ12,NHS ENGLAND MIDLANDS,MARKET HARBOROUGH,0,116,0,0,0,0,1.0,
2026-02-01,NNJ13,NHS ENGLAND MIDLANDS,MELTON MOWBRAY,0,40,0,0,0,0,1.0,
2026-02-01,NNJ14,NHS ENGLAND MIDLANDS,OADBY,0,484,0,2,0,0,0.9958677685950413,
2026-02-01,NNJ15,NHS ENGLAND MIDLANDS,OAKHAM,0,53,0,0,0,0,1.0,
2026-02-01,NQT1I,NHS ENGLAND SOUTH WEST,CHIPPENHAM COMMUNITY HOSPITAL,0,1393,0,29,0,0,0.9791816223977028,
2026-02-01,NQT5F,NHS ENGLAND NORTH WEST,SKELMERSDALE WALK IN CENTRE,0,1476,0,19,0,0,0.9871273712737128,
2026-02-01,NQT5H,NHS ENGLAND SOUTH WEST,PAULTON MEMORIAL HOSPITAL,0,998,0,10,0,0,0.9899799599198397,
2026-02-01,NQTE4,NHS ENGLAND MIDLANDS,SUMMERFIELD URGENT CARE CENTRE,0,2795,0,0,0,0,1.0,
2026-02-01,NTP11,NHS ENGLAND SOUTH EAST,PRACTICE PLUS GROUP HOSPITAL - SOUTHAMPTON,0,4608,0,140,0,0,0.9696180555555556,
2026-02-01,NTPAD,NHS ENGLAND SOUTH EAST,PRACTICE PLUS GROUP SURGICAL CENTRE - ST MARYS PORTSMOUTH,0,4662,0,243,0,0,0.9478764478764479,
2026-02-01,NTV0B,NHS ENGLAND SOUTH EAST,ASHFORD WALK-IN-CENTRE,0,2156,0,29,0,0,0.9865491651205937,
2026-02-01,NTV0W,NHS ENGLAND SOUTH EAST,WOKING WALK IN CENTRE,0,2462,0,46,0,0,0.9813160032493907,
2026-02-01,NV693,NHS ENGLAND NORTH WEST,ROSSENDALE MIU & OOH,0,772,0,1,0,0,0.9987046632124352,
2026-02-01,NVE43,NHS ENGLAND SOUTH EAST,HASTINGS GP LED HEALTH CENTRE,0,767,0,0,0,0,1.0,
2026-02-01,R0A,NHS ENGLAND NORTH WEST,MANCHESTER UNIVERSITY NHS FOUNDATION TRUST,24273,37135,9641,10030,3528,83,0.7299044028544499,0.6028097062579821
2026-02-01,R0B,NHS ENGLAND NORTH EAST AND YORKSHIRE,SOUTH TYNESIDE AND SUNDERLAND NHS FOUNDATION TRUST,10371,16620,5314,5519,723,1,0.6679302045728038,0.48760968084080614
2026-02-01,R0D,NHS ENGLAND SOUTH WEST,UNIVERSITY HOSPITALS DORSET NHS FOUNDATION TRUST,13434,16768,6069,6069,997,454,0.6380605916030535,0.5482358195623046
2026-02-01,R1D,NHS ENGLAND MIDLANDS,SHROPSHIRE COMMUNITY HEALTH NHS TRUST,0,2843,0,13,0,0,0.9954273654590221,
2026-02-01,R1F,NHS ENGLAND SOUTH EAST,ISLE OF WIGHT NHS TRUST,3551,5099,1235,1313,211,159,0.7424985291233575,0.6522106448887637
2026-02-01,R1H,NHS ENGLAND LONDON,BARTS HEALTH NHS TRUST,24013,40623,10119,10913,913,1271,0.7313590822932821,0.5786032565693582
2026-02-01,R1K,NHS ENGLAND LONDON,LONDON NORTH WEST UNIVERSITY HEALTHCARE NHS TRUST,12235,25851,6214,6437,619,374,0.7509960929944683,0.49211279117286477
2026-02-01,RA2,NHS ENGLAND SOUTH EAST,ROYAL SURREY NHS FOUNDATION TRUST,6229,7997,2097,2097,326,8,0.7377766662498437,0.6633488521432012
2026-02-01,RA7,NHS ENGLAND SOUTH WEST,UNIVERSITY HOSPITALS BRISTOL AND WESTON NHS FOUNDATION TRUST,14252,16545,5165,5390,979,440,0.6742218192807494,0.6375947235475723
2026-02-01,RA9,NHS ENGLAND SOUTH WEST,TORBAY AND SOUTH DEVON NHS FOUNDATION TRUST,6060,8882,3014,3025,156,74,0.6594235532537717,0.5026402640264027
2026-02-01,RAE,NHS ENGLAND NORTH EAST AND YORKSHIRE,BRADFORD TEACHING HOSPITALS NHS FOUNDATION TRUST,8619,12446,1977,1977,572,75,0.8411537843483851,0.7706230421162548
2026-02-01,RAJ,NHS ENGLAND EAST OF ENGLAND,MID AND SOUTH ESSEX NHS FOUNDATION TRUST,24311,31584,10563,10832,2196,1184,0.6570415400202634,0.5655053268067953
2026-02-01,RAL,NHS ENGLAND LONDON,ROYAL FREE LONDON NHS FOUNDATION TRUST,24307,38988,8072,8953,836,1870,0.7703652405868473,0.6679145925042169
2026-02-01,RAN,NHS ENGLAND LONDON,ROYAL NATIONAL ORTHOPAEDIC HOSPITAL NHS TRUST,0,0,0,0,0,0,,
2026-02-01,RAS,NHS ENGLAND LONDON,THE HILLINGDON HOSPITALS NHS FOUNDATION TRUST,4633,10575,1969,1992,520,18,0.8116312056737589,0.5750053960716599
2026-02-01,RAT,NHS ENGLAND LONDON,NORTH EAST LONDON NHS FOUNDATION TRUST,0,1605,0,41,0,0,0.9744548286604361,
2026-02-01,RAX,NHS ENGLAND LONDON,KINGSTON AND RICHMOND NHS FOUNDATION TRUST,6356,13577,3413,3676,227,467,0.7292479929292186,0.46302706104468216
2026-02-01,RBD,NHS ENGLAND SOUTH WEST,DORSET COUNTY HOSPITAL NHS FOUNDATION TRUST,3844,3844,1646,1646,183,91,0.5718002081165452,0.5718002081165452
2026-02-01,RBK,NHS ENGLAND MIDLANDS,WALSALL HEALTHCARE NHS TRUST,8964,12490,3143,3197,1048,331,0.744035228182546,0.6493752788933511
2026-02-01,RBL,NHS ENGLAND NORTH WEST,WIRRAL UNIVERSITY TEACHING HOSPITAL NHS FOUNDATION TRUST,6951,9497,3741,3808,440,758,0.5990312730335896,0.4618040569702201
2026-02-01,RBN,NHS ENGLAND NORTH WEST,MERSEY AND WEST LANCASHIRE TEACHING HOSPITALS NHS TRUST,15685,22270,6218,6306,389,480,0.7168387965873373,0.6035702900860695
2026-02-01,RBQ,NHS ENGLAND NORTH WEST,LIVERPOOL HEART AND CHEST HOSPITAL NHS FOUNDATION TRUST,0,0,0,0,0,0,,
2026-02-01,RBS,NHS ENGLAND NORTH WEST,ALDER HEY CHILDREN'S NHS FOUNDATION TRUST,5576,5576,1114,1114,0,0,0.8002152080344332,0.8002152080344332
2026-02-01,RBT,NHS ENGLAND NORTH WEST,MID CHESHIRE HOSPITALS NHS FOUNDATION TRUST,6395,9040,3649,3656,354,634,0.595575221238938,0.4293979671618452
2026-02-01,RBV,NHS ENGLAND NORTH WEST,THE CHRISTIE NHS FOUNDATION TRUST,0,0,0,0,0,0,,
2026-02-01,RC9,NHS ENGLAND EAST OF ENGLAND,BEDFORDSHIRE HOSPITALS NHS FOUNDATION TRUST,15343,23449,5384,5384,80,65,0.7703953260266962,0.649090790588542
2026-02-01,RCB,NHS ENGLAND NORTH EAST AND YORKSHIRE,YORK AND SCARBOROUGH TEACHING HOSPITALS NHS FOUNDATION TRUST,10322,16508,5614,5862,760,406,0.6448994426944512,0.45611315636504557
2026-02-01,RCD,NHS ENGLAND NORTH EAST AND YORKSHIRE,HARROGATE AND DISTRICT NHS FOUNDATION TRUST,4569,5861,1375,1376,254,12,0.7652277768298925,0.6990588750273583
2026-02-01,RCF,NHS ENGLAND NORTH EAST AND YORKSHIRE,AIREDALE NHS FOUNDATION TRUST,5277,5474,2307,2307,419,262,0.5785531603945926,0.5628197839681637
2026-02-01,RCU,NHS ENGLAND NORTH EAST AND YORKSHIRE,SHEFFIELD CHILDREN'S NHS FOUNDATION TRUST,4002,4350,295,295,16,0,0.9321839080459771,0.9262868565717142
2026-02-01,RCX,NHS ENGLAND EAST OF ENGLAND,"THE QUEEN ELIZABETH HOSPITAL, KING'S LYNN, NHS FOUNDATION TRUST",6151,7958,2827,2827,720,131,0.644759989947223,0.5403999349699236
2026-02-01,RD1,NHS ENGLAND SOUTH WEST,ROYAL UNITED HOSPITALS BATH NHS FOUNDATION TRUST,8288,8288,3645,3645,806,219,0.560207528957529,0.560207528957529
2026-02-01,RD8,NHS ENGLAND EAST OF ENGLAND,MILTON KEYNES UNIVERSITY HOSPITAL NHS FOUNDATION TRUST,7474,12423,3776,3902,607,0,0.685905175883442,0.49478191062349475
2026-02-01,RDE,NHS ENGLAND EAST OF ENGLAND,EAST SUFFOLK AND NORTH ESSEX NHS FOUNDATION TRUST,10184,22071,4342,5341,768,559,0.7580082461148113,0.5736449332285939
2026-02-01,RDR,NHS ENGLAND SOUTH EAST,SUSSEX COMMUNITY NHS FOUNDATION TRUST,0,10054,0,74,0,0,0.9926397453749751,
2026-02-01,RDU,NHS ENGLAND SOUTH EAST,FRIMLEY HEALTH NHS FOUNDATION TRUST,20751,31823,8634,8897,1233,713,0.7204223360462558,0.5839236663293335
2026-02-01,RDY,NHS ENGLAND SOUTH WEST,DORSET HEALTHCARE UNIVERSITY NHS FOUNDATION TRUST,0,0,0,0,0,0,,
2026-02-01,REF,NHS ENGLAND SOUTH WEST,ROYAL CORNWALL HOSPITALS NHS TRUST,6239,16225,3619,4132,663,529,0.7453312788906009,0.41993909280333386
2026-02-01,REM,NHS ENGLAND NORTH WEST,LIVERPOOL UNIVERSITY HOSPITALS NHS FOUNDATION TRUST,14733,23630,7314,7663,711,1234,0.6757088446889548,0.503563429036856
2026-02-01,REP,NHS ENGLAND NORTH WEST,LIVERPOOL WOMEN'S NHS FOUNDATION TRUST,0,1427,0,156,0,0,0.8906797477224947,
2026-02-01,RET,NHS ENGLAND NORTH WEST,THE WALTON CENTRE NHS FOUNDATION TRUST,0,0,0,0,0,0,,
2026-02-01,RF4,NHS ENGLAND LONDON,"BARKING, HAVERING AND REDBRIDGE UNIVERSITY HOSPITALS NHS TRUST",12627,28016,5281,5811,564,628,0.7925828098229584,0.5817692246772789
2026-02-01,RFF,NHS ENGLAND NORTH EAST AND YORKSHIRE,BARNSLEY HOSPITAL NHS FOUNDATION TRUST,8494,8494,2102,2102,372,1,0.7525311984930539,0.7525311984930539
2026-02-01,RFR,NHS ENGLAND NORTH EAST AND YORKSHIRE,THE ROTHERHAM NHS FOUNDATION TRUST,8770,8770,2958,2958,903,54,0.6627137970353478,0.6627137970353478
2026-02-01,RFS,NHS ENGLAND MIDLANDS,CHESTERFIELD ROYAL HOSPITAL NHS FOUNDATION TRUST,6796,12326,3794,3832,558,523,0.6891124452377089,0.4417304296645085
2026-02-01,RGN,NHS ENGLAND EAST OF ENGLAND,NORTH WEST ANGLIA NHS FOUNDATION TRUST,14103,18403,5984,6176,501,921,0.6644025430636309,0.5756931149400837
2026-02-01,RGP,NHS ENGLAND EAST OF ENGLAND,JAMES PAGET UNIVERSITY HOSPITALS NHS FOUNDATION TRUST,6735,8209,2319,2319,497,358,0.7175051772444878,0.6556792873051225
2026-02-01,RGR,NHS ENGLAND EAST OF ENGLAND,WEST SUFFOLK NHS FOUNDATION TRUST,7170,8044,2577,2577,428,546,0.6796369965191447,0.6405857740585774
2026-02-01,RGT,NHS ENGLAND EAST OF ENGLAND,CAMBRIDGE UNIVERSITY HOSPITALS NHS FOUNDATION TRUST,10319,15077,4672,4760,480,558,0.684287325064668,0.547242949898246
2026-02-01,RH5,NHS ENGLAND SOUTH WEST,SOMERSET NHS FOUNDATION TRUST,10507,19024,5465,5685,552,196,0.7011669470142977,0.47987056248215476
2026-02-01,RH8,NHS ENGLAND SOUTH WEST,ROYAL DEVON UNIVERSITY HEALTHCARE NHS FOUNDATION TRUST,11271,14976,5037,5051,885,298,0.6627270299145299,0.5531008783603939
2026-02-01,RHM,NHS ENGLAND SOUTH EAST,UNIVERSITY HOSPITAL SOUTHAMPTON NHS FOUNDATION TRUST,9612,10670,2738,2759,155,10,0.7414245548266167,0.7151477320016646
2026-02-01,RHQ,NHS ENGLAND NORTH EAST AND YORKSHIRE,SHEFFIELD TEACHING HOSPITALS NHS FOUNDATION TRUST,8037,15825,4030,4247,935,4,0.7316271721958926,0.4985691178300361
2026-02-01,RHU,NHS ENGLAND SOUTH EAST,PORTSMOUTH HOSPITALS UNIVERSITY NHS TRUST,9755,13662,3810,3836,799,1039,0.719221197482067,0.6094310609943618
2026-02-01,RHW,NHS ENGLAND SOUTH EAST,ROYAL BERKSHIRE NHS FOUNDATION TRUST,10031,14795,3586,3674,783,52,0.7516728624535316,0.6425082245040374
2026-02-01,RJ1,NHS ENGLAND LONDON,GUY'S AND ST THOMAS' NHS FOUNDATION TRUST,9456,15670,3677,3792,167,67,0.7580089342693044,0.6111463620981388
2026-02-01,RJ2,NHS ENGLAND LONDON,LEWISHAM AND GREENWICH NHS TRUST,14807,29770,7625,7859,1020,703,0.7360094054417199,0.48504085905315053
2026-02-01,RJ6,NHS ENGLAND LONDON,CROYDON HEALTH SERVICES NHS TRUST,12080,16698,4902,4902,214,685,0.7064319080129358,0.5942052980132451
2026-02-01,RJ7,NHS ENGLAND LONDON,ST GEORGE'S UNIVERSITY HOSPITALS NHS FOUNDATION TRUST,8228,11807,2779,2903,419,443,0.7541289065808419,0.6622508507535245
2026-02-01,RJ8,NHS ENGLAND SOUTH WEST,CORNWALL PARTNERSHIP NHS FOUNDATION TRUST,0,0,0,0,0,0,,
2026-02-01,RJC,NHS ENGLAND MIDLANDS,SOUTH WARWICKSHIRE UNIVERSITY NHS FOUNDATION TRUST,7533,7861,2135,2135,508,87,0.7284060552092608,0.716580379662817
2026-02-01,RJE,NHS ENGLAND MIDLANDS,UNIVERSITY HOSPITALS OF NORTH MIDLANDS NHS TRUST,13322,21187,7432,7506,1095,927,0.6457261528295652,0.44212580693589554
2026-02-01,RJL,NHS ENGLAND NORTH EAST AND YORKSHIRE,NORTHERN LINCOLNSHIRE AND GOOLE NHS FOUNDATION TRUST,9527,15280,4382,4422,576,874,0.7106020942408378,0.5400440852314474
2026-02-01,RJN,NHS ENGLAND NORTH WEST,EAST CHESHIRE NHS TRUST,3856,3856,2105,2105,218,470,0.45409751037344404,0.45409751037344404
2026-02-01,RJR,NHS ENGLAND NORTH WEST,COUNTESS OF CHESTER HOSPITAL NHS FOUNDATION TRUST,4892,7155,2525,2876,229,747,0.5980433263452132,0.48385118560915785
2026-02-01,RJZ,NHS ENGLAND LONDON,KING'S COLLEGE HOSPITAL NHS FOUNDATION TRUST,14307,22445,6570,7202,1448,833,0.6791267542882602,0.5407842314950724
2026-02-01,RK5,NHS ENGLAND MIDLANDS,SHERWOOD FOREST HOSPITALS NHS FOUNDATION TRUST,10460,15379,3976,4352,843,365,0.7170167110995513,0.6198852772466539
2026-02-01,RK9,NHS ENGLAND SOUTH WEST,UNIVERSITY HOSPITALS PLYMOUTH NHS TRUST,7807,14866,4956,5118,516,591,0.6557244719494147,0.3651850903035737
2026-02-01,RKB,NHS ENGLAND MIDLANDS,UNIVERSITY HOSPITALS COVENTRY AND WARWICKSHIRE NHS TRUST,11365,19194,4797,4968,50,14,0.7411691153485465,0.577914650241971
2026-02-01,RKE,NHS ENGLAND LONDON,WHITTINGTON HEALTH NHS TRUST,8193,8193,2212,2212,237,269,0.7300134260954474,0.7300134260954474
2026-02-01,RL1,NHS ENGLAND MIDLANDS,THE ROBERT JONES AND AGNES HUNT ORTHOPAEDIC HOSPITAL NHS FOUNDATION TRUST,0,0,0,0,0,0,,
2026-02-01,RL4,NHS ENGLAND MIDLANDS,THE ROYAL WOLVERHAMPTON NHS TRUST,10403,17906,3647,3846,848,511,0.7852116608957891,0.6494280496010767
2026-02-01,RLQ,NHS ENGLAND MIDLANDS,WYE VALLEY NHS TRUST,5398,6368,2364,2364,456,234,0.6287688442211055,0.5620600222304557
2026-02-01,RLT,NHS ENGLAND MIDLANDS,GEORGE ELIOT HOSPITAL NHS TRUST,6469,7971,1578,1581,378,269,0.8016560030109146,0.756067398361416
2026-02-01,RM1,NHS ENGLAND EAST OF ENGLAND,NORFOLK AND NORWICH UNIVERSITY HOSPITALS NHS FOUNDATION TRUST,11506,18633,3622,3626,648,410,0.8053990232383406,0.6852077177124978
2026-02-01,RM3,NHS ENGLAND NORTH WEST,NORTHERN CARE ALLIANCE NHS FOUNDATION TRUST,23361,31715,9499,9823,807,1246,0.6902727416049188,0.593382132614186
2026-02-01,RMC,NHS ENGLAND NORTH WEST,BOLTON NHS FOUNDATION TRUST,7382,10641,3575,3850,363,483,0.6381918992575886,0.5157138986724465
2026-02-01,RMP,NHS ENGLAND NORTH WEST,TAMESIDE AND GLOSSOP INTEGRATED CARE NHS FOUNDATION TRUST,7536,10108,4074,4123,321,706,0.5921052631578947,0.45939490445859876
2026-02-01,RN3,NHS ENGLAND SOUTH WEST,GREAT WESTERN HOSPITALS NHS FOUNDATION TRUST,5608,10563,2936,3258,364,444,0.6915648963362682,0.4764621968616263
2026-02-01,RN5,NHS ENGLAND SOUTH EAST,HAMPSHIRE HOSPITALS NHS FOUNDATION TRUST,9416,13403,4819,4955,197,18,0.6303066477654257,0.48821155480033984
2026-02-01,RN7,NHS ENGLAND SOUTH EAST,DARTFORD AND GRAVESHAM NHS TRUST,10902,14395,2879,2916,612,344,0.7974296630774574,0.7359200146762062
2026-02-01,RNA,NHS ENGLAND MIDLANDS,THE DUDLEY GROUP NHS FOUNDATION TRUST,8946,12825,3063,3125,2445,178,0.7563352826510721,0.6576123407109322
2026-02-01,RNN,NHS ENGLAND NORTH EAST AND YORKSHIRE,NORTH CUMBRIA INTEGRATED CARE NHS FOUNDATION TRUST,8014,9562,3569,3628,667,378,0.6205814683120686,0.5546543548789618
2026-02-01,RNQ,NHS ENGLAND MIDLANDS,KETTERING GENERAL HOSPITAL NHS FOUNDATION TRUST,9960,18142,3820,3827,569,504,0.7890530261272186,0.6164658634538153
2026-02-01,RNS,NHS ENGLAND MIDLANDS,NORTHAMPTON GENERAL HOSPITAL NHS TRUST,9778,12193,3806,3843,349,856,0.6848191585335848,0.6107588463898548
2026-02-01,RNU,NHS ENGLAND SOUTH EAST,OXFORD HEALTH NHS FOUNDATION TRUST,0,3490,0,72,0,0,0.9793696275071633,
2026-02-01,RNZ,NHS ENGLAND SOUTH WEST,SALISBURY NHS FOUNDATION TRUST,4191,6222,1871,1871,395,152,0.6992928318868531,0.5535671677403962
2026-02-01,RP5,NHS ENGLAND NORTH EAST AND YORKSHIRE,DONCASTER AND BASSETLAW TEACHING HOSPITALS NHS FOUNDATION TRUST,12523,16077,4722,4727,1169,202,0.7059774833613237,0.6229338018046794
2026-02-01,RP6,NHS ENGLAND LONDON,MOORFIELDS EYE HOSPITAL NHS FOUNDATION TRUST,0,5444,0,62,0,0,0.9886113152094048,
2026-02-01,RPA,NHS ENGLAND SOUTH EAST,MEDWAY NHS FOUNDATION TRUST,8536,13818,3136,3987,227,817,0.7114633087277464,0.6326148078725398
2026-02-01,RPC,NHS ENGLAND SOUTH EAST,QUEEN VICTORIA HOSPITAL NHS FOUNDATION TRUST,0,1109,0,13,0,0,0.9882777276825969,
2026-02-01,RQ3,NHS ENGLAND MIDLANDS,BIRMINGHAM WOMEN'S AND CHILDREN'S NHS FOUNDATION TRUST,4440,4440,1021,1021,34,1,0.770045045045045,0.770045045045045
2026-02-01,RQM,NHS ENGLAND LONDON,CHELSEA AND WESTMINSTER HOSPITAL NHS FOUNDATION TRUST,18241,24026,5070,5304,913,43,0.7792391575792891,0.7220547119127241
2026-02-01,RQW,NHS ENGLAND EAST OF ENGLAND,THE PRINCESS ALEXANDRA HOSPITAL NHS TRUST,7845,9735,2063,2063,522,286,0.7880842321520287,0.7370299553855959
2026-02-01,RQX,NHS ENGLAND LONDON,HOMERTON HEALTHCARE NHS FOUNDATION TRUST,10173,10173,1682,1682,174,19,0.8346603755037845,0.8346603755037845
2026-02-01,RR7,NHS ENGLAND NORTH EAST AND YORKSHIRE,GATESHEAD HEALTH NHS FOUNDATION TRUST,5310,9383,2298,2336,667,1,0.7510391132899925,0.5672316384180791
2026-02-01,RR8,NHS ENGLAND NORTH EAST AND YORKSHIRE,LEEDS TEACHING HOSPITALS NHS TRUST,16690,27323,6740,6994,1002,884,0.7440251802510705,0.5961653684841222
2026-02-01,RRF,NHS ENGLAND NORTH WEST,"WRIGHTINGTON, WIGAN AND LEIGH TEACHING HOSPITALS NHS FOUNDATION TRUST",6165,11347,3757,3970,656,520,0.6501277870802855,0.3905920519059205
2026-02-01,RRK,NHS ENGLAND MIDLANDS,UNIVERSITY HOSPITALS BIRMINGHAM NHS FOUNDATION TRUST,30640,33806,12820,12860,2238,1923,0.6195941548837485,0.5815926892950392
2026-02-01,RRV,NHS ENGLAND LONDON,UNIVERSITY COLLEGE LONDON HOSPITALS NHS FOUNDATION TRUST,12017,12017,3222,3222,391,287,0.7318798368977282,0.7318798368977282
2026-02-01,RTD,NHS ENGLAND NORTH EAST AND YORKSHIRE,THE NEWCASTLE UPON TYNE HOSPITALS NHS FOUNDATION TRUST,10171,19960,4926,5193,627,63,0.7398296593186373,0.5156818405269885
2026-02-01,RTE,NHS ENGLAND SOUTH WEST,GLOUCESTERSHIRE HOSPITALS NHS FOUNDATION TRUST,11930,11930,4489,4489,219,510,0.6237217099748533,0.6237217099748533
2026-02-01,RTF,NHS ENGLAND NORTH EAST AND YORKSHIRE,NORTHUMBRIA HEALTHCARE NHS FOUNDATION TRUST,9593,21330,2664,2667,45,0,0.8749648382559775,0.7222975086000208
2026-02-01,RTG,NHS ENGLAND MIDLANDS,UNIVERSITY HOSPITALS OF DERBY AND BURTON NHS FOUNDATION TRUST,16670,25009,8448,8449,1032,727,0.6621616218161461,0.4932213557288543
2026-02-01,RTH,NHS ENGLAND SOUTH EAST,OXFORD UNIVERSITY HOSPITALS NHS FOUNDATION TRUST,10971,15849,3002,3052,305,0,0.8074326455927818,0.7263695196426944
2026-02-01,RTK,NHS ENGLAND SOUTH EAST,ASHFORD AND ST PETER'S HOSPITALS NHS FOUNDATION TRUST,6942,9435,3607,3643,446,452,0.6138844727080022,0.4804091040046097
2026-02-01,RTP,NHS ENGLAND SOUTH EAST,SURREY AND SUSSEX HEALTHCARE NHS TRUST,9234,9234,4051,4051,485,593,0.561295213341997,0.561295213341997
2026-02-01,RTQ,NHS ENGLAND SOUTH WEST,GLOUCESTERSHIRE HEALTH AND CARE NHS FOUNDATION TRUST,0,7085,0,103,0,0,0.9854622441778405,
2026-02-01,RTR,NHS ENGLAND NORTH EAST AND YORKSHIRE,SOUTH TEES HOSPITALS NHS FOUNDATION TRUST,7009,15099,3486,3805,372,35,0.7479965560633155,0.5026394635468683
2026-02-01,RTX,NHS ENGLAND NORTH WEST,UNIVERSITY HOSPITALS OF MORECAMBE BAY NHS FOUNDATION TRUST,7794,10137,3545,3626,594,766,0.6423004833777252,0.5451629458557865
2026-02-01,RV9,NHS ENGLAND NORTH EAST AND YORKSHIRE,HUMBER TEACHING NHS FOUNDATION TRUST,0,920,0,1,0,0,0.9989130434782608,
2026-02-01,RVJ,NHS ENGLAND SOUTH WEST,NORTH BRISTOL NHS TRUST,8262,8262,2947,2947,441,430,0.6433067053982087,0.6433067053982087
2026-02-01,RVR,NHS ENGLAND LONDON,EPSOM AND ST HELIER UNIVERSITY HOSPITALS NHS TRUST,10245,12128,3045,3146,530,732,0.7406002638522428,0.7027818448023426
2026-02-01,RVV,NHS ENGLAND SOUTH EAST,EAST KENT HOSPITALS UNIVERSITY NHS FOUNDATION TRUST,12507,23344,5609,5860,476,995,0.7489718985606579,0.5515311425601663
2026-02-01,RVW,NHS ENGLAND NORTH EAST AND YORKSHIRE,NORTH TEES AND HARTLEPOOL NHS FOUNDATION TRUST,4547,14799,2496,2515,209,39,0.8300560848705993,0.4510666373433033
2026-02-01,RW1,NHS ENGLAND SOUTH EAST,HAMPSHIRE AND ISLE OF WIGHT HEALTHCARE NHS FOUNDATION TRUST,0,2535,0,23,0,0,0.9909270216962525,
2026-02-01,RW4,NHS ENGLAND NORTH WEST,MERSEY CARE NHS FOUNDATION TRUST,0,12255,0,383,0,0,0.9687474500203999,
2026-02-01,RWA,NHS ENGLAND NORTH EAST AND YORKSHIRE,HULL UNIVERSITY TEACHING HOSPITALS NHS TRUST,8887,12783,4770,5080,979,410,0.6025971994054604,0.463260942950377
2026-02-01,RWD,NHS ENGLAND MIDLANDS,UNITED LINCOLNSHIRE TEACHING HOSPITALS NHS TRUST,16500,20632,6701,7000,581,1296,0.6607212097712292,0.5938787878787879
2026-02-01,RWE,NHS ENGLAND MIDLANDS,UNIVERSITY HOSPITALS OF LEICESTER NHS TRUST,20546,22467,8190,8320,1192,727,0.6296790848800463,0.6013822641876765
2026-02-01,RWF,NHS ENGLAND SOUTH EAST,MAIDSTONE AND TUNBRIDGE WELLS NHS TRUST,16798,18620,4094,4120,933,373,0.7787325456498388,0.7562805095844743
2026-02-01,RWG,NHS ENGLAND EAST OF ENGLAND,WEST HERTFORDSHIRE TEACHING HOSPITALS NHS TRUST,7839,14506,2151,2254,486,29,0.8446160209568454,0.7256027554535017
2026-02-01,RWH,NHS ENGLAND EAST OF ENGLAND,EAST AND NORTH HERTFORDSHIRE TEACHING NHS TRUST,8724,16127,4954,5042,501,209,0.6873566069324735,0.43214121962402563
2026-02-01,RWJ,NHS ENGLAND NORTH WEST,STOCKPORT NHS FOUNDATION TRUST,7049,7870,2811,2849,528,380,0.637992376111817,0.6012200312101007
2026-02-01,RWP,NHS ENGLAND MIDLANDS,WORCESTERSHIRE ACUTE HOSPITALS NHS TRUST,12297,17029,5555,5604,786,1059,0.6709143226261084,0.5482638041798813
2026-02-01,RWW,NHS ENGLAND NORTH WEST,WARRINGTON AND HALTON TEACHING HOSPITALS NHS FOUNDATION TRUST,5982,8451,3167,3203,491,825,0.6209915986273814,0.4705784018722835
2026-02-01,RWX,NHS ENGLAND SOUTH EAST,BERKSHIRE HEALTHCARE NHS FOUNDATION TRUST,0,1176,0,10,0,0,0.9914965986394558,
2026-02-01,RWY,NHS ENGLAND NORTH EAST AND YORKSHIRE,CALDERDALE AND HUDDERSFIELD NHS FOUNDATION TRUST,14380,14380,2581,2581,1253,154,0.8205146036161335,0.8205146036161335
2026-02-01,RX1,NHS ENGLAND MIDLANDS,NOTTINGHAM UNIVERSITY HOSPITALS NHS TRUST,11557,21741,6776,8022,147,1066,0.631019732303022,0.4136886735311932
2026-02-01,RXC,NHS ENGLAND SOUTH EAST,EAST SUSSEX HEALTHCARE NHS TRUST,8832,10657,3795,3850,190,113,0.638735103687717,0.5703125
2026-02-01,RXF,NHS ENGLAND NORTH EAST AND YORKSHIRE,MID YORKSHIRE TEACHING NHS TRUST,14874,20787,5674,5831,2006,610,0.7194881416269784,0.618528976737932
2026-02-01,RXG,NHS ENGLAND NORTH EAST AND YORKSHIRE,SOUTH WEST YORKSHIRE PARTNERSHIP NHS FOUNDATION TRUST,0,0,0,0,0,0,,
2026-02-01,RXK,NHS ENGLAND MIDLANDS,SANDWELL AND WEST BIRMINGHAM HOSPITALS NHS TRUST,10569,19356,5128,5432,711,448,0.7193635048563753,0.5148074557668654
2026-02-01,RXL,NHS ENGLAND NORTH WEST,BLACKPOOL TEACHING HOSPITALS NHS FOUNDATION TRUST,7953,17169,3837,4040,357,624,0.764692177762246,0.5175405507355715
2026-02-01,RXN,NHS ENGLAND NORTH WEST,LANCASHIRE TEACHING HOSPITALS NHS FOUNDATION TRUST,11011,13918,4312,4539,919,393,0.6738755568328783,0.6083916083916083
2026-02-01,RXP,NHS ENGLAND NORTH EAST AND YORKSHIRE,COUNTY DURHAM AND DARLINGTON NHS FOUNDATION TRUST,11451,14789,4871,4871,1808,18,0.6706335790114274,0.574622303728932
2026-02-01,RXQ,NHS ENGLAND SOUTH EAST,BUCKINGHAMSHIRE HEALTHCARE NHS TRUST,8435,12116,3165,3197,158,321,0.7361340376361836,0.6247777119146414
2026-02-01,RXR,NHS ENGLAND NORTH WEST,EAST LANCASHIRE HOSPITALS NHS TRUST,12044,22234,4885,4888,301,1059,0.7801565170459657,0.5944038525406842
2026-02-01,RXW,NHS ENGLAND MIDLANDS,THE SHREWSBURY AND TELFORD HOSPITAL NHS TRUST,9920,12275,5562,5907,475,1366,0.5187780040733198,0.4393145161290323
2026-02-01,RY2,NHS ENGLAND NORTH WEST,BRIDGEWATER COMMUNITY HEALTHCARE NHS FOUNDATION TRUST,0,2849,0,39,0,0,0.9863109863109863,
2026-02-01,RY4,NHS ENGLAND EAST OF ENGLAND,HERTFORDSHIRE COMMUNITY NHS TRUST,0,1021,0,10,0,0,0.990205680705191,
2026-02-01,RY5,NHS ENGLAND MIDLANDS,LINCOLNSHIRE COMMUNITY HEALTH SERVICES NHS TRUST,0,7364,0,132,0,0,0.9820749592612711,
2026-02-01,RY7,NHS ENGLAND NORTH WEST,WIRRAL COMMUNITY HEALTH AND CARE NHS FOUNDATION TRUST,0,3123,0,205,0,0,0.9343579891130324,
2026-02-01,RY8,NHS ENGLAND MIDLANDS,DERBYSHIRE COMMUNITY HEALTH SERVICES NHS FOUNDATION TRUST,0,6582,0,261,0,0,0.9603463992707384,
2026-02-01,RYF,NHS ENGLAND SOUTH WEST,SOUTH WESTERN AMBULANCE SERVICE NHS FOUNDATION TRUST,0,1774,0,22,0,0,0.9875986471251409,
2026-02-01,RYG,NHS ENGLAND MIDLANDS,COVENTRY AND WARWICKSHIRE PARTNERSHIP NHS TRUST,0,0,0,0,0,0,,
2026-02-01,RYJ,NHS ENGLAND LONDON,IMPERIAL COLLEGE HEALTHCARE NHS TRUST,11379,20863,4645,4918,494,0,0.7642716771317644,0.5917918973547763
2026-02-01,RYR,NHS ENGLAND SOUTH EAST,UNIVERSITY HOSPITALS SUSSEX NHS FOUNDATION TRUST,24026,27046,10461,10682,894,946,0.6050432596317386,0.5645966869225006
2026-02-01,RYX,NHS ENGLAND LONDON,CENTRAL LONDON COMMUNITY HEALTHCARE NHS TRUST,0,10763,0,153,0,0,0.9857846325373967,
2026-02-01,RYY,NHS ENGLAND SOUTH EAST,KENT COMMUNITY HEALTH NHS FOUNDATION TRUST,0,5722,0,12,0,0,0.9979028311779098,
2026-02-01,Y02428,NHS ENGLAND EAST OF ENGLAND,PUTNOE WALK IN CENTRE,0,2711,0,0,0,0,1.0,
2026-02-01,Y02532,NHS ENGLAND NORTH WEST,MIRIAM MINOR EMERGENCY,0,1499,0,0,0,0,1.0,
2026-02-01,Y02615,NHS ENGLAND MIDLANDS,SOUTH BIRMINGHAM GP WALK IN CENTRE,0,3764,0,0,0,0,1.0,
2026-02-01,Y02676,NHS ENGLAND SOUTH EAST,BRIGHTON STATION HEALTH CENTRE,0,1736,0,0,0,0,1.0,
2026-02-01,Y03007,NHS ENGLAND MIDLANDS,ERDINGTON GP HEALTH & WELLBEING WIC,0,0,0,0,0,0,,
2026-02-01,Y03218,NHS ENGLAND LONDON,THE PINN UNREGISTERED WIC,0,780,0,0,0,0,1.0,
2026-03-01,8J094,NHS ENGLAND MIDLANDS,BADGER LTD,0,0,0,0,0,0,,
2026-03-01,AAH,NHS ENGLAND SOUTH WEST,TETBURY HOSPITAL TRUST LTD,0,667,0,1,0,0,0.9985007496251874,
2026-03-01,ACH01,NHS ENGLAND SOUTH EAST,WHITSTABLE MEDICAL PRACTICE,0,5137,0,0,0,0,1.0,
2026-03-01,AD913,NHS ENGLAND LONDON,BECKENHAM BEACON UCC,0,3686,0,21,0,0,0.9943027672273467,
2026-03-01,AJN,NHS ENGLAND NORTH EAST AND YORKSHIRE,WORKINGTON HEALTH LIMITED,0,435,0,0,0,0,1.0,
2026-03-01,AQM01,NHS ENGLAND SOUTH EAST,FAVERSHAM MEDICAL PRACTICE MIU,0,3203,0,0,0,0,1.0,
2026-03-01,AQN04,NHS ENGLAND SOUTH EAST,PHL LYMINGTON UTC,0,3090,0,30,0,0,0.9902912621359223,
2026-03-01,ARN03,NHS ENGLAND NORTH EAST AND YORKSHIRE,LOCAL CARE DIRECT,0,2490,0,9,0,0,0.9963855421686747,
2026-03-01,C82009,NHS ENGLAND MIDLANDS,MARKET HARBOROUGH MED.CTR,0,243,0,0,0,0,1.0,
2026-03-01,C82038,NHS ENGLAND MIDLANDS,LATHAM HOUSE MEDICAL PRACTICE,0,379,0,0,0,0,1.0,
2026-03-01,C83023,NHS ENGLAND MIDLANDS,SLEAFORD MEDICAL GROUP,0,512,0,0,0,0,1.0,
2026-03-01,DJV01,NHS ENGLAND SOUTH EAST,HERNE BAY HEALTH CARE LTD,0,2623,0,0,0,0,1.0,
2026-03-01,DT301,NHS ENGLAND EAST OF ENGLAND,HERTS URGENT CARE (ASCOTS LANE),0,2144,0,110,0,0,0.9486940298507462,
2026-03-01,G0Q0L,NHS ENGLAND LONDON,BARKING HOSPITAL UTC,0,3069,0,17,0,0,0.9944607363962202,
2026-03-01,G3P9C,NHS ENGLAND SOUTH WEST,TROWBRIDGE MINOR INJURIES UNIT,0,1340,0,4,0,0,0.9970149253731343,
2026-03-01,K6K0R,NHS ENGLAND LONDON,HAROLD WOOD POLYCLINIC UTC,0,2878,0,21,0,0,0.9927032661570535,
2026-03-01,L83087,NHS ENGLAND SOUTH WEST,OKEHAMPTON MEDICAL CENTRE,0,86,0,0,0,0,1.0,
2026-03-01,NDJ,NHS ENGLAND SOUTH EAST,FIRST COMMUNITY HEALTH AND CARE CIC,0,2366,0,25,0,0,0.9894336432797971,
2026-03-01,NL7,NHS ENGLAND MIDLANDS,ASSURA VERTIS URGENT CARE CENTRES (BIRMINGHAM),0,3415,0,0,0,0,1.0,
2026-03-01,NLX,NHS ENGLAND SOUTH WEST,SIRONA CARE & HEALTH,0,9046,0,300,0,0,0.9668361706831748,
2026-03-01,NNF09,NHS ENGLAND NORTH EAST AND YORKSHIRE,BRANSHOLME HEALTH CENTRE,0,3817,0,299,0,0,0.9216662300235787,
2026-03-01,NNF16,NHS ENGLAND NORTH EAST AND YORKSHIRE,BRIDLINGTON HOSPITAL,0,1610,0,26,0,0,0.9838509316770186,
2026-03-01,NNF94,NHS ENGLAND NORTH EAST AND YORKSHIRE,EAST RIDING COMMUNITY HOSPITAL,0,2708,0,127,0,0,0.9531019202363368,
2026-03-01,NNFA7,NHS ENGLAND NORTH EAST AND YORKSHIRE,GOOLE & DISTRICT HOSPITAL,0,1665,0,34,0,0,0.9795795795795795,
2026-03-01,NNJ,NHS ENGLAND MIDLANDS,DHU HEALTH CARE C.I.C,0,1999,0,0,0,0,1.0,
2026-03-01,NNJ07,NHS ENGLAND MIDLANDS,LOUGHBOROUGH URGENT CARE CENTRE,0,5538,0,38,0,0,0.9931383170819791,
2026-03-01,NNJ0H,NHS ENGLAND MIDLANDS,LLR EA - THE MERLYN VAZ HEALTH & SOCIAL CARE CENTRE,0,171,0,0,0,0,1.0,
2026-03-01,NNJ10,NHS ENGLAND MIDLANDS,ENDERBY LEISURE CENTRE,0,57,0,0,0,0,1.0,
2026-03-01,NNJ11,NHS ENGLAND MIDLANDS,LUTTERWORTH HOSPITAL,0,38,0,0,0,0,1.0,
2026-03-01,NNJ12,NHS ENGLAND MIDLANDS,MARKET HARBOROUGH,0,105,0,0,0,0,1.0,
2026-03-01,NNJ13,NHS ENGLAND MIDLANDS,MELTON MOWBRAY,0,52,0,0,0,0,1.0,
2026-03-01,NNJ14,NHS ENGLAND MIDLANDS,OADBY,0,540,0,2,0,0,0.9962962962962963,
2026-03-01,NNJ15,NHS ENGLAND MIDLANDS,OAKHAM,0,294,0,0,0,0,1.0,
2026-03-01,NQT1I,NHS ENGLAND SOUTH WEST,CHIPPENHAM COMMUNITY HOSPITAL,0,1657,0,25,0,0,0.9849124924562462,
2026-03-01,NQT5F,NHS ENGLAND NORTH WEST,SKELMERSDALE WALK IN CENTRE,0,1696,0,16,0,0,0.9905660377358491,
2026-03-01,NQT5H,NHS ENGLAND SOUTH WEST,PAULTON MEMORIAL HOSPITAL,0,1400,0,9,0,0,0.9935714285714285,
2026-03-01,NQTE4,NHS ENGLAND MIDLANDS,SUMMERFIELD URGENT CARE CENTRE,0,3046,0,0,0,0,1.0,
2026-03-01,NTP11,NHS ENGLAND SOUTH EAST,PRACTICE PLUS GROUP HOSPITAL - SOUTHAMPTON,0,5451,0,77,0,0,0.985874151531829,
2026-03-01,NTPAD,NHS ENGLAND SOUTH EAST,PRACTICE PLUS GROUP SURGICAL CENTRE - ST MARYS PORTSMOUTH,0,5461,0,121,0,0,0.97784288591833,
2026-03-01,NTV0B,NHS ENGLAND SOUTH EAST,ASHFORD WALK-IN-CENTRE,0,2545,0,46,0,0,0.9819253438113948,
2026-03-01,NTV0W,NHS ENGLAND SOUTH EAST,WOKING WALK IN CENTRE,0,2883,0,28,0,0,0.9902878945542837,
2026-03-01,NV693,NHS ENGLAND NORTH WEST,ROSSENDALE MIU & OOH,0,951,0,0,0,0,1.0,
2026-03-01,NVE43,NHS ENGLAND SOUTH EAST,HASTINGS GP LED HEALTH CENTRE,0,1070,0,0,0,0,1.0,
2026-03-01,R0A,NHS ENGLAND NORTH WEST,MANCHESTER UNIVERSITY NHS FOUNDATION TRUST,26982,41924,9057,9425,2943,53,0.7751884362179181,0.664331776740049
2026-03-01,R0B,NHS ENGLAND NORTH EAST AND YORKSHIRE,SOUTH TYNESIDE AND SUNDERLAND NHS FOUNDATION TRUST,11540,18922,4059,4212,174,0,0.7774019659655428,0.648266897746967
2026-03-01,R0D,NHS ENGLAND SOUTH WEST,UNIVERSITY HOSPITALS DORSET NHS FOUNDATION TRUST,15604,19798,6397,6397,923,501,0.6768865541973936,0.5900410151243272
2026-03-01,R1D,NHS ENGLAND MIDLANDS,SHROPSHIRE COMMUNITY HEALTH NHS TRUST,0,3203,0,12,0,0,0.9962535123321886,
2026-03-01,R1F,NHS ENGLAND SOUTH EAST,ISLE OF WIGHT NHS TRUST,4228,6141,1327,1417,270,196,0.7692558215274385,0.6861400189214759
2026-03-01,R1H,NHS ENGLAND LONDON,BARTS HEALTH NHS TRUST,26064,45558,10076,11001,1010,1207,0.7585275912024233,0.6134131368937998
2026-03-01,R1K,NHS ENGLAND LONDON,LONDON NORTH WEST UNIVERSITY HEALTHCARE NHS TRUST,13819,29625,4596,4678,525,408,0.8420928270042194,0.6674144294087849
2026-03-01,RA2,NHS ENGLAND SOUTH EAST,ROYAL SURREY NHS FOUNDATION TRUST,7269,9504,2396,2397,510,15,0.747790404040404,0.670381070298528
2026-03-01,RA7,NHS ENGLAND SOUTH WEST,UNIVERSITY HOSPITALS BRISTOL AND WESTON NHS FOUNDATION TRUST,16839,19464,6340,6586,1198,529,0.6616317303740238,0.6234930815369084
2026-03-01,RA9,NHS ENGLAND SOUTH WEST,TORBAY AND SOUTH DEVON NHS FOUNDATION TRUST,6842,10070,3404,3406,150,66,0.661767626613704,0.5024846536100556
2026-03-01,RAE,NHS ENGLAND NORTH EAST AND YORKSHIRE,BRADFORD TEACHING HOSPITALS NHS FOUNDATION TRUST,9453,13766,2348,2349,643,85,0.829362196716548,0.7516132444726542
2026-03-01,RAJ,NHS ENGLAND EAST OF ENGLAND,MID AND SOUTH ESSEX NHS FOUNDATION TRUST,28522,36937,11459,11802,2337,793,0.6804829845412459,0.5982399551223616
2026-03-01,RAL,NHS ENGLAND LONDON,ROYAL FREE LONDON NHS FOUNDATION TRUST,27033,44223,7828,8568,912,1771,0.8062546638626958,0.7104279954130137
2026-03-01,RAN,NHS ENGLAND LONDON,ROYAL NATIONAL ORTHOPAEDIC HOSPITAL NHS TRUST,0,0,0,0,0,0,,
2026-03-01,RAS,NHS ENGLAND LONDON,THE HILLINGDON HOSPITALS NHS FOUNDATION TRUST,5375,12287,2277,2359,393,14,0.8080084642304874,0.5763720930232559
2026-03-01,RAT,NHS ENGLAND LONDON,NORTH EAST LONDON NHS FOUNDATION TRUST,0,1896,0,55,0,0,0.9709915611814346,
2026-03-01,RAX,NHS ENGLAND LONDON,KINGSTON AND RICHMOND NHS FOUNDATION TRUST,7582,16099,3296,3533,373,310,0.7805453754891608,0.5652862041677658
2026-03-01,RBD,NHS ENGLAND SOUTH WEST,DORSET COUNTY HOSPITAL NHS FOUNDATION TRUST,4613,4613,1791,1791,209,92,0.6117494038586604,0.6117494038586604
2026-03-01,RBK,NHS ENGLAND MIDLANDS,WALSALL HEALTHCARE NHS TRUST,9801,14277,1828,1919,720,106,0.8655880086852981,0.8134884195490256
2026-03-01,RBL,NHS ENGLAND NORTH WEST,WIRRAL UNIVERSITY TEACHING HOSPITAL NHS FOUNDATION TRUST,8469,11406,4382,4457,534,626,0.6092407504822024,0.4825835399692998
2026-03-01,RBN,NHS ENGLAND NORTH WEST,MERSEY AND WEST LANCASHIRE TEACHING HOSPITALS NHS TRUST,18055,25457,6407,6455,459,514,0.7464351651805005,0.6451398504569371
2026-03-01,RBQ,NHS ENGLAND NORTH WEST,LIVERPOOL HEART AND CHEST HOSPITAL NHS FOUNDATION TRUST,0,0,0,0,0,0,,
2026-03-01,RBS,NHS ENGLAND NORTH WEST,ALDER HEY CHILDREN'S NHS FOUNDATION TRUST,6640,6640,1097,1097,0,0,0.834789156626506,0.834789156626506
2026-03-01,RBT,NHS ENGLAND NORTH WEST,MID CHESHIRE HOSPITALS NHS FOUNDATION TRUST,7509,10728,3946,3954,402,665,0.6314317673378076,0.47449726994273533
2026-03-01,RBV,NHS ENGLAND NORTH WEST,THE CHRISTIE NHS FOUNDATION TRUST,0,0,0,0,0,0,,
2026-03-01,RC9,NHS ENGLAND EAST OF ENGLAND,BEDFORDSHIRE HOSPITALS NHS FOUNDATION TRUST,17712,27101,5426,5426,80,15,0.7997859857569831,0.6936540198735321
2026-03-01,RCB,NHS ENGLAND NORTH EAST AND YORKSHIRE,YORK AND SCARBOROUGH TEACHING HOSPITALS NHS FOUNDATION TRUST,12231,19818,5296,5752,693,237,0.7097588051266526,0.5670018804676642
2026-03-01,RCD,NHS ENGLAND NORTH EAST AND YORKSHIRE,HARROGATE AND DISTRICT NHS FOUNDATION TRUST,5284,6875,1454,1460,288,10,0.7876363636363637,0.7248296744890235
2026-03-01,RCF,NHS ENGLAND NORTH EAST AND YORKSHIRE,AIREDALE NHS FOUNDATION TRUST,5874,6117,2060,2060,413,428,0.6632336112473435,0.6493020088525707
2026-03-01,RCU,NHS ENGLAND NORTH EAST AND YORKSHIRE,SHEFFIELD CHILDREN'S NHS FOUNDATION TRUST,4720,5255,102,103,8,0,0.9803996194100857,0.9783898305084746
2026-03-01,RCX,NHS ENGLAND EAST OF ENGLAND,"THE QUEEN ELIZABETH HOSPITAL, KING'S LYNN, NHS FOUNDATION TRUST",7041,9086,2973,2973,166,108,0.6727933083865287,0.5777588410737111
2026-03-01,RD1,NHS ENGLAND SOUTH WEST,ROYAL UNITED HOSPITALS BATH NHS FOUNDATION TRUST,9444,9444,3528,3528,943,85,0.6264294790343075,0.6264294790343075
2026-03-01,RD8,NHS ENGLAND EAST OF ENGLAND,MILTON KEYNES UNIVERSITY HOSPITAL NHS FOUNDATION TRUST,8309,13815,2730,2823,603,0,0.795656894679696,0.6714406065711879
2026-03-01,RDE,NHS ENGLAND EAST OF ENGLAND,EAST SUFFOLK AND NORTH ESSEX NHS FOUNDATION TRUST,11646,25184,5020,5864,883,548,0.7671537484116899,0.5689507126910527
2026-03-01,RDR,NHS ENGLAND SOUTH EAST,SUSSEX COMMUNITY NHS FOUNDATION TRUST,0,11899,0,238,0,0,0.9799983191864863,
2026-03-01,RDU,NHS ENGLAND SOUTH EAST,FRIMLEY HEALTH NHS FOUNDATION TRUST,23737,36352,7555,7799,1066,637,0.7854588468309859,0.6817205207060707
2026-03-01,RDY,NHS ENGLAND SOUTH WEST,DORSET HEALTHCARE UNIVERSITY NHS FOUNDATION TRUST,0,0,0,0,0,0,,
2026-03-01,REF,NHS ENGLAND SOUTH WEST,ROYAL CORNWALL HOSPITALS NHS TRUST,6938,19564,3391,3992,518,467,0.7959517481087712,0.5112424329778034
2026-03-01,REM,NHS ENGLAND NORTH WEST,LIVERPOOL UNIVERSITY HOSPITALS NHS FOUNDATION TRUST,16352,26731,7492,7953,923,1124,0.7024802663574128,0.5418297455968688
2026-03-01,REP,NHS ENGLAND NORTH WEST,LIVERPOOL WOMEN'S NHS FOUNDATION TRUST,0,1589,0,201,0,0,0.8735053492762743,
2026-03-01,RET,NHS ENGLAND NORTH WEST,THE WALTON CENTRE NHS FOUNDATION TRUST,0,0,0,0,0,0,,
2026-03-01,RF4,NHS ENGLAND LONDON,"BARKING, HAVERING AND REDBRIDGE UNIVERSITY HOSPITALS NHS TRUST",13844,31214,6100,6766,609,608,0.7832382905106683,0.5593759029182317
2026-03-01,RFF,NHS ENGLAND NORTH EAST AND YORKSHIRE,BARNSLEY HOSPITAL NHS FOUNDATION TRUST,9452,9452,1843,1843,283,0,0.8050148116800677,0.8050148116800677
2026-03-01,RFR,NHS ENGLAND NORTH EAST AND YORKSHIRE,THE ROTHERHAM NHS FOUNDATION TRUST,9778,9778,3026,3026,741,40,0.6905297606872571,0.6905297606872571
2026-03-01,RFS,NHS ENGLAND MIDLANDS,CHESTERFIELD ROYAL HOSPITAL NHS FOUNDATION TRUST,7179,12851,3234,3318,534,82,0.7418099758773636,0.5495194316757208
2026-03-01,RGN,NHS ENGLAND EAST OF ENGLAND,NORTH WEST ANGLIA NHS FOUNDATION TRUST,15848,20965,5755,5935,403,945,0.7169091342714047,0.6368626956082786
2026-03-01,RGP,NHS ENGLAND EAST OF ENGLAND,JAMES PAGET UNIVERSITY HOSPITALS NHS FOUNDATION TRUST,7717,9372,2678,2678,479,427,0.7142552283397354,0.6529739536089154
2026-03-01,RGR,NHS ENGLAND EAST OF ENGLAND,WEST SUFFOLK NHS FOUNDATION TRUST,8114,9182,2011,2011,470,329,0.7809845349597038,0.7521567660833128
2026-03-01,RGT,NHS ENGLAND EAST OF ENGLAND,CAMBRIDGE UNIVERSITY HOSPITALS NHS FOUNDATION TRUST,11693,17345,4906,5017,558,404,0.710752378206976,0.5804327375352776
2026-03-01,RH5,NHS ENGLAND SOUTH WEST,SOMERSET NHS FOUNDATION TRUST,12117,22545,5807,6127,372,73,0.7282324240408073,0.5207559626970373
2026-03-01,RH8,NHS ENGLAND SOUTH WEST,ROYAL DEVON UNIVERSITY HEALTHCARE NHS FOUNDATION TRUST,13587,17951,5264,5273,860,172,0.7062559188903126,0.6125708397733127
2026-03-01,RHM,NHS ENGLAND SOUTH EAST,UNIVERSITY HOSPITAL SOUTHAMPTON NHS FOUNDATION TRUST,12105,13305,3601,3661,455,11,0.7248402856069147,0.702519619991739
2026-03-01,RHQ,NHS ENGLAND NORTH EAST AND YORKSHIRE,SHEFFIELD TEACHING HOSPITALS NHS FOUNDATION TRUST,8916,17962,4221,4523,895,10,0.7481906246520432,0.5265814266487214
2026-03-01,RHU,NHS ENGLAND SOUTH EAST,PORTSMOUTH HOSPITALS UNIVERSITY NHS TRUST,11058,15756,3736,3754,954,901,0.7617415587712617,0.662145053355037
2026-03-01,RHW,NHS ENGLAND SOUTH EAST,ROYAL BERKSHIRE NHS FOUNDATION TRUST,11568,17323,3906,3937,392,28,0.7727298966691681,0.6623443983402489
2026-03-01,RJ1,NHS ENGLAND LONDON,GUY'S AND ST THOMAS' NHS FOUNDATION TRUST,10703,17742,4286,4544,137,69,0.7438845676924811,0.5995515276090816
2026-03-01,RJ2,NHS ENGLAND LONDON,LEWISHAM AND GREENWICH NHS TRUST,16974,34359,8228,8548,1057,487,0.7512151110334992,0.515258630847178
2026-03-01,RJ6,NHS ENGLAND LONDON,CROYDON HEALTH SERVICES NHS TRUST,13405,18627,3841,3841,292,678,0.7937939550115424,0.7134651249533757
2026-03-01,RJ7,NHS ENGLAND LONDON,ST GEORGE'S UNIVERSITY HOSPITALS NHS FOUNDATION TRUST,8727,12964,2697,2842,474,476,0.7807775377969762,0.6909590924716398
2026-03-01,RJ8,NHS ENGLAND SOUTH WEST,CORNWALL PARTNERSHIP NHS FOUNDATION TRUST,0,0,0,0,0,0,,
2026-03-01,RJC,NHS ENGLAND MIDLANDS,SOUTH WARWICKSHIRE UNIVERSITY NHS FOUNDATION TRUST,8644,9082,1808,1808,423,132,0.8009249064082802,0.7908375751966682
2026-03-01,RJE,NHS ENGLAND MIDLANDS,UNIVERSITY HOSPITALS OF NORTH MIDLANDS NHS TRUST,15324,24447,8188,8306,1208,820,0.6602446107906901,0.4656747585486818
2026-03-01,RJL,NHS ENGLAND NORTH EAST AND YORKSHIRE,NORTHERN LINCOLNSHIRE AND GOOLE NHS FOUNDATION TRUST,10855,17501,4901,4975,734,715,0.7157305296840181,0.5485029940119761
2026-03-01,RJN,NHS ENGLAND NORTH WEST,EAST CHESHIRE NHS TRUST,4365,4365,2215,2215,246,388,0.4925544100801833,0.4925544100801833
2026-03-01,RJR,NHS ENGLAND NORTH WEST,COUNTESS OF CHESTER HOSPITAL NHS FOUNDATION TRUST,5416,8089,2759,3156,288,778,0.609840524168624,0.49058345642540624
2026-03-01,RJZ,NHS ENGLAND LONDON,KING'S COLLEGE HOSPITAL NHS FOUNDATION TRUST,16182,26112,6440,7415,1505,661,0.716030943627451,0.6020269435174885
2026-03-01,RK5,NHS ENGLAND MIDLANDS,SHERWOOD FOREST HOSPITALS NHS FOUNDATION TRUST,11782,17567,3548,3943,728,277,0.7755450560710423,0.6988626718723476
2026-03-01,RK9,NHS ENGLAND SOUTH WEST,UNIVERSITY HOSPITALS PLYMOUTH NHS TRUST,9053,17576,5663,5803,693,352,0.6698338643604915,0.3744615044736551
2026-03-01,RKB,NHS ENGLAND MIDLANDS,UNIVERSITY HOSPITALS COVENTRY AND WARWICKSHIRE NHS TRUST,13287,22376,5023,5295,49,11,0.763362531283518,0.6219613155716113
2026-03-01,RKE,NHS ENGLAND LONDON,WHITTINGTON HEALTH NHS TRUST,9319,9319,2376,2376,280,237,0.7450370211396072,0.7450370211396072
2026-03-01,RL1,NHS ENGLAND MIDLANDS,THE ROBERT JONES AND AGNES HUNT ORTHOPAEDIC HOSPITAL NHS FOUNDATION TRUST,0,0,0,0,0,0,,
2026-03-01,RL4,NHS ENGLAND MIDLANDS,THE ROYAL WOLVERHAMPTON NHS TRUST,11409,20500,4000,4297,829,604,0.7903902439024391,0.6493995968095363
2026-03-01,RLQ,NHS ENGLAND MIDLANDS,WYE VALLEY NHS TRUST,6134,7326,2679,2679,497,234,0.6343161343161343,0.5632539941310727
2026-03-01,RLT,NHS ENGLAND MIDLANDS,GEORGE ELIOT HOSPITAL NHS TRUST,7478,9245,834,836,159,92,0.909572742022715,0.888472853704199
2026-03-01,RM1,NHS ENGLAND EAST OF ENGLAND,NORFOLK AND NORWICH UNIVERSITY HOSPITALS NHS FOUNDATION TRUST,13490,21363,3626,3637,603,261,0.8297523756026776,0.7312083024462566
2026-03-01,RM3,NHS ENGLAND NORTH WEST,NORTHERN CARE ALLIANCE NHS FOUNDATION TRUST,27062,36311,9404,9583,932,1124,0.7360854837377103,0.6525016628482743
2026-03-01,RMC,NHS ENGLAND NORTH WEST,BOLTON NHS FOUNDATION TRUST,8619,12180,3753,3884,581,374,0.6811165845648604,0.5645666550643926
2026-03-01,RMP,NHS ENGLAND NORTH WEST,TAMESIDE AND GLOSSOP INTEGRATED CARE NHS FOUNDATION TRUST,8602,11296,3606,3708,400,269,0.671742209631728,0.5807951639153686
2026-03-01,RN3,NHS ENGLAND SOUTH WEST,GREAT WESTERN HOSPITALS NHS FOUNDATION TRUST,6241,12222,3250,3803,539,436,0.6888397970872198,0.47925012017304924
2026-03-01,RN5,NHS ENGLAND SOUTH EAST,HAMPSHIRE HOSPITALS NHS FOUNDATION TRUST,10649,15212,5251,5691,126,13,0.6258874572705759,0.5069020565311297
2026-03-01,RN7,NHS ENGLAND SOUTH EAST,DARTFORD AND GRAVESHAM NHS TRUST,12229,16297,2966,2970,567,497,0.8177578695465423,0.7574617711996074
2026-03-01,RNA,NHS ENGLAND MIDLANDS,THE DUDLEY GROUP NHS FOUNDATION TRUST,10359,14613,2064,2223,957,40,0.8478751796345719,0.8007529684332464
2026-03-01,RNN,NHS ENGLAND NORTH EAST AND YORKSHIRE,NORTH CUMBRIA INTEGRATED CARE NHS FOUNDATION TRUST,9401,11161,4075,4172,563,346,0.6261983693217454,0.5665354749494735
2026-03-01,RNQ,NHS ENGLAND MIDLANDS,KETTERING GENERAL HOSPITAL NHS FOUNDATION TRUST,11623,21057,4163,4170,649,560,0.8019660920359025,0.6418308526198055
2026-03-01,RNS,NHS ENGLAND MIDLANDS,NORTHAMPTON GENERAL HOSPITAL NHS TRUST,11112,13882,3453,3468,430,767,0.7501800893243049,0.6892548596112311
2026-03-01,RNU,NHS ENGLAND SOUTH EAST,OXFORD HEALTH NHS FOUNDATION TRUST,0,4189,0,184,0,0,0.9560754356648364,
2026-03-01,RNZ,NHS ENGLAND SOUTH WEST,SALISBURY NHS FOUNDATION TRUST,4875,7322,2214,2214,417,147,0.6976236001092597,0.5458461538461539
2026-03-01,RP5,NHS ENGLAND NORTH EAST AND YORKSHIRE,DONCASTER AND BASSETLAW TEACHING HOSPITALS NHS FOUNDATION TRUST,14337,18713,4214,4219,1010,95,0.774541762411158,0.7060751900676572
2026-03-01,RP6,NHS ENGLAND LONDON,MOORFIELDS EYE HOSPITAL NHS FOUNDATION TRUST,0,6316,0,158,0,0,0.9749841671944268,
2026-03-01,RPA,NHS ENGLAND SOUTH EAST,MEDWAY NHS FOUNDATION TRUST,9858,16342,3038,4129,335,671,0.7473381471056174,0.6918238993710693
2026-03-01,RPC,NHS ENGLAND SOUTH EAST,QUEEN VICTORIA HOSPITAL NHS FOUNDATION TRUST,0,1372,0,18,0,0,0.9868804664723032,
2026-03-01,RQ3,NHS ENGLAND MIDLANDS,BIRMINGHAM WOMEN'S AND CHILDREN'S NHS FOUNDATION TRUST,5150,5150,1206,1206,29,2,0.7658252427184467,0.7658252427184467
2026-03-01,RQM,NHS ENGLAND LONDON,CHELSEA AND WESTMINSTER HOSPITAL NHS FOUNDATION TRUST,20446,27287,5552,5862,753,45,0.7851724264301683,0.7284554436075517
2026-03-01,RQW,NHS ENGLAND EAST OF ENGLAND,THE PRINCESS ALEXANDRA HOSPITAL NHS TRUST,8912,11142,2370,2370,477,177,0.7872913301023156,0.7340664272890485
2026-03-01,RQX,NHS ENGLAND LONDON,HOMERTON HEALTHCARE NHS FOUNDATION TRUST,11459,11459,1708,1708,200,22,0.8509468540012217,0.8509468540012217
2026-03-01,RR7,NHS ENGLAND NORTH EAST AND YORKSHIRE,GATESHEAD HEALTH NHS FOUNDATION TRUST,6012,10705,2609,2665,776,2,0.7510509107893508,0.5660345974717232
2026-03-01,RR8,NHS ENGLAND NORTH EAST AND YORKSHIRE,LEEDS TEACHING HOSPITALS NHS TRUST,18894,30898,6521,6702,1518,564,0.7830927568127387,0.6548639779824283
2026-03-01,RRF,NHS ENGLAND NORTH WEST,"WRIGHTINGTON, WIGAN AND LEIGH TEACHING HOSPITALS NHS FOUNDATION TRUST",6876,13504,2920,2964,551,407,0.7805094786729858,0.5753344968004654
2026-03-01,RRK,NHS ENGLAND MIDLANDS,UNIVERSITY HOSPITALS BIRMINGHAM NHS FOUNDATION TRUST,34602,38228,13660,13685,2883,1511,0.642016323113948,0.6052251314952892
2026-03-01,RRV,NHS ENGLAND LONDON,UNIVERSITY COLLEGE LONDON HOSPITALS NHS FOUNDATION TRUST,13996,13996,2783,2783,299,66,0.8011574735638753,0.8011574735638753
2026-03-01,RTD,NHS ENGLAND NORTH EAST AND YORKSHIRE,THE NEWCASTLE UPON TYNE HOSPITALS NHS FOUNDATION TRUST,11211,22690,4662,4870,293,11,0.7853680035257823,0.5841584158415842
2026-03-01,RTE,NHS ENGLAND SOUTH WEST,GLOUCESTERSHIRE HOSPITALS NHS FOUNDATION TRUST,14347,14347,5083,5083,282,489,0.6457099045096536,0.6457099045096536
2026-03-01,RTF,NHS ENGLAND NORTH EAST AND YORKSHIRE,NORTHUMBRIA HEALTHCARE NHS FOUNDATION TRUST,11038,25283,2238,2239,12,0,0.9114424712257247,0.7972458778764269
2026-03-01,RTG,NHS ENGLAND MIDLANDS,UNIVERSITY HOSPITALS OF DERBY AND BURTON NHS FOUNDATION TRUST,21011,30866,9178,9181,1225,455,0.702552970906499,0.5631811908048165
2026-03-01,RTH,NHS ENGLAND SOUTH EAST,OXFORD UNIVERSITY HOSPITALS NHS FOUNDATION TRUST,12638,17699,3523,3566,341,5,0.7985196903779874,0.7212375375850609
2026-03-01,RTK,NHS ENGLAND SOUTH EAST,ASHFORD AND ST PETER'S HOSPITALS NHS FOUNDATION TRUST,7809,10646,3374,3402,569,311,0.6804433590080782,0.5679344346267128
2026-03-01,RTP,NHS ENGLAND SOUTH EAST,SURREY AND SUSSEX HEALTHCARE NHS TRUST,10583,10583,4778,4778,597,724,0.5485212132665596,0.5485212132665596
2026-03-01,RTQ,NHS ENGLAND SOUTH WEST,GLOUCESTERSHIRE HEALTH AND CARE NHS FOUNDATION TRUST,0,8390,0,223,0,0,0.9734207389749702,
2026-03-01,RTR,NHS ENGLAND NORTH EAST AND YORKSHIRE,SOUTH TEES HOSPITALS NHS FOUNDATION TRUST,7762,17714,3524,3938,305,6,0.7776899627413345,0.545993300695697
2026-03-01,RTX,NHS ENGLAND NORTH WEST,UNIVERSITY HOSPITALS OF MORECAMBE BAY NHS FOUNDATION TRUST,8736,11414,3810,3930,590,654,0.6556859996495532,0.5638736263736264
2026-03-01,RV9,NHS ENGLAND NORTH EAST AND YORKSHIRE,HUMBER TEACHING NHS FOUNDATION TRUST,0,1229,0,5,0,0,0.9959316517493898,
2026-03-01,RVJ,NHS ENGLAND SOUTH WEST,NORTH BRISTOL NHS TRUST,9545,9545,3386,3386,363,576,0.6452592980618125,0.6452592980618125
2026-03-01,RVR,NHS ENGLAND LONDON,EPSOM AND ST HELIER UNIVERSITY HOSPITALS NHS TRUST,11779,14046,3299,3499,602,764,0.7508899330770327,0.7199252907717124
2026-03-01,RVV,NHS ENGLAND SOUTH EAST,EAST KENT HOSPITALS UNIVERSITY NHS FOUNDATION TRUST,15073,28333,6439,7275,622,1037,0.7432322733208626,0.5728123134080807
2026-03-01,RVW,NHS ENGLAND NORTH EAST AND YORKSHIRE,NORTH TEES AND HARTLEPOOL NHS FOUNDATION TRUST,5064,17130,2339,2365,100,1,0.8619381202568593,0.5381121642969984
2026-03-01,RW1,NHS ENGLAND SOUTH EAST,HAMPSHIRE AND ISLE OF WIGHT HEALTHCARE NHS FOUNDATION TRUST,0,3154,0,22,0,0,0.9930247305009512,
2026-03-01,RW4,NHS ENGLAND NORTH WEST,MERSEY CARE NHS FOUNDATION TRUST,0,14145,0,495,0,0,0.9650053022269354,
2026-03-01,RWA,NHS ENGLAND NORTH EAST AND YORKSHIRE,HULL UNIVERSITY TEACHING HOSPITALS NHS TRUST,10114,14511,4985,5221,1054,375,0.6402039831851698,0.5071188451651176
2026-03-01,RWD,NHS ENGLAND MIDLANDS,UNITED LINCOLNSHIRE TEACHING HOSPITALS NHS TRUST,18625,23535,5727,5985,757,1132,0.745697896749522,0.692510067114094
2026-03-01,RWE,NHS ENGLAND MIDLANDS,UNIVERSITY HOSPITALS OF LEICESTER NHS TRUST,23461,25557,8490,8582,1325,592,0.6642015886058614,0.6381228421635907
2026-03-01,RWF,NHS ENGLAND SOUTH EAST,MAIDSTONE AND TUNBRIDGE WELLS NHS TRUST,19931,21940,4411,4419,906,131,0.7985870556061987,0.7786864683156891
2026-03-01,RWG,NHS ENGLAND EAST OF ENGLAND,WEST HERTFORDSHIRE TEACHING HOSPITALS NHS TRUST,8750,16710,1584,1690,656,33,0.8988629563135847,0.8189714285714286
2026-03-01,RWH,NHS ENGLAND EAST OF ENGLAND,EAST AND NORTH HERTFORDSHIRE TEACHING NHS TRUST,9208,18276,4522,4619,305,65,0.7472641715911579,0.508905299739357
2026-03-01,RWJ,NHS ENGLAND NORTH WEST,STOCKPORT NHS FOUNDATION TRUST,8104,9085,3102,3160,592,258,0.6521739130434783,0.6172260612043435
2026-03-01,RWP,NHS ENGLAND MIDLANDS,WORCESTERSHIRE ACUTE HOSPITALS NHS TRUST,14334,20497,5805,5852,841,835,0.7144948041176757,0.5950188363331939
2026-03-01,RWW,NHS ENGLAND NORTH WEST,WARRINGTON AND HALTON TEACHING HOSPITALS NHS FOUNDATION TRUST,7065,10000,3412,3434,470,909,0.6566000000000001,0.5170559094125973
2026-03-01,RWX,NHS ENGLAND SOUTH EAST,BERKSHIRE HEALTHCARE NHS FOUNDATION TRUST,0,1461,0,14,0,0,0.9904175222450377,
2026-03-01,RWY,NHS ENGLAND NORTH EAST AND YORKSHIRE,CALDERDALE AND HUDDERSFIELD NHS FOUNDATION TRUST,16023,16023,1957,1957,808,34,0.8778630718342383,0.8778630718342383
2026-03-01,RX1,NHS ENGLAND MIDLANDS,NOTTINGHAM UNIVERSITY HOSPITALS NHS TRUST,13228,25081,7322,8692,114,1200,0.6534428451816116,0.44647716964015727
2026-03-01,RXC,NHS ENGLAND SOUTH EAST,EAST SUSSEX HEALTHCARE NHS TRUST,9990,12162,3511,3541,212,58,0.7088472290741654,0.6485485485485485
2026-03-01,RXF,NHS ENGLAND NORTH EAST AND YORKSHIRE,MID YORKSHIRE TEACHING NHS TRUST,16635,23613,5940,6118,2085,308,0.7409054334476771,0.6429215509467989
2026-03-01,RXG,NHS ENGLAND NORTH EAST AND YORKSHIRE,SOUTH WEST YORKSHIRE PARTNERSHIP NHS FOUNDATION TRUST,0,0,0,0,0,0,,
2026-03-01,RXK,NHS ENGLAND MIDLANDS,SANDWELL AND WEST BIRMINGHAM HOSPITALS NHS TRUST,11478,21045,4899,5101,678,612,0.7576146353052982,0.5731834814427601
2026-03-01,RXL,NHS ENGLAND NORTH WEST,BLACKPOOL TEACHING HOSPITALS NHS FOUNDATION TRUST,8417,18658,3022,3262,518,261,0.8251688283846071,0.6409647142687418
2026-03-01,RXN,NHS ENGLAND NORTH WEST,LANCASHIRE TEACHING HOSPITALS NHS FOUNDATION TRUST,12102,15400,4107,4317,1053,368,0.7196753246753247,0.6606346058502727
2026-03-01,RXP,NHS ENGLAND NORTH EAST AND YORKSHIRE,COUNTY DURHAM AND DARLINGTON NHS FOUNDATION TRUST,13246,17180,5130,5130,1518,10,0.7013969732246799,0.612713271931149
2026-03-01,RXQ,NHS ENGLAND SOUTH EAST,BUCKINGHAMSHIRE HEALTHCARE NHS TRUST,9559,13894,2991,3020,259,249,0.7826399884842378,0.6871011612093315
2026-03-01,RXR,NHS ENGLAND NORTH WEST,EAST LANCASHIRE HOSPITALS NHS TRUST,13923,25345,4268,4732,529,977,0.8132965081870192,0.6934568699274581
2026-03-01,RXW,NHS ENGLAND MIDLANDS,THE SHREWSBURY AND TELFORD HOSPITAL NHS TRUST,11446,14083,6281,6651,742,1173,0.5277284669459632,0.4512493447492574
2026-03-01,RY2,NHS ENGLAND NORTH WEST,BRIDGEWATER COMMUNITY HEALTHCARE NHS FOUNDATION TRUST,0,3320,0,64,0,0,0.980722891566265,
2026-03-01,RY4,NHS ENGLAND EAST OF ENGLAND,HERTFORDSHIRE COMMUNITY NHS TRUST,0,1223,0,38,0,0,0.9689288634505315,
2026-03-01,RY5,NHS ENGLAND MIDLANDS,LINCOLNSHIRE COMMUNITY HEALTH SERVICES NHS TRUST,0,8730,0,156,0,0,0.9821305841924398,
2026-03-01,RY7,NHS ENGLAND NORTH WEST,WIRRAL COMMUNITY HEALTH AND CARE NHS FOUNDATION TRUST,0,3798,0,154,0,0,0.9594523433385993,
2026-03-01,RY8,NHS ENGLAND MIDLANDS,DERBYSHIRE COMMUNITY HEALTH SERVICES NHS FOUNDATION TRUST,0,7724,0,491,0,0,0.9364319005696531,
2026-03-01,RYF,NHS ENGLAND SOUTH WEST,SOUTH WESTERN AMBULANCE SERVICE NHS FOUNDATION TRUST,0,2158,0,38,0,0,0.9823911028730306,
2026-03-01,RYG,NHS ENGLAND MIDLANDS,COVENTRY AND WARWICKSHIRE PARTNERSHIP NHS TRUST,0,0,0,0,0,0,,
2026-03-01,RYJ,NHS ENGLAND LONDON,IMPERIAL COLLEGE HEALTHCARE NHS TRUST,12422,23209,4438,4735,580,0,0.7959843164289715,0.6427306391885365
2026-03-01,RYR,NHS ENGLAND SOUTH EAST,UNIVERSITY HOSPITALS SUSSEX NHS FOUNDATION TRUST,27989,31503,11131,11377,834,1005,0.6388597911310034,0.6023080495909108
2026-03-01,RYX,NHS ENGLAND LONDON,CENTRAL LONDON COMMUNITY HEALTHCARE NHS TRUST,0,12658,0,207,0,0,0.9836467056407016,
2026-03-01,RYY,NHS ENGLAND SOUTH EAST,KENT COMMUNITY HEALTH NHS FOUNDATION TRUST,0,7132,0,62,0,0,0.9913067863151991,
2026-03-01,Y02428,NHS ENGLAND EAST OF ENGLAND,PUTNOE WALK IN CENTRE,0,2867,0,0,0,0,1.0,
2026-03-01,Y02532,NHS ENGLAND NORTH WEST,MIRIAM MINOR EMERGENCY,0,1652,0,0,0,0,1.0,
2026-03-01,Y02615,NHS ENGLAND MIDLANDS,SOUTH BIRMINGHAM GP WALK IN CENTRE,0,3836,0,0,0,0,1.0,
2026-03-01,Y02676,NHS ENGLAND SOUTH EAST,BRIGHTON STATION HEALTH CENTRE,0,1827,0,0,0,0,1.0,
2026-03-01,Y03007,NHS ENGLAND MIDLANDS,ERDINGTON GP HEALTH & WELLBEING WIC,0,0,0,0,0,0,,
2026-03-01,Y03218,NHS ENGLAND LONDON,THE PINN UNREGISTERED WIC,0,1094,0,0,0,0,1.0,
